phone_e164,phone_pretty,scam_category,total_hits,pdf_count,transcript_count,likely_admin,first_source,first_context
+18336317911,+1 (833) 631-7911,,26,0,26,no,transcript:audio-wav-16khz/660764_normalized.wav,"s about to come to an end. You can reach us directly to discuss your options at 833-631-7911. Again, that's 833-631-7911. Thank you."
+18333041447,+1 (833) 304-1447,,25,0,25,no,transcript:audio-wav-16khz/560776_normalized.wav,"'s warranty. Once again, press 1 now or press 2 to be placed on the DNC or call 833-304-1447."
+18667581276,+1 (866) 758-1276,,24,0,24,no,transcript:audio-wav-16khz/1134649_normalized.wav,ou return my call prior to when payments resume. If you could please call me at 866-758-1276 to complete your application and finalize your enrollment as soon as possible.
+17244428039,+1 (724) 442-8039,Utility-SupplyCharges,15,1,10,no,pdf:pointofnoentry-bandwidthceasedesistletter.pdf,1)(v) https://portal.tracebacks.org/api/public/at 16 C.F.R. 7/18/2023 7/17/2023 17244428039 Utility-SupplyCharges tachments/1348038 § 310.4(b)(1)(v) https://portal.traceba
+17244428041,+1 (724) 442-8041,Utility-SupplyCharges,11,1,8,no,pdf:pointofnoentry-bandwidthceasedesistletter.pdf,1)(v) https://portal.tracebacks.org/api/public/at 16 C.F.R. 7/18/2023 7/17/2023 17244428041 Utility-SupplyCharges tachments/1348042 § 310.4(b)(1)(v) https://portal.traceba
+13152328257,+1 (315) 232-8257,,8,0,8,no,transcript:audio-wav-16khz/58345_normalized.wav,"in. Or if you wish to contact us later, please call us on our toll-free number, 315-232-8257. Thank you."
+18552284781,+1 (855) 228-4781,,8,0,8,no,transcript:audio-wav-16khz/274452_normalized.wav,"OVID-19 relief payment, and you can reach me at my state assigned phone number, 855-228-4781, and it's my job to make you aware that because you qualified for a relief paym"
+17144064370,+1 (714) 406-4370,,8,0,8,no,transcript:audio-wav-16khz/s6diZGlyXzRiOWRpcjp0b21jYXQ2NDkzOjE2MTkxOTM4NTkxMTRBTZDSgD.gen_DID_Central_Robocall__StudentLoan_-_New_Changes_normalized.wav,"back as soon as possible today, that would be great. My direct phone number is 714-406-4370. Again, that is 714-406-4370. Also, if you could have your reference number rea"
+18448770123,+1 (844) 877-0123,,8,0,8,no,transcript:audio-wav-16khz/274461_normalized.wav,"OVID-19 release payment and you can reach me at my state assigned phone number, 844-877-0123. And it's my job to make you aware that because you qualified for a release pay"
+18447172335,+1 (844) 717-2335,,6,0,6,no,transcript:audio-wav-16khz/s6diZGlyX21qOGRpcjp0b21jYXQ5MDg4OjE2NzE1NjM3MTczMDhTy6fkMg.gen_Telcentris_Robocall__StudentLoan-ProcessingCenter_normalized.wav,eturn my call today to complete your application If you could please call me at 844-717-2335 to complete your application and finalize your enrollment as soon as possible A
+17575985544,+1 (757) 598-5544,Utility-30MinDisconnect,4,1,0,no,pdf:pointofnoentry-bandwidthceasedesistletter.pdf,1)(v) https://portal.tracebacks.org/api/public/at 16 C.F.R. 9/12/2022 9/10/2022 7575985544 Utility-30MinDisconnect tachments/1031590 § 310.4(b)(1)(v) https://portal.trace
+18602646919,+1 (860) 264-6919,,4,1,0,no,pdf:pointofnoentry-bandwidthceasedesistletter.pdf,022 2522282495 Tech Support-Lumen § 310.4(b)(1)(v) 16 C.F.R. 5/5/2022 4/25/2022 8602646919 Amazon-Impers-P2 § 310.4(b)(1)(v) 16 C.F.R. 5/5/2022 3/15/2022 2064159860 Amazo
+18008693557,+1 (800) 869-3557,,4,2,0,no,pdf:pointofnoentry-identidadcease-desistletter.pdf,e/Wireless-Impers chments/1367174 § 310.4(b)(1)(v) 16 C.F.R. 9/1/2023 8/19/2023 18008693557 Financial-Impers-7 § 310.4(b)(1)(v) https://portal.tracebacks.org/api/public/at
+18882071288,+1 (888) 207-1288,Discount-Avail50%,4,2,2,no,pdf:pointofnoentry-peerlessceasedesistletterfinaljms.pdf,b)(1)(v) https://portal2.tracebacks.org/api/public/ 16 C.F.R. 3/5/2021 3/4/2021 8882071288 Discount-Avail50% attachments/64111 310.4(b)(1)(v) https://portal2.tracebacks.o
+18446491413,+1 (844) 649-1413,,4,0,4,no,transcript:audio-wav-16khz/942979_normalized.wav,"s qualified for 50% off. In order to avail the discount, kindly call us back at 844-649-1413 from 8 a.m. to 5 p.m. Pacific Standard Time. Thank you and have a great day."
+18554577745,+1 (855) 457-7745,,4,0,4,no,transcript:audio-wav-16khz/841748_normalized.wav,"s qualified for 50% off. In order to avail the discount, kindly call us back at 855-457-7745 from 8 a.m. till 9 p.m. Pacific Standard Time. Thank you and have a great day."
+17244428043,+1 (724) 442-8043,Utility-SupplyCharges,3,1,2,no,pdf:pointofnoentry-bandwidthceasedesistletter.pdf,1)(v) https://portal.tracebacks.org/api/public/at 16 C.F.R. 7/18/2023 7/17/2023 17244428043 Utility-SupplyCharges tachments/1348032 § 310.4(b)(1)(v) https://portal.traceba
+14408256044,+1 (440) 825-6044,Utility-SupplyCharges,3,1,2,no,pdf:pointofnoentry-bandwidthceasedesistletter.pdf,1)(v) https://portal.tracebacks.org/api/public/at 16 C.F.R. 7/13/2023 7/12/2023 14408256044 Utility-SupplyCharges tachments/1342644 § 310.4(b)(1)(v) 16 C.F.R. 10/12/2022 9
+18053215810,+1 (805) 321-5810,,3,1,0,no,pdf:pointofnoentry-bandwidthceasedesistletter.pdf,2022 7866525838 Amazon-Impers-P2 § 310.4(b)(1)(v) 16 C.F.R. 8/11/2022 7/25/2022 8053215810 Amazon-Impers-P2 § 310.4(b)(1)(v) 16 C.F.R. 8/11/2022 7/23/2022 8053215810 Amaz
+18022674636,+1 (802) 267-4636,LawEnforcement-Impers,3,1,2,no,pdf:pointofnoentry-bandwidthceasedesistletter.pdf,(1)(v) https://portal.tracebacks.org/api/public/at 16 C.F.R. 4/11/2022 4/6/2022 8022674636 LawEnforcement-Impers tachments/803975 § 310.4(b)(1)(v) 16 C.F.R. 4/6/2022 2/18
+18056786346,+1 (805) 678-6346,,3,1,0,no,pdf:pointofnoentry-bandwidthceasedesistletter.pdf,/2022 8059128265 Amazon-Impers-P2 § 310.4(b)(1)(v) 16 C.F.R. 3/2/2022 2/10/2022 8056786346 Amazon-Impers-P2 § 310.4(b)(1)(v) 16 C.F.R. 3/1/2022 3/1/2022 2063978332 SSA-La
+19179089531,+1 (917) 908-9531,,3,1,0,no,pdf:pointofnoentry-bandwidthceasedesistletter.pdf,2022 7863103803 Amazon-Impers-P2 § 310.4(b)(1)(v) 16 C.F.R. 2/4/2022 12/15/2021 9179089531 Grandparentscam § 310.4(b)(1)(v) 16 C.F.R. 2/4/2022 12/14/2021 9179089531 Grand
+17865889078,+1 (786) 588-9078,,3,1,0,no,pdf:pointofnoentry-bandwidthceasedesistletter.pdf,0/2021 3852382730 Amazon-Impers § 310.4(b)(1)(v) 16 C.F.R. 12/10/2021 10/6/2021 7865889078 ATT-Impers § 310.4(b)(1)(v) 16 C.F.R. 12/10/2021 10/6/2021 7865889078 ATT-Imper
+14125414387,+1 (412) 541-4387,,3,1,0,no,pdf:pointofnoentry-bandwidthceasedesistletter.pdf,085718 Amazon-AccountCompromised § 310.4(b)(1)(v) 16 C.F.R. 10/4/2021 10/1/2021 4125414387 PayPal-Impers § 310.4(b)(1)(v) 16 C.F.R. 10/4/2021 10/1/2021 4125414387 PayPal-
+12063385669,+1 (206) 338-5669,,3,1,0,no,pdf:pointofnoentry-bandwidthceasedesistletter.pdf,16306871 Amazon-SuspiciousCharge § 310.4(b)(1)(v) 16 C.F.R. 10/1/2021 9/21/2021 2063385669 LawEnforcement-Impers-P2 § 310.4(b)(1)(v) 16 C.F.R. 10/1/2021 9/21/2021 2063385
+12028337500,+1 (202) 833-7500,Utility Disconnection,3,1,0,no,pdf:pointofnoentry-callvoxllcwarningletter.pdf,") https://portal.tracebacks.org/api/public/ 16 C.F.R. Aug 04, 2021 Jul 29, 2021 2028337500 Utility Disconnection attachments/310553 § 310.4(b)(1)(v) https://portal.traceb"
+15162737869,+1 (516) 273-7869,,3,1,0,no,pdf:pointofnoentry-centurylinkceasedesistletter.pdf,CCIRR-Expire attachments/1019377 § 310.4(b)(1)(v) 16 C.F.R. 7/19/2022 7/6/2022 5162737869 Computer-Hijack-P1 § 310.4(b)(1)(v) 16 C.F.R. 7/19/2022 7/6/2022 5162737869 Com
+12065934830,+1 (206) 593-4830,SSA-P1-TexasFraud (GovtImpers),3,1,2,no,pdf:pointofnoentry-idttelecomceasedesistletterfinaljms.pdf,(b)(1)(v) https://portal2.tracebacks.org/api/public 16 C.F.R. 3/8/2021 3/4/2021 2065934830 SSA-P1-TexasFraud (GovtImpers) /attachments/64042 310.4(b)(1)(v) https://portal
+19856022086,+1 (985) 602-2086,SSA-CalltheSSA,3,1,2,no,pdf:pointofnoentry-idttelecomceasedesistletterfinaljms.pdf,)(1)(v) https://portal2.tracebacks.org/api/public 16 C.F.R. 1/23/2021 1/22/2021 9856022086 SSA-CalltheSSA /attachments/28733 310.4(b)(1)(v) https://portal2.tracebacks.org
+15302901397,+1 (530) 290-1397,SSA-CalltheSSA,3,2,1,no,pdf:pointofnoentry-peerlessceasedesistletterfinaljms.pdf,(1)(v) https://portal2.tracebacks.org/api/public/ 16 C.F.R. 1/30/2021 1/27/2021 5302901397 SSA-CalltheSSA attachments/29350 310.4(b)(1)(v) https://portal2.tracebacks.org/
+18886040734,+1 (888) 604-0734,,3,0,3,no,transcript:audio-wav-16khz/872731_normalized.wav,"s qualified for 50% off. In order to avail the discount, kindly call us back at 888-604-0734 from 8am to 5pm Pacific Standard Time. Thank you and have a great day."
+18332054259,+1 (833) 205-4259,,3,0,3,no,transcript:audio-wav-16khz/942968_normalized.wav,"s qualified for 50% off. In order to avail the discount, kindly call us back at 833-205-4259, from 8 a.m. to 5 p.m. Pacific Standard Time. From 8 a.m. to 5 p.m. Pacific Sta"
+18005303097,+1 (800) 530-3097,,3,0,3,no,transcript:audio-wav-16khz/27854_normalized.wav,"ontact Boeing headquarters as soon as possible to avoid service interruption at 1-800-530-3097. Once again, that number is 1-800-530-3097. Once again, that number is 1-800-53"
+13035295186,+1 (303) 529-5186,SSA-CalltheSSA,2,1,1,no,pdf:pointofnoentry-acrobatceasedesistletter.pdf,(v) https://portal.tracebacks.org/api/public/atta 16 C.F.R. 1/26/2021 1/25/2021 3035295186 SSA-CalltheSSA chments/28872 § 310.4(b)(1)(v) https://portal.tracebacks.org/api
+12482029746,+1 (248) 202-9746,SSA-KindlyPressOne,2,1,0,no,pdf:pointofnoentry-akamgtcdletter.pdf,)(1)(v) https://portal.tracebacks.org/api/public/ 16 C.F.R. 12/8/2021 12/7/2021 2482029746 SSA-KindlyPressOne attachments/584749 § 310.4(b)(1)(v) https://portal.traceback
+12056260450,+1 (205) 626-0450,SSA-P1-TexasFraud (GovtImpers),2,1,0,no,pdf:pointofnoentry-akamgtcdletter.pdf,(b)(1)(v) https://portal.tracebacks.org/api/public/ 16 C.F.R. 1/7/2021 1/6/2021 2056260450 SSA-P1-TexasFraud (GovtImpers) attachments/27576 § 310.4(b)(1)(v) https://porta
+12536480206,+1 (253) 648-0206,,2,1,0,no,pdf:pointofnoentry-bandwidthceasedesistletter.pdf,/2022 2028586421 Amazon-Impers-P2 § 310.4(b)(1)(v) 16 C.F.R. 9/12/2022 9/6/2022 2536480206 Amazon-Impers-P2 § 310.4(b)(1)(v) 16 C.F.R. 9/12/2022 9/8/2022 2536480206 Amazo
+12064008163,+1 (206) 400-8163,,2,1,0,no,pdf:pointofnoentry-bandwidthceasedesistletter.pdf,2 6/16/2022 7207394498 GovtImpers § 310.4(b)(1)(v) 16 C.F.R. 6/15/2022 6/3/2022 2064008163 Amazon-Impers-P2 § 310.4(b)(1)(v) 16 C.F.R. 6/14/2022 6/11/2022 2064159893 Amaz
+12064159893,+1 (206) 415-9893,,2,1,0,no,pdf:pointofnoentry-bandwidthceasedesistletter.pdf,2022 2064008163 Amazon-Impers-P2 § 310.4(b)(1)(v) 16 C.F.R. 6/14/2022 6/11/2022 2064159893 Amazon-SuspiciousOrderRefund § 310.4(b)(1)(v) 16 C.F.R. 6/14/2022 6/11/2022 206
+12064830988,+1 (206) 483-0988,,2,1,0,no,pdf:pointofnoentry-bandwidthceasedesistletter.pdf,2022 2062992428 Amazon-Impers-P2 § 310.4(b)(1)(v) 16 C.F.R. 6/13/2022 6/10/2022 2064830988 Amazon-Impers-P2 § 310.4(b)(1)(v) 16 C.F.R. 6/13/2022 6/9/2022 2064830988 Amazo
+12522282495,+1 (252) 228-2495,,2,1,0,no,pdf:pointofnoentry-bandwidthceasedesistletter.pdf,1/2022 4106566890 Grandparentscam § 310.4(b)(1)(v) 16 C.F.R. 5/18/2022 5/9/2022 2522282495 Tech Support-Lumen § 310.4(b)(1)(v) 16 C.F.R. 5/17/2022 5/9/2022 2522282495 Tec
+16692288500,+1 (669) 228-8500,,2,1,0,no,pdf:pointofnoentry-bandwidthceasedesistletter.pdf,/2022 8602646919 Amazon-Impers-P2 § 310.4(b)(1)(v) 16 C.F.R. 5/4/2022 4/26/2022 6692288500 Amazon-Impers-P2 § 310.4(b)(1)(v) 16 C.F.R. 5/4/2022 4/26/2022 6692288500 Amazo
+18135740820,+1 (813) 574-0820,,2,1,0,no,pdf:pointofnoentry-bandwidthceasedesistletter.pdf,2537800207 Tech-Support-Fraud-G2 § 310.4(b)(1)(v) 16 C.F.R. 4/12/2022 4/5/2022 8135740820 Amazon-Impers-P2 § 310.4(b)(1)(v) 16 C.F.R. 4/12/2022 4/5/2022 8135740820 Amazo
+17192153210,+1 (719) 215-3210,,2,1,0,no,pdf:pointofnoentry-bandwidthceasedesistletter.pdf,/2022 2069396700 Amazon-Impers-P2 § 310.4(b)(1)(v) 16 C.F.R. 4/5/2022 3/28/2022 7192153210 Amazon-Impers-P2 § 310.4(b)(1)(v) 16 C.F.R. 4/4/2022 3/28/2022 7192153210 Amazo
+12137889059,+1 (213) 788-9059,,2,1,0,no,pdf:pointofnoentry-bandwidthceasedesistletter.pdf,2022 8452730096 Amazon-Impers-P2 § 310.4(b)(1)(v) 16 C.F.R. 3/24/2022 2/15/2022 2137889059 Amazon-Impers § 310.4(b)(1)(v) 16 C.F.R. 3/23/2022 3/11/2021 3859992686 Amazon-
+19739876541,+1 (973) 987-6541,,2,1,0,no,pdf:pointofnoentry-bandwidthceasedesistletter.pdf,/16/2022 2137889059 Amazon-Impers § 310.4(b)(1)(v) 16 C.F.R. 3/16/2022 3/9/2022 9739876541 Amazon-Impers-P2 § 310.4(b)(1)(v) 16 C.F.R. 3/16/2022 3/9/2022 9739876541 Amazo
+18059128265,+1 (805) 912-8265,,2,1,0,no,pdf:pointofnoentry-bandwidthceasedesistletter.pdf,2022 9739876541 Amazon-Impers-P2 § 310.4(b)(1)(v) 16 C.F.R. 3/10/2022 1/26/2022 8059128265 Amazon-Impers-P2 § 310.4(b)(1)(v) 16 C.F.R. 3/10/2022 1/26/2022 8056786471 Amaz
+13852382730,+1 (385) 238-2730,,2,1,0,no,pdf:pointofnoentry-bandwidthceasedesistletter.pdf,2021 9179089531 Grandparentscam § 310.4(b)(1)(v) 16 C.F.R. 1/24/2022 11/30/2021 3852382730 Amazon-Impers § 310.4(b)(1)(v) 16 C.F.R. 1/24/2022 11/30/2021 3083659581 Amazon
+18784442295,+1 (878) 444-2295,,2,1,0,no,pdf:pointofnoentry-bandwidthceasedesistletter.pdf,10/6/2021 7865889078 ATT-Impers § 310.4(b)(1)(v) 16 C.F.R. 12/7/2021 10/15/2021 8784442295 ATT-Impers § 310.4(b)(1)(v) 16 C.F.R. 12/7/2021 10/14/2021 8784442295 ATT-Imper
+17474777195,+1 (747) 477-7195,,2,1,0,no,pdf:pointofnoentry-bandwidthceasedesistletter.pdf,59002861 Amazon-SuspiciousCharge § 310.4(b)(1)(v) 16 C.F.R. 7/21/2021 7/16/2021 7474777195 Tech-Support-Fraud § 310.4(b)(1)(v) 16 C.F.R. 7/21/2021 7/16/2021 7474777195 Te
+17736828352,+1 (773) 682-8352,Amazon-AuthorizeOrder-P3,2,2,0,no,pdf:pointofnoentry-businesstelecomceasedesistletterfinaljms.pdf,)(1)(v) https://portal2.tracebacks.org/api/public 16 C.F.R. 9/16/2022 9/13/2022 7736828352 Amazon-AuthorizeOrder-P3 /attachments/1037793 310.4(b)(1)(v) https://portal2.tr
+18709003693,+1 (870) 900-3693,Administration Imposter,2,2,0,no,pdf:pointofnoentry-callvoxllcwarningletter.pdf,"y https://portal.tracebacks.org/api/public/ 16 C.F.R. Jan 14, 2022 Jan 10, 2022 8709003693 Administration Imposter attachments/635541 § 310.4(b)(1)(v) Social Security htt"
+18008801077,+1 (800) 880-1077,,2,1,0,no,pdf:pointofnoentry-centurylinkceasedesistletter.pdf,rizeOrder-P3 attachments/1331474 § 310.4(b)(1)(v) 16 C.F.R. 5/25/2023 5/24/2023 18008801077 Verizon-Impers-P1 § 310.4(b)(1)(v) 16 C.F.R. 5/25/2023 5/24/2023 18008801077 Ve
+18556523670,+1 (855) 652-3670,Discount-DirecTV50,2,2,0,no,pdf:pointofnoentry-centurylinkceasedesistletter.pdf,)(1)(v) https://portal.tracebacks.org/api/public/ 16 C.F.R. 5/25/2022 5/24/2022 8556523670 Discount-DirecTV50 attachments/872751 § 310.4(b)(1)(v) https://portal.traceback
+18598843342,+1 (859) 884-3342,Amazon-AuthorizeOrder,2,2,0,no,pdf:pointofnoentry-centurylinkceasedesistletter.pdf,)(1)(v) https://portal.tracebacks.org/api/public/ 16 C.F.R. 1/18/2022 1/17/2022 8598843342 Amazon-AuthorizeOrder attachments/638981 § 310.4(b)(1)(v) https://portal.traceb
+14044916059,+1 (404) 491-6059,Amazon-AuthorizeOrder,2,2,0,no,pdf:pointofnoentry-cherryvoiceceasedesistletterfinaljms.pdf,)(v) https://portal2.tracebacks.org/api/public/at 16 C.F.R. 2/22/2022 2/21/2022 4044916059 Amazon-AuthorizeOrder tachments/707413 310.4(b)(1)(v) https://portal2.traceback
+18137654004,+1 (813) 765-4004,Utility-30MinDisconnect,2,2,0,no,pdf:pointofnoentry-cherryvoiceceasedesistletterfinaljms.pdf,v) https://portal2.tracebacks.org/api/public/at 16 C.F.R. 10/15/2021 10/14/2021 8137654004 Utility-30MinDisconnect tachments/520026 310.4(b)(1)(v) https://portal2.traceba
+12149316277,+1 (214) 931-6277,Legal-Enforcement-Notice,2,2,0,no,pdf:pointofnoentry-cherryvoiceceasedesistletterfinaljms.pdf,1)(v) https://portal2.tracebacks.org/api/public/at 16 C.F.R. 9/1/2021 8/25/2021 2149316277 Legal-Enforcement-Notice tachments/392276 310.4(b)(1)(v) https://portal2.traceb
+14699055128,+1 (469) 905-5128,CCIRR-P1FinancialImpers,2,2,0,no,pdf:pointofnoentry-cherryvoiceceasedesistletterfinaljms.pdf,(1)(v) https://portal2.tracebacks.org/api/public/at 16 C.F.R. 3/8/2021 3/3/2021 4699055128 CCIRR-P1FinancialImpers tachments/63707 310.4(b)(1)(v) https://portal2.tracebac
+13462770043,+1 (346) 277-0043,SSA-Impers,2,1,0,no,pdf:pointofnoentry-didcentralceasedesistletterfinaljms.pdf,(1)(v) https://portal2.tracebacks.org/api/public/ 16 C.F.R. 3/26/2021 3/17/2021 3462770043 SSA-Impers attachments/77599 310.4(b)(1)(v) https://portal2.tracebacks.org/api/
+15624361251,+1 (562) 436-1251,Utility-30MinDisconnect t,2,1,0,no,pdf:pointofnoentry-every1telecomceasedesistletterfinaljms.pdf,1)(v) https://portal2.tracebacks.org/api/public/a 16 C.F.R. 1/13/2023 1/12/2023 5624361251 Utility-30MinDisconnect ttachments/1205451 310.4(b)(1)(v) https://portal2.trace
+18632990800,+1 (863) 299-0800,Utility-30MinDisconnect,2,1,0,no,pdf:pointofnoentry-greatchoicecdletter_0.pdf,1)(v) https://portal.tracebacks.org/api/public/ 16 C.F.R. 11/18/2021 11/11/2021 8632990800 Utility-30MinDisconnect attachments/557776 § 310.4(b)(1)(v) https://portal.trac
+17274432641,+1 (727) 443-2641,Utility-30MinDisconnect,2,2,0,no,pdf:pointofnoentry-greatchoicecdletter_0.pdf,1)(v) https://portal.tracebacks.org/api/public/ 16 C.F.R. 11/15/2021 11/13/2021 7274432641 Utility-30MinDisconnect attachments/559158 § 310.4(b)(1)(v) https://portal.trac
+19018187500,+1 (901) 818-7500,Chinese-PackageDelivery c,2,1,0,no,pdf:pointofnoentry-hfaservsceasedesistletterfinaljms.pdf,(1)(v) https://portal2.tracebacks.org/api/publi 16 C.F.R. 10/24/2022 10/19/2022 9018187500 Chinese-PackageDelivery c/attachments/1094279 310.4(b)(1)(v) https://portal2.tr
+19036039402,+1 (903) 603-9402,Amazon-AuthorizeOrder,2,2,0,no,pdf:pointofnoentry-ibasiscdletter.pdf,)(1)(v) https://portal.tracebacks.org/api/public/ 16 C.F.R. 1/19/2022 1/17/2022 9036039402 Amazon-AuthorizeOrder attachments/639001 § 310.4(b)(1)(v) https://portal.traceb
+16099343496,+1 (609) 934-3496,CCIRR-P1FinancialImpers,2,1,0,no,pdf:pointofnoentry-idttelecomceasedesistletterfinaljms.pdf,(b)(1)(v) https://portal2.tracebacks.org/api/public 16 C.F.R. 3/3/2021 3/2/2021 6099343496 CCIRR-P1FinancialImpers /attachments/63408 310.4(b)(1)(v) https://portal2.trace
+13152150306,+1 (315) 215-0306,SSA-P1-TexasFraud (GovtImpers),2,1,0,no,pdf:pointofnoentry-idttelecomceasedesistletterfinaljms.pdf,)(1)(v) https://portal2.tracebacks.org/api/public 16 C.F.R. 1/25/2021 1/22/2021 3152150306 SSA-P1-TexasFraud (GovtImpers) /attachments/28877 310.4(b)(1)(v) https://portal
+18442324133,+1 (844) 232-4133,Discount-DirecTV50,2,2,0,no,pdf:pointofnoentry-inboundcdletter.pdf,)(1)(v) https://portal.tracebacks.org/api/public/ 16 C.F.R. 5/25/2022 5/23/2022 8442324133 Discount-DirecTV50 attachments/872738 § 310.4(b)(1)(v) https://portal.traceback
+19856022013,+1 (985) 602-2013,Administration Imposter,2,1,1,no,pdf:pointofnoentry-inteliquentwarningletter.pdf,"y https://portal.tracebacks.org/api/public/ 16 C.F.R. Jan 22, 2021 Jan 21, 2021 9856022013 Administration Imposter attachments/28647 § 310.4(b)(1)(v) Social Security http"
+15043395475,+1 (504) 339-5475,Apple-iCloud-AccountBreached,2,2,0,no,pdf:pointofnoentry-peerlessceasedesistletterfinaljms.pdf,(1)(v) https://portal2.tracebacks.org/api/public/ 16 C.F.R. 2/18/2021 2/17/2021 5043395475 Apple-iCloud-AccountBreached attachments/58345 310.4(b)(1)(v) https://portal2.t
+17706888993,+1 (770) 688-8993,Amazon Imposter,2,2,0,no,pdf:pointofnoentry-rscomwarningletter.pdf,") https://portal.tracebacks.org/api/public/ 16 C.F.R. Dec 28, 2021 Dec 27, 2021 7706888993 Amazon Imposter attachments/615289 § 310.4(b)(1)(v) https://portal.tracebacks.o"
+13479259030,+1 (347) 925-9030,Amazon Imposter,2,2,0,no,pdf:pointofnoentry-rscomwarningletter.pdf,") https://portal.tracebacks.org/api/public/ 16 C.F.R. Dec 17, 2021 Dec 16, 2021 3479259030 Amazon Imposter attachments/605717 § 310.4(b)(1)(v) Page 1 of 4 https://portal."
+19548067165,+1 (954) 806-7165,Amazon Imposter,2,2,0,no,pdf:pointofnoentry-rscomwarningletter.pdf,"4 https://portal.tracebacks.org/api/public/ 16 C.F.R. Dec 17, 2021 Dec 16, 2021 9548067165 Amazon Imposter attachments/605713 § 310.4(b)(1)(v) https://portal.tracebacks.o"
+12703036569,+1 (270) 303-6569,Amazon Imposter,2,2,0,no,pdf:pointofnoentry-rscomwarningletter.pdf,") https://portal.tracebacks.org/api/public/ 16 C.F.R. Dec 20, 2021 Dec 15, 2021 2703036569 Amazon Imposter attachments/605705 § 310.4(b)(1)(v) https://portal.tracebacks.o"
+19036761572,+1 (903) 676-1572,Amazon Imposter,2,2,0,no,pdf:pointofnoentry-rscomwarningletter.pdf,") https://portal.tracebacks.org/api/public/ 16 C.F.R. Dec 14, 2021 Dec 10, 2021 9036761572 Amazon Imposter attachments/595123 § 310.4(b)(1)(v) Social Security https://por"
+16015245186,+1 (601) 524-5186,SSA-P1-TexasFraud (GovtImpers),2,2,0,no,pdf:pointofnoentry-rscomwarningletter.pdf,"y https://portal.tracebacks.org/api/public/ 16 C.F.R. Nov 23, 2021 Nov 22, 2021 6015245186 Administration Imposter attachments/568815 § 310.4(b)(1)(v) https://portal.trac"
+19043779570,+1 (904) 377-9570,Utility Disconnection,2,2,0,no,pdf:pointofnoentry-rscomwarningletter.pdf,") https://portal.tracebacks.org/api/public/ 16 C.F.R. Nov 29, 2021 Nov 17, 2021 9043779570 Utility Disconnection attachments/567518 § 310.4(b)(1)(v) https://portal.traceb"
+15126920482,+1 (512) 692-0482,SSA-P1-TexasFraud (GovtImpers),2,2,0,no,pdf:pointofnoentry-rscomwarningletter.pdf,"y https://portal.tracebacks.org/api/public/ 16 C.F.R. Nov 16, 2021 Nov 15, 2021 5126920482 Administration Imposter attachments/560668 § 310.4(b)(1)(v) Social Security htt"
+18125370834,+1 (812) 537-0834,SSA-P1-TexasFraud (GovtImpers),2,2,0,no,pdf:pointofnoentry-rscomwarningletter.pdf,"y https://portal.tracebacks.org/api/public/ 16 C.F.R. Nov 16, 2021 Nov 15, 2021 8125370834 Administration Imposter attachments/560659 § 310.4(b)(1)(v) Social Security htt"
+14236125075,+1 (423) 612-5075,SSA-P1-TexasFraud (GovtImpers),2,2,0,no,pdf:pointofnoentry-rscomwarningletter.pdf,"y https://portal.tracebacks.org/api/public/ 16 C.F.R. Nov 16, 2021 Nov 15, 2021 4236125075 Administration Imposter attachments/560658 § 310.4(b)(1)(v) https://portal.trac"
+17603213172,+1 (760) 321-3172,Amazon Imposter,2,2,0,no,pdf:pointofnoentry-rscomwarningletter.pdf,") https://portal.tracebacks.org/api/public/ 16 C.F.R. Nov 04, 2021 Nov 02, 2021 7603213172 Amazon Imposter attachments/549509 § 310.4(b)(1)(v) Social Security https://por"
+12524400188,+1 (252) 440-0188,Administration Imposter,2,2,0,no,pdf:pointofnoentry-rscomwarningletter.pdf,"y https://portal.tracebacks.org/api/public/ 16 C.F.R. Oct 06, 2021 Oct 04, 2021 2524400188 Administration Imposter attachments/490977 § 310.4(b)(1)(v) https://portal.trac"
+15025653945,+1 (502) 565-3945,Amazon Imposter,2,2,0,no,pdf:pointofnoentry-rscomwarningletter.pdf,") https://portal.tracebacks.org/api/public/ 16 C.F.R. Oct 01, 2021 Sep 30, 2021 5025653945 Amazon Imposter attachments/487121 § 310.4(b)(1)(v) U.S. Customs and Border htt"
+14434615664,+1 (443) 461-5664,Protection Imposter,2,2,0,no,pdf:pointofnoentry-rscomwarningletter.pdf,"r https://portal.tracebacks.org/api/public/ 16 C.F.R. Sep 16, 2021 Sep 14, 2021 4434615664 Protection Imposter attachments/453388 § 310.4(b)(1)(v) Law Enforcement Agency"
+15705162573,+1 (570) 516-2573,Legal-Enforcement-Notice,2,2,0,no,pdf:pointofnoentry-rscomwarningletter.pdf,"y https://portal.tracebacks.org/api/public/ 16 C.F.R. Sep 07, 2021 Sep 06, 2021 5705162573 Imposter attachments/431150 § 310.4(b)(1)(v) https://portal.tracebacks.org/api/"
+12483770000,+1 (248) 377-0000,Protection Imposter,2,2,0,no,pdf:pointofnoentry-rscomwarningletter.pdf,"r https://portal.tracebacks.org/api/public/ 16 C.F.R. Aug 23, 2021 Aug 17, 2021 2483770000 Protection Imposter attachments/373798 § 310.4(b)(1)(v) https://portal.tracebac"
+13149694319,+1 (314) 969-4319,Administration Imposter,2,2,0,no,pdf:pointofnoentry-rscomwarningletter.pdf,"y https://portal.tracebacks.org/api/public/ 16 C.F.R. Jun 15, 2021 Jun 14, 2021 3149694319 Administration Imposter attachments/211241 § 310.4(b)(1)(v) Internal Revenue Se"
+19194807625,+1 (919) 480-7625,Administration Imposter,2,2,0,no,pdf:pointofnoentry-rscomwarningletter.pdf,"y https://portal.tracebacks.org/api/public/ 16 C.F.R. May 14, 2021 May 13, 2021 9194807625 Administration Imposter attachments/130693 § 310.4(b)(1)(v) https://portal.trac"
+14234901497,+1 (423) 490-1497,Stay Safe Stay Home,2,2,0,no,pdf:pointofnoentry-rscomwarningletter.pdf,") https://portal.tracebacks.org/api/public/ 16 C.F.R. Jan 20, 2021 Jan 19, 2021 4234901497 Stay Safe Stay Home attachments/28431 § 310.4(b)(1)(v) https://portal.traceback"
+18777981566,+1 (877) 798-1566,AT&T/DicrecTV Imposter,2,1,0,no,pdf:pointofnoentry-rscomwarningletter.pdf,") https://portal.tracebacks.org/api/public/ 16 C.F.R. Jan 19, 2021 Jan 15, 2021 8777981566 AT&T/DicrecTV Imposter attachments/28342 § 310.4(b)(1)(v) https://portal.traceb"
+18668994872,+1 (866) 899-4872,,2,1,0,no,pdf:pointofnoentry-tata-cease-desist-letter.pdf,2023 8698994872 Verizon-Phishing § 310.4(b)(1)(v) 16 C.F.R. 3/24/2023 3/24/2023 8668994872 Verizon-Phishing § 310.4(b)(1)(v) 16 C.F.R. 3/21/2023 3/20/2023 8668994872 Veri
+12602504722,+1 (260) 250-4722,Administration Imposter,2,1,0,no,pdf:pointofnoentry-whisltelecomwarningletter_1.pdf,"y https://portal.tracebacks.org/api/public/ 16 C.F.R. Jan 11, 2022 Jan 10, 2022 2602504722 Administration Imposter attachments/630211 § 310.4(b)(1)(v) Social Security htt"
+19047853917,+1 (904) 785-3917,Administration Imposter,2,1,0,no,pdf:pointofnoentry-whisltelecomwarningletter_1.pdf,"y https://portal.tracebacks.org/api/public/ 16 C.F.R. Oct 19, 2021 Oct 18, 2021 9047853917 Administration Imposter attachments/525133 § 310.4(b)(1)(v) Social Security htt"
+14156886201,+1 (415) 688-6201,,2,0,2,no,transcript:audio-wav-16khz/767266_normalized.wav,er to speak with in Cash App representative right now press 1 or please call on 415-688-6201.
+18336317908,+1 (833) 631-7908,,2,0,2,no,transcript:audio-wav-16khz/660767_normalized.wav,"s about to come to an end. You can reach us directly to discuss your options at 833-631-7908. Again, that's 833-631-7908. Thank you."
+18337691634,+1 (833) 769-1634,,2,0,2,no,transcript:audio-wav-16khz/872746_normalized.wav,"s qualified for 50% off. In order to avail the discount, kindly call us back at 833-769-1634 from 8 a.m. to 5 p.m. Pacific Standard Time. Thank you and have a great day."
+18883994574,+1 (888) 399-4574,,2,0,2,no,transcript:audio-wav-16khz/872726_normalized.wav,"s qualified for 50% off. In order to avail the discount, kindly call us back at 888-399-4574 from 8am to 5pm Pacific Standard Time. Thank you and have a great day!"
+15302901697,+1 (530) 290-1697,,2,0,2,no,transcript:audio-wav-16khz/29350_normalized.wav,"g to call back. That was the only possible number for legal proceedings that is 5302901697, IEP 5302901397. Thank you."
+18442402044,+1 (844) 240-2044,,2,0,2,no,transcript:audio-wav-16khz/872751_normalized.wav,"s qualified for 50% off. In order to avail the discount, kindly call us back at 844-240-2044 from 8am to 5pm Pacific Standard Time. Thank you and have a great day!"
+14696782463,+1 (469) 678-2463,,2,0,2,no,transcript:audio-wav-16khz/66154_normalized.wav,"s call is from Social Security Administration. Number to reach our apartment is 469-678-2463. I repeat, it's 469-678-2463. Thank you."
+19494475846,+1 (949) 447-5846,,2,0,2,no,transcript:audio-wav-16khz/94040_normalized.wav,"back as soon as possible today, that would be great. My direct phone number is 949-447-5846. Again, that is 949-447-5846. Also, if you could have your reference number rea"
+14353553822,+1 (435) 355-3822,,2,0,2,no,transcript:audio-wav-16khz/640779_normalized.wav,"s about to come to an end. You can reach us directly to discuss your options at 435-355-3822. Again, that is 435-355-3822. Thank you."
+18559151076,+1 (855) 915-1076,,2,0,2,no,transcript:audio-wav-16khz/1025739_normalized.wav,"s qualified for 50% off. In order to avail the discount, kindly call us back at 855-915-1076. It's 855-915-1076 from 8 a.m. till 9 p.m. Pacific Standard Time. Thank you and"
+18004770882,+1 (800) 477-0882,,2,0,2,no,transcript:audio-wav-16khz/27595_normalized.wav,"ing balance on the account. Please call the direct billing department number at 800-477-0882 to avoid power disconnection. Again, the number is 800-477-0882. If you want to"
+18009883257,+1 (800) 988-3257,,2,0,2,no,transcript:audio-wav-16khz/28866_normalized.wav,"ing balance on the account. Please call the direct billing department number at 800-988-3257 to avoid power disconnection. Again, the number is 800-988-3257 if you want to"
+12014688579,+1 (201) 468-8579,,2,0,2,no,transcript:audio-wav-16khz/90417.wav,"e me a call back when you get a chance. We want to be your expert. My number is 201-468-8579. Once again, that is 201-468-8579. Looking forward to hearing from you."
+18337024650,+1 (833) 702-4650,Chinese-Consulate-P2,1,1,0,no,pdf:pointofnoentry-acrobatceasedesistletter.pdf,ion https://portal.tracebacks.org/api/public/atta 16 C.F.R. 9/12/2023 9/11/2023 18337024650 Chinese-Consulate-P2 chments/1367103 § 310.4(b)(1)(v) https://portal.tracebacks
+18814906179,+1 (881) 490-6179,Chinese-ISP/Cable/Wireless-Impers,1,1,0,no,pdf:pointofnoentry-acrobatceasedesistletter.pdf,(v) https://portal.tracebacks.org/api/public/atta 16 C.F.R. 9/11/2023 9/10/2023 18814906179 Chinese-ISP/Cable/Wireless-Impers chments/1366713 § 310.4(b)(1)(v) https://port
+12109017157,+1 (210) 901-7157,,1,1,0,no,pdf:pointofnoentry-acrobatceasedesistletter.pdf,/Wireless-Impers chments/1366439 § 310.4(b)(1)(v) 16 C.F.R. 8/29/2023 8/24/2023 12109017157 Amazon-AuthorizeOrder-P2 § 310.4(b)(1)(v) https://portal.tracebacks.org/api/pub
+13616304948,+1 (361) 630-4948,Chinese-Consulate-P2,1,1,0,no,pdf:pointofnoentry-acrobatceasedesistletter.pdf,)(v) https://portal.tracebacks.org/api/public/atta 16 C.F.R. 8/11/2023 8/9/2023 13616304948 Chinese-Consulate-P2 chments/1359533 § 310.4(b)(1)(v) https://portal.tracebacks
+18335881058,+1 (833) 588-1058,Amazon-AuthorizeOrder-P3,1,1,0,no,pdf:pointofnoentry-acrobatceasedesistletter.pdf,(v) https://portal.tracebacks.org/api/public/atta 16 C.F.R. 7/25/2023 7/24/2023 18335881058 Amazon-AuthorizeOrder-P3 chments/1353154 § 310.4(b)(1)(v) https://portal.traceb
+18335290394,+1 (833) 529-0394,,1,1,0,no,pdf:pointofnoentry-acrobatceasedesistletter.pdf,ese-Consulate-P1 chments/1339640 § 310.4(b)(1)(v) 16 C.F.R. 6/20/2023 6/12/2023 18335290394 Impersonation-Fraud-P1 § 310.4(b)(1)(v) https://portal.tracebacks.org/api/publi
+18334726304,+1 (833) 472-6304,Amazon-AuthorizeOrder-P3,1,1,0,no,pdf:pointofnoentry-acrobatceasedesistletter.pdf,)(v) https://portal.tracebacks.org/api/public/atta 16 C.F.R. 5/11/2023 5/9/2023 18334726304 Amazon-AuthorizeOrder-P3 chments/1310846 § 310.4(b)(1)(v) https://portal.traceb
+12504304812,+1 (250) 430-4812,Financial-Impers-4,1,1,0,no,pdf:pointofnoentry-acrobatceasedesistletter.pdf,1)(v) https://portal.tracebacks.org/api/public/atta 16 C.F.R. 4/5/2023 4/4/2023 2504304812 Financial-Impers-4 chments/1268949 § 310.4(b)(1)(v) https://portal.tracebacks.o
+14163023733,+1 (416) 302-3733,Recent-Purchase,1,1,0,no,pdf:pointofnoentry-acrobatceasedesistletter.pdf,)(v) https://portal.tracebacks.org/api/public/atta 16 C.F.R. 3/2/2023 2/27/2023 4163023733 Recent-Purchase chments/1246668 § 310.4(b)(1)(v) https://portal.tracebacks.org/
+12096298448,+1 (209) 629-8448,Recent-Purchase,1,1,0,no,pdf:pointofnoentry-acrobatceasedesistletter.pdf,(v) https://portal.tracebacks.org/api/public/atta 16 C.F.R. 2/17/2023 2/15/2023 2096298448 Recent-Purchase chments/1239951 § 310.4(b)(1)(v) https://portal.tracebacks.org/
+12407164850,+1 (240) 716-4850,Recent-Purchase,1,1,0,no,pdf:pointofnoentry-acrobatceasedesistletter.pdf,(v) https://portal.tracebacks.org/api/public/atta 16 C.F.R. 2/16/2023 2/15/2023 2407164850 Recent-Purchase chments/1239948 § 310.4(b)(1)(v) https://portal.tracebacks.org/
+12145002223,+1 (214) 500-2223,Recent-Purchase,1,1,0,no,pdf:pointofnoentry-acrobatceasedesistletter.pdf,(v) https://portal.tracebacks.org/api/public/atta 16 C.F.R. 2/16/2023 2/15/2023 2145002223 Recent-Purchase chments/1239946 § 310.4(b)(1)(v) https://portal.tracebacks.org/
+12252476019,+1 (225) 247-6019,Recent-Purchase,1,1,0,no,pdf:pointofnoentry-acrobatceasedesistletter.pdf,(v) https://portal.tracebacks.org/api/public/atta 16 C.F.R. 2/16/2023 2/15/2023 2252476019 Recent-Purchase chments/1239940 § 310.4(b)(1)(v) https://portal.tracebacks.org/
+12405958118,+1 (240) 595-8118,Recent-Purchase,1,1,0,no,pdf:pointofnoentry-acrobatceasedesistletter.pdf,(v) https://portal.tracebacks.org/api/public/atta 16 C.F.R. 2/16/2023 2/15/2023 2405958118 Recent-Purchase chments/1239938 § 310.4(b)(1)(v) https://portal.tracebacks.org/
+18724510060,+1 (872) 451-0060,Financial-Impers-4,1,1,0,no,pdf:pointofnoentry-acrobatceasedesistletter.pdf,(v) https://portal.tracebacks.org/api/public/atta 16 C.F.R. 1/31/2023 1/30/2023 8724510060 Financial-Impers-4 chments/1222028 § 310.4(b)(1)(v) https://portal.tracebacks.o
+18957467059,+1 (895) 746-7059,Financial-Impers-4,1,1,0,no,pdf:pointofnoentry-acrobatceasedesistletter.pdf,(v) https://portal.tracebacks.org/api/public/atta 16 C.F.R. 1/31/2023 1/30/2023 8957467059 Financial-Impers-4 chments/1222026 § 310.4(b)(1)(v) https://portal.tracebacks.o
+15888897638,+1 (588) 889-7638,Amazon-SuspiciousCharge-P1,1,1,0,no,pdf:pointofnoentry-acrobatceasedesistletter.pdf,1)(v) https://portal.tracebacks.org/api/public/atta 16 C.F.R. 5/9/2022 5/7/2022 5888897638 Amazon-SuspiciousCharge-P1 chments/838939 § 310.4(b)(1)(v) https://portal.trace
+15888833388,+1 (588) 883-3388,Amazon-SuspiciousCharge-P1,1,1,0,no,pdf:pointofnoentry-acrobatceasedesistletter.pdf,1)(v) https://portal.tracebacks.org/api/public/atta 16 C.F.R. 5/9/2022 5/6/2022 5888833388 Amazon-SuspiciousCharge-P1 chments/838937 § 310.4(b)(1)(v) https://portal.trace
+12703124468,+1 (270) 312-4468,Amazon-AuthorizeOrder,1,1,0,no,pdf:pointofnoentry-acrobatceasedesistletter.pdf,(v) https://portal.tracebacks.org/api/public/atta 16 C.F.R. 2/28/2022 2/20/2022 2703124468 Amazon-AuthorizeOrder chments/707400 § 310.4(b)(1)(v) https://portal.tracebacks
+16068838284,+1 (606) 883-8284,Amazon-AuthorizeOrder,1,1,0,no,pdf:pointofnoentry-acrobatceasedesistletter.pdf,(v) https://portal.tracebacks.org/api/public/atta 16 C.F.R. 2/22/2022 2/19/2022 6068838284 Amazon-AuthorizeOrder chments/707398 § 310.4(b)(1)(v) https://portal.tracebacks
+19373670860,+1 (937) 367-0860,SSA-KindlyPressOne,1,1,0,no,pdf:pointofnoentry-acrobatceasedesistletter.pdf,(v) https://portal.tracebacks.org/api/public/atta 16 C.F.R. 2/15/2022 2/11/2022 9373670860 SSA-KindlyPressOne chments/694447 § 310.4(b)(1)(v) https://portal.tracebacks.or
+18974201924,+1 (897) 420-1924,Amazon-SuspiciousCharge,1,1,0,no,pdf:pointofnoentry-acrobatceasedesistletter.pdf,)(v) https://portal.tracebacks.org/api/public/atta 16 C.F.R. 2/10/2022 2/8/2022 8974201924 Amazon-SuspiciousCharge chments/683944 § 310.4(b)(1)(v) https://portal.tracebac
+19498417995,+1 (949) 841-7995,SSA-KindlyPressOne,1,1,0,no,pdf:pointofnoentry-acrobatceasedesistletter.pdf,(v) https://portal.tracebacks.org/api/public/atta 16 C.F.R. 1/21/2022 1/19/2022 9498417995 SSA-KindlyPressOne chments/643799 § 310.4(b)(1)(v) https://portal.tracebacks.or
+15028313839,+1 (502) 831-3839,Amazon-AuthorizeOrder,1,1,0,no,pdf:pointofnoentry-acrobatceasedesistletter.pdf,(v) https://portal.tracebacks.org/api/public/atta 16 C.F.R. 1/21/2022 1/15/2022 5028313839 Amazon-AuthorizeOrder chments/638980 § 310.4(b)(1)(v) https://portal.tracebacks
+17725223189,+1 (772) 522-3189,Amazon-AuthorizeOrder,1,1,0,no,pdf:pointofnoentry-acrobatceasedesistletter.pdf,1)(v) https://portal.tracebacks.org/api/public/atta 16 C.F.R. 1/6/2022 1/5/2022 7725223189 Amazon-AuthorizeOrder chments/624223 § 310.4(b)(1)(v) https://portal.tracebacks
+18883405713,+1 (888) 340-5713,Amazon-SuspiciousCharge,1,1,0,no,pdf:pointofnoentry-acrobatceasedesistletter.pdf,) https://portal.tracebacks.org/api/public/atta 16 C.F.R. 12/20/2021 12/14/2021 8883405713 Amazon-SuspiciousCharge chments/604159 § 310.4(b)(1)(v) https://portal.tracebac
+12285918691,+1 (228) 591-8691,SSA-CalltheSSA,1,1,0,no,pdf:pointofnoentry-acrobatceasedesistletter.pdf,(v) https://portal.tracebacks.org/api/public/atta 16 C.F.R. 1/25/2021 1/22/2021 2285918691 SSA-CalltheSSA chments/28736 § 310.4(b)(1)(v)
+12813522385,+1 (281) 352-2385,Amazon-SuspiciousCharge-P1,1,1,0,no,pdf:pointofnoentry-akamgtcdletter.pdf,Violation https://portal.tracebacks.org/api/public/ 16 C.F.R. 7/7/2022 7/6/2022 2813522385 Amazon-SuspiciousCharge-P1 attachments/948024 § 310.4(b)(1)(v) https://portal.t
+18506373880,+1 (850) 637-3880,Amazon-SuspiciousCharge-P1,1,1,0,no,pdf:pointofnoentry-akamgtcdletter.pdf,(b)(1)(v) https://portal.tracebacks.org/api/public/ 16 C.F.R. 7/7/2022 7/6/2022 8506373880 Amazon-SuspiciousCharge-P1 attachments/948020 § 310.4(b)(1)(v) https://portal.t
+18083888638,+1 (808) 388-8638,SSA-P1-TexasFraud (GovtImpers),1,1,0,no,pdf:pointofnoentry-akamgtcdletter.pdf,)(1)(v) https://portal.tracebacks.org/api/public/ 16 C.F.R. 6/27/2022 6/16/2022 8083888638 SSA-P1-TexasFraud (GovtImpers) attachments/929961 § 310.4(b)(1)(v) https://port
+19549375001,+1 (954) 937-5001,Amazon-SuspiciousCharge-P1,1,1,0,no,pdf:pointofnoentry-akamgtcdletter.pdf,)(1)(v) https://portal.tracebacks.org/api/public/ 16 C.F.R. 6/21/2022 6/18/2022 9549375001 Amazon-SuspiciousCharge-P1 attachments/924844 § 310.4(b)(1)(v) https://portal.t
+12054547672,+1 (205) 454-7672,Amazon-SuspiciousCharge-P1,1,1,0,no,pdf:pointofnoentry-akamgtcdletter.pdf,)(1)(v) https://portal.tracebacks.org/api/public/ 16 C.F.R. 6/21/2022 6/18/2022 2054547672 Amazon-SuspiciousCharge-P1 attachments/924838 § 310.4(b)(1)(v) https://portal.t
+12067181883,+1 (206) 718-1883,Amazon-SuspiciousCharge-P1,1,1,0,no,pdf:pointofnoentry-akamgtcdletter.pdf,)(1)(v) https://portal.tracebacks.org/api/public/ 16 C.F.R. 6/21/2022 6/17/2022 2067181883 Amazon-SuspiciousCharge-P1 attachments/924827 § 310.4(b)(1)(v) https://portal.t
+12083292074,+1 (208) 329-2074,Amazon-SuspiciousCharge-P1,1,1,0,no,pdf:pointofnoentry-akamgtcdletter.pdf,)(1)(v) https://portal.tracebacks.org/api/public/ 16 C.F.R. 6/21/2022 6/17/2022 2083292074 Amazon-SuspiciousCharge-P1 attachments/924821 § 310.4(b)(1)(v) https://portal.t
+16037851854,+1 (603) 785-1854,Amazon-AuthorizeOrder,1,1,0,no,pdf:pointofnoentry-akamgtcdletter.pdf,)(1)(v) https://portal.tracebacks.org/api/public/ 16 C.F.R. 6/17/2022 6/14/2022 6037851854 Amazon-AuthorizeOrder attachments/917074 § 310.4(b)(1)(v) https://portal.traceb
+17703208774,+1 (770) 320-8774,Hotel-ComplimentaryStay,1,1,0,no,pdf:pointofnoentry-akamgtcdletter.pdf,b)(1)(v) https://portal.tracebacks.org/api/public/ 16 C.F.R. 6/14/2022 6/9/2022 7703208774 Hotel-ComplimentaryStay attachments/892547 § 310.4(b)(1)(v) https://portal.trac
+18002656558,+1 (800) 265-6558,Discount-DirecTV50,1,1,0,no,pdf:pointofnoentry-akamgtcdletter.pdf,)(1)(v) https://portal.tracebacks.org/api/public/ 16 C.F.R. 5/27/2022 5/23/2022 8002656558 Discount-DirecTV50 attachments/872725 § 310.4(b)(1)(v) https://portal.traceback
+19516805349,+1 (951) 680-5349,Amazon-AuthorizeOrder,1,1,0,no,pdf:pointofnoentry-akamgtcdletter.pdf,)(1)(v) https://portal.tracebacks.org/api/public/ 16 C.F.R. 5/17/2022 5/16/2022 9516805349 Amazon-AuthorizeOrder attachments/857385 § 310.4(b)(1)(v) https://portal.traceb
+12483690599,+1 (248) 369-0599,Amazon-AuthorizeOrder,1,1,0,no,pdf:pointofnoentry-akamgtcdletter.pdf,)(1)(v) https://portal.tracebacks.org/api/public/ 16 C.F.R. 5/17/2022 5/16/2022 2483690599 Amazon-AuthorizeOrder attachments/857375 § 310.4(b)(1)(v) https://portal.traceb
+15154213538,+1 (515) 421-3538,Amazon-SuspiciousCharge-P1,1,1,0,no,pdf:pointofnoentry-akamgtcdletter.pdf,(b)(1)(v) https://portal.tracebacks.org/api/public/ 16 C.F.R. 5/9/2022 5/6/2022 5154213538 Amazon-SuspiciousCharge-P1 attachments/838928 § 310.4(b)(1)(v) https://portal.t
+17033385636,+1 (703) 338-5636,Amazon-SuspiciousCharge-P1,1,1,0,no,pdf:pointofnoentry-akamgtcdletter.pdf,(b)(1)(v) https://portal.tracebacks.org/api/public/ 16 C.F.R. 5/9/2022 5/6/2022 7033385636 Amazon-SuspiciousCharge-P1 attachments/838914 § 310.4(b)(1)(v) https://portal.t
+16108048892,+1 (610) 804-8892,Amazon-SuspiciousCharge-P1,1,1,0,no,pdf:pointofnoentry-akamgtcdletter.pdf,(b)(1)(v) https://portal.tracebacks.org/api/public/ 16 C.F.R. 5/9/2022 5/7/2022 6108048892 Amazon-SuspiciousCharge-P1 attachments/838911 § 310.4(b)(1)(v) Page 1 of 5 http
+14093135174,+1 (409) 313-5174,LegalDept-Action-P1,1,1,0,no,pdf:pointofnoentry-akamgtcdletter.pdf,ge 1 of 5 https://portal.tracebacks.org/api/public/ 16 C.F.R. 5/3/2022 5/2/2022 4093135174 LegalDept-Action-P1 attachments/832646 § 310.4(b)(1)(v) https://portal.tracebac
+17023304213,+1 (702) 330-4213,LegalDept-Action-P1,1,1,0,no,pdf:pointofnoentry-akamgtcdletter.pdf,(b)(1)(v) https://portal.tracebacks.org/api/public/ 16 C.F.R. 5/3/2022 5/2/2022 7023304213 LegalDept-Action-P1 attachments/832641 § 310.4(b)(1)(v) https://portal.tracebac
+18086524232,+1 (808) 652-4232,Amazon-SuspiciousCharge-P1,1,1,0,no,pdf:pointofnoentry-akamgtcdletter.pdf,)(1)(v) https://portal.tracebacks.org/api/public/ 16 C.F.R. 4/20/2022 4/19/2022 8086524232 Amazon-SuspiciousCharge-P1 attachments/817218 § 310.4(b)(1)(v) https://portal.t
+16182444400,+1 (618) 244-4400,Amazon-SuspiciousCharge-P1,1,1,0,no,pdf:pointofnoentry-akamgtcdletter.pdf,)(1)(v) https://portal.tracebacks.org/api/public/ 16 C.F.R. 4/20/2022 4/19/2022 6182444400 Amazon-SuspiciousCharge-P1 attachments/817196 § 310.4(b)(1)(v) https://portal.t
+14074944133,+1 (407) 494-4133,Amazon-SuspiciousCharge-P1,1,1,0,no,pdf:pointofnoentry-akamgtcdletter.pdf,)(1)(v) https://portal.tracebacks.org/api/public/ 16 C.F.R. 4/20/2022 4/19/2022 4074944133 Amazon-SuspiciousCharge-P1 attachments/817195 § 310.4(b)(1)(v) https://portal.t
+15102724382,+1 (510) 272-4382,Amazon-SuspiciousCharge-P1,1,1,0,no,pdf:pointofnoentry-akamgtcdletter.pdf,)(1)(v) https://portal.tracebacks.org/api/public/ 16 C.F.R. 4/20/2022 4/18/2022 5102724382 Amazon-SuspiciousCharge-P1 attachments/817188 § 310.4(b)(1)(v) https://portal.t
+18326834864,+1 (832) 683-4864,Amazon-SuspiciousCharge-P1,1,1,0,no,pdf:pointofnoentry-akamgtcdletter.pdf,)(1)(v) https://portal.tracebacks.org/api/public/ 16 C.F.R. 4/20/2022 4/18/2022 8326834864 Amazon-SuspiciousCharge-P1 attachments/817187 § 310.4(b)(1)(v) https://portal.t
+14163319899,+1 (416) 331-9899,Amazon-SuspiciousCharge,1,1,0,no,pdf:pointofnoentry-akamgtcdletter.pdf,(b)(1)(v) https://portal.tracebacks.org/api/public/ 16 C.F.R. 4/9/2022 4/7/2022 4163319899 Amazon-SuspiciousCharge attachments/800227 § 310.4(b)(1)(v) https://portal.trac
+14103254936,+1 (410) 325-4936,Amazon-SuspiciousCharge,1,1,0,no,pdf:pointofnoentry-akamgtcdletter.pdf,(b)(1)(v) https://portal.tracebacks.org/api/public/ 16 C.F.R. 4/9/2022 4/7/2022 4103254936 Amazon-SuspiciousCharge attachments/800223 § 310.4(b)(1)(v) https://portal.trac
+17179583594,+1 (717) 958-3594,Amazon-AuthorizeOrder,1,1,0,no,pdf:pointofnoentry-akamgtcdletter.pdf,(b)(1)(v) https://portal.tracebacks.org/api/public/ 16 C.F.R. 4/4/2022 4/3/2022 7179583594 Amazon-AuthorizeOrder attachments/795479 § 310.4(b)(1)(v) https://portal.traceb
+19163154536,+1 (916) 315-4536,Amazon-AuthorizeOrder,1,1,0,no,pdf:pointofnoentry-akamgtcdletter.pdf,(b)(1)(v) https://portal.tracebacks.org/api/public/ 16 C.F.R. 4/4/2022 4/3/2022 9163154536 Amazon-AuthorizeOrder attachments/795477 § 310.4(b)(1)(v) https://portal.traceb
+19733890712,+1 (973) 389-0712,Amazon-AuthorizeOrder,1,1,0,no,pdf:pointofnoentry-akamgtcdletter.pdf,(b)(1)(v) https://portal.tracebacks.org/api/public/ 16 C.F.R. 4/4/2022 4/3/2022 9733890712 Amazon-AuthorizeOrder attachments/795475 § 310.4(b)(1)(v) https://portal.traceb
+18708644946,+1 (870) 864-4946,Amazon-AuthorizeOrder,1,1,0,no,pdf:pointofnoentry-akamgtcdletter.pdf,(b)(1)(v) https://portal.tracebacks.org/api/public/ 16 C.F.R. 4/4/2022 4/3/2022 8708644946 Amazon-AuthorizeOrder attachments/795474 § 310.4(b)(1)(v) https://portal.traceb
+13604774043,+1 (360) 477-4043,Amazon-AuthorizeOrder,1,1,0,no,pdf:pointofnoentry-akamgtcdletter.pdf,(b)(1)(v) https://portal.tracebacks.org/api/public/ 16 C.F.R. 4/4/2022 4/3/2022 3604774043 Amazon-AuthorizeOrder attachments/795473 § 310.4(b)(1)(v) https://portal.traceb
+18166484759,+1 (816) 648-4759,Amazon-AuthorizeOrder,1,1,0,no,pdf:pointofnoentry-akamgtcdletter.pdf,(b)(1)(v) https://portal.tracebacks.org/api/public/ 16 C.F.R. 4/4/2022 4/3/2022 8166484759 Amazon-AuthorizeOrder attachments/795470 § 310.4(b)(1)(v) https://portal.traceb
+16467130572,+1 (646) 713-0572,Amazon-AuthorizeOrder,1,1,0,no,pdf:pointofnoentry-akamgtcdletter.pdf,(b)(1)(v) https://portal.tracebacks.org/api/public/ 16 C.F.R. 4/4/2022 4/3/2022 6467130572 Amazon-AuthorizeOrder attachments/795468 § 310.4(b)(1)(v) Page 2 of 5 https://p
+17859440013,+1 (785) 944-0013,Amazon-AuthorizeOrder,1,1,0,no,pdf:pointofnoentry-akamgtcdletter.pdf,ge 2 of 5 https://portal.tracebacks.org/api/public/ 16 C.F.R. 4/4/2022 4/3/2022 7859440013 Amazon-AuthorizeOrder attachments/795467 § 310.4(b)(1)(v) https://portal.traceb
+17862459683,+1 (786) 245-9683,Amazon-AuthorizeOrder,1,1,0,no,pdf:pointofnoentry-akamgtcdletter.pdf,(b)(1)(v) https://portal.tracebacks.org/api/public/ 16 C.F.R. 4/4/2022 4/3/2022 7862459683 Amazon-AuthorizeOrder attachments/795465 § 310.4(b)(1)(v) https://portal.traceb
+12482661156,+1 (248) 266-1156,Amazon-AuthorizeOrder,1,1,0,no,pdf:pointofnoentry-akamgtcdletter.pdf,(b)(1)(v) https://portal.tracebacks.org/api/public/ 16 C.F.R. 4/4/2022 4/2/2022 2482661156 Amazon-AuthorizeOrder attachments/795462 § 310.4(b)(1)(v) https://portal.traceb
+12484977889,+1 (248) 497-7889,Amazon-AuthorizeOrder,1,1,0,no,pdf:pointofnoentry-akamgtcdletter.pdf,(b)(1)(v) https://portal.tracebacks.org/api/public/ 16 C.F.R. 4/4/2022 4/2/2022 2484977889 Amazon-AuthorizeOrder attachments/795460 § 310.4(b)(1)(v) https://portal.traceb
+13133501429,+1 (313) 350-1429,Amazon-AuthorizeOrder,1,1,0,no,pdf:pointofnoentry-akamgtcdletter.pdf,(b)(1)(v) https://portal.tracebacks.org/api/public/ 16 C.F.R. 4/4/2022 4/1/2022 3133501429 Amazon-AuthorizeOrder attachments/795459 § 310.4(b)(1)(v) https://portal.traceb
+16628195327,+1 (662) 819-5327,Amazon-AuthorizeOrder,1,1,0,no,pdf:pointofnoentry-akamgtcdletter.pdf,(b)(1)(v) https://portal.tracebacks.org/api/public/ 16 C.F.R. 4/4/2022 4/3/2022 6628195327 Amazon-AuthorizeOrder attachments/795456 § 310.4(b)(1)(v) https://portal.traceb
+16624954062,+1 (662) 495-4062,Amazon-AuthorizeOrder,1,1,0,no,pdf:pointofnoentry-akamgtcdletter.pdf,(b)(1)(v) https://portal.tracebacks.org/api/public/ 16 C.F.R. 4/4/2022 4/2/2022 6624954062 Amazon-AuthorizeOrder attachments/795454 § 310.4(b)(1)(v) https://portal.traceb
+16624144977,+1 (662) 414-4977,Amazon-AuthorizeOrder,1,1,0,no,pdf:pointofnoentry-akamgtcdletter.pdf,(b)(1)(v) https://portal.tracebacks.org/api/public/ 16 C.F.R. 4/4/2022 4/2/2022 6624144977 Amazon-AuthorizeOrder attachments/795453 § 310.4(b)(1)(v) https://portal.traceb
+12522988828,+1 (252) 298-8828,LegalDept-Action-P1,1,1,0,no,pdf:pointofnoentry-akamgtcdletter.pdf,)(1)(v) https://portal.tracebacks.org/api/public/ 16 C.F.R. 3/25/2022 3/24/2022 2522988828 LegalDept-Action-P1 attachments/782206 § 310.4(b)(1)(v) https://portal.tracebac
+14108525484,+1 (410) 852-5484,LegalDept-Action-P1,1,1,0,no,pdf:pointofnoentry-akamgtcdletter.pdf,)(1)(v) https://portal.tracebacks.org/api/public/ 16 C.F.R. 3/25/2022 3/23/2022 4108525484 LegalDept-Action-P1 attachments/782203 § 310.4(b)(1)(v) https://portal.tracebac
+13144970863,+1 (314) 497-0863,LegalDept-Action-P1,1,1,0,no,pdf:pointofnoentry-akamgtcdletter.pdf,)(1)(v) https://portal.tracebacks.org/api/public/ 16 C.F.R. 3/24/2022 3/22/2022 3144970863 LegalDept-Action-P1 attachments/776734 § 310.4(b)(1)(v) https://portal.tracebac
+19192484758,+1 (919) 248-4758,LegalDept-Action-P1,1,1,0,no,pdf:pointofnoentry-akamgtcdletter.pdf,)(1)(v) https://portal.tracebacks.org/api/public/ 16 C.F.R. 3/24/2022 3/22/2022 9192484758 LegalDept-Action-P1 attachments/776726 § 310.4(b)(1)(v) https://portal.tracebac
+16783728849,+1 (678) 372-8849,LegalDept-Action-P1,1,1,0,no,pdf:pointofnoentry-akamgtcdletter.pdf,)(1)(v) https://portal.tracebacks.org/api/public/ 16 C.F.R. 3/24/2022 3/22/2022 6783728849 LegalDept-Action-P1 attachments/776717 § 310.4(b)(1)(v) https://portal.tracebac
+15807714833,+1 (580) 771-4833,Amazon-AuthorizeOrder-P3,1,1,0,no,pdf:pointofnoentry-akamgtcdletter.pdf,(b)(1)(v) https://portal.tracebacks.org/api/public/ 16 C.F.R. 3/9/2022 3/3/2022 5807714833 Amazon-AuthorizeOrder-P3 attachments/739583 § 310.4(b)(1)(v) https://portal.tra
+16466711465,+1 (646) 671-1465,LegalDept-Action-P1,1,1,0,no,pdf:pointofnoentry-akamgtcdletter.pdf,b)(1)(v) https://portal.tracebacks.org/api/public/ 16 C.F.R. 3/8/2022 2/28/2022 6466711465 LegalDept-Action-P1 attachments/719746 § 310.4(b)(1)(v) https://portal.tracebac
+15707934901,+1 (570) 793-4901,LegalDept-Action-P1,1,1,0,no,pdf:pointofnoentry-akamgtcdletter.pdf,b)(1)(v) https://portal.tracebacks.org/api/public/ 16 C.F.R. 3/5/2022 2/28/2022 5707934901 LegalDept-Action-P1 attachments/719736 § 310.4(b)(1)(v) Page 3 of 5 https://por
+19312679487,+1 (931) 267-9487,LegalDept-Action-P1,1,1,0,no,pdf:pointofnoentry-akamgtcdletter.pdf,e 3 of 5 https://portal.tracebacks.org/api/public/ 16 C.F.R. 3/3/2022 2/28/2022 9312679487 LegalDept-Action-P1 attachments/719755 § 310.4(b)(1)(v) https://portal.tracebac
+14147476980,+1 (414) 747-6980,SSA-P1-TexasFraud (GovtImpers),1,1,0,no,pdf:pointofnoentry-akamgtcdletter.pdf,(b)(1)(v) https://portal.tracebacks.org/api/public/ 16 C.F.R. 3/2/2022 3/1/2022 4147476980 SSA-P1-TexasFraud (GovtImpers) attachments/723508 § 310.4(b)(1)(v) https://port
+14147479820,+1 (414) 747-9820,SSA-P1-TexasFraud (GovtImpers),1,1,0,no,pdf:pointofnoentry-akamgtcdletter.pdf,b)(1)(v) https://portal.tracebacks.org/api/public/ 16 C.F.R. 3/2/2022 2/28/2022 4147479820 SSA-P1-TexasFraud (GovtImpers) attachments/723504 § 310.4(b)(1)(v) https://port
+16015262841,+1 (601) 526-2841,SSA-P1-TexasFraud (GovtImpers),1,1,0,no,pdf:pointofnoentry-akamgtcdletter.pdf,b)(1)(v) https://portal.tracebacks.org/api/public/ 16 C.F.R. 3/2/2022 2/28/2022 6015262841 SSA-P1-TexasFraud (GovtImpers) attachments/723501 § 310.4(b)(1)(v) https://port
+17047716086,+1 (704) 771-6086,LegalDept-Action-P1,1,1,0,no,pdf:pointofnoentry-akamgtcdletter.pdf,b)(1)(v) https://portal.tracebacks.org/api/public/ 16 C.F.R. 3/2/2022 2/28/2022 7047716086 LegalDept-Action-P1 attachments/719750 § 310.4(b)(1)(v) https://portal.tracebac
+18137771172,+1 (813) 777-1172,LegalDept-Action-P1,1,1,0,no,pdf:pointofnoentry-akamgtcdletter.pdf,b)(1)(v) https://portal.tracebacks.org/api/public/ 16 C.F.R. 3/1/2022 2/28/2022 8137771172 LegalDept-Action-P1 attachments/719759 § 310.4(b)(1)(v) https://portal.tracebac
+19173533758,+1 (917) 353-3758,LegalDept-Action-P1,1,1,0,no,pdf:pointofnoentry-akamgtcdletter.pdf,b)(1)(v) https://portal.tracebacks.org/api/public/ 16 C.F.R. 3/1/2022 2/28/2022 9173533758 LegalDept-Action-P1 attachments/719744 § 310.4(b)(1)(v) https://portal.tracebac
+16093465559,+1 (609) 346-5559,LegalDept-Action-P1,1,1,0,no,pdf:pointofnoentry-akamgtcdletter.pdf,)(1)(v) https://portal.tracebacks.org/api/public/ 16 C.F.R. 2/19/2022 2/17/2022 6093465559 LegalDept-Action-P1 attachments/702988 § 310.4(b)(1)(v) https://portal.tracebac
+12106436489,+1 (210) 643-6489,LegalDept-Action-P1,1,1,0,no,pdf:pointofnoentry-akamgtcdletter.pdf,)(1)(v) https://portal.tracebacks.org/api/public/ 16 C.F.R. 2/18/2022 2/17/2022 2106436489 LegalDept-Action-P1 attachments/702999 § 310.4(b)(1)(v) https://portal.tracebac
+15127849022,+1 (512) 784-9022,Amazon-SuspiciousCharge-P1,1,1,0,no,pdf:pointofnoentry-akamgtcdletter.pdf,)(1)(v) https://portal.tracebacks.org/api/public/ 16 C.F.R. 2/16/2022 2/15/2022 5127849022 Amazon-SuspiciousCharge-P1 attachments/698028 § 310.4(b)(1)(v) https://portal.t
+18147693260,+1 (814) 769-3260,SSA-KindlyPressOne,1,1,0,no,pdf:pointofnoentry-akamgtcdletter.pdf,(b)(1)(v) https://portal.tracebacks.org/api/public/ 16 C.F.R. 2/5/2022 2/3/2022 8147693260 SSA-KindlyPressOne attachments/668449 § 310.4(b)(1)(v) https://portal.traceback
+17862867659,+1 (786) 286-7659,SSA-KindlyPressOne,1,1,0,no,pdf:pointofnoentry-akamgtcdletter.pdf,)(1)(v) https://portal.tracebacks.org/api/public/ 16 C.F.R. 12/8/2021 12/6/2021 7862867659 SSA-KindlyPressOne attachments/584766 § 310.4(b)(1)(v) https://portal.traceback
+19176757189,+1 (917) 675-7189,SSA-KindlyPressOne,1,1,0,no,pdf:pointofnoentry-akamgtcdletter.pdf,)(1)(v) https://portal.tracebacks.org/api/public/ 16 C.F.R. 12/8/2021 12/6/2021 9176757189 SSA-KindlyPressOne attachments/584765 § 310.4(b)(1)(v) https://portal.traceback
+13028747332,+1 (302) 874-7332,Utility-30MinDisconnect,1,1,0,no,pdf:pointofnoentry-akamgtcdletter.pdf,1)(v) https://portal.tracebacks.org/api/public/ 16 C.F.R. 10/15/2021 10/13/2021 3028747332 Utility-30MinDisconnect attachments/520014 § 310.4(b)(1)(v) Page 4 of 5 https:/
+14147325414,+1 (414) 732-5414,Amazon-AuthorizeOrder,1,1,0,no,pdf:pointofnoentry-akamgtcdletter.pdf,4 of 5 https://portal.tracebacks.org/api/public/ 16 C.F.R. 10/9/2021 10/7/2021 4147325414 Amazon-AuthorizeOrder attachments/500510 § 310.4(b)(1)(v) https://portal.traceb
+16614122607,+1 (661) 412-2607,Amazon-AuthorizeOrder,1,1,0,no,pdf:pointofnoentry-akamgtcdletter.pdf,)(1)(v) https://portal.tracebacks.org/api/public/ 16 C.F.R. 10/9/2021 10/7/2021 6614122607 Amazon-AuthorizeOrder attachments/500508 § 310.4(b)(1)(v) https://portal.traceb
+16143235264,+1 (614) 323-5264,CCIRR-VisaAlert,1,1,0,no,pdf:pointofnoentry-akamgtcdletter.pdf,)(1)(v) https://portal.tracebacks.org/api/public/ 16 C.F.R. 10/7/2021 10/5/2021 6143235264 CCIRR-VisaAlert attachments/497288 § 310.4(b)(1)(v) https://portal.tracebacks.o
+14059239570,+1 (405) 923-9570,Utility-30MinDisconnect,1,1,0,no,pdf:pointofnoentry-akamgtcdletter.pdf,)(1)(v) https://portal.tracebacks.org/api/public/ 16 C.F.R. 10/1/2021 9/30/2021 4059239570 Utility-30MinDisconnect attachments/487206 § 310.4(b)(1)(v) https://portal.trac
+16626695958,+1 (662) 669-5958,Legal-Enforcement-Notice,1,1,0,no,pdf:pointofnoentry-akamgtcdletter.pdf,)(1)(v) https://portal.tracebacks.org/api/public/ 16 C.F.R. 9/29/2021 9/27/2021 6626695958 Legal-Enforcement-Notice attachments/482002 § 310.4(b)(1)(v) https://portal.tra
+12286694932,+1 (228) 669-4932,Legal-Enforcement-Notice,1,1,0,no,pdf:pointofnoentry-akamgtcdletter.pdf,)(1)(v) https://portal.tracebacks.org/api/public/ 16 C.F.R. 9/29/2021 9/27/2021 2286694932 Legal-Enforcement-Notice attachments/482001 § 310.4(b)(1)(v) https://portal.tra
+16097092115,+1 (609) 709-2115,Legal-Enforcement-Notice,1,1,0,no,pdf:pointofnoentry-akamgtcdletter.pdf,)(1)(v) https://portal.tracebacks.org/api/public/ 16 C.F.R. 9/21/2021 9/20/2021 6097092115 Legal-Enforcement-Notice attachments/463269 § 310.4(b)(1)(v) https://portal.tra
+12542929104,+1 (254) 292-9104,Legal-Enforcement-Notice,1,1,0,no,pdf:pointofnoentry-akamgtcdletter.pdf,)(1)(v) https://portal.tracebacks.org/api/public/ 16 C.F.R. 9/21/2021 9/20/2021 2542929104 Legal-Enforcement-Notice attachments/463260 § 310.4(b)(1)(v) https://portal.tra
+15709943714,+1 (570) 994-3714,Computer-Hijack,1,1,0,no,pdf:pointofnoentry-akamgtcdletter.pdf,b)(1)(v) https://portal.tracebacks.org/api/public/ 16 C.F.R. 9/13/2021 9/9/2021 5709943714 Computer-Hijack attachments/444728 § 310.4(b)(1)(v) https://portal.tracebacks.o
+13032284100,+1 (303) 228-4100,Utility-30MinDisconnect,1,1,0,no,pdf:pointofnoentry-akamgtcdletter.pdf,b)(1)(v) https://portal.tracebacks.org/api/public/ 16 C.F.R. 8/2/2021 7/31/2021 3032284100 Utility-30MinDisconnect attachments/314155 § 310.4(b)(1)(v) https://portal.trac
+12128845448,+1 (212) 884-5448,Impers,1,1,0,no,pdf:pointofnoentry-bandwidthceasedesistletter.pdf,reless- https://portal.tracebacks.org/api/public/at 16 C.F.R. 9/8/2023 9/7/2023 12128845448 Impers tachments/1366443 § 310.4(b)(1)(v) https://portal.tracebacks.org/api/pub
+12126882714,+1 (212) 688-2714,Chinese-ISP/Cable/Wireless-Impers,1,1,0,no,pdf:pointofnoentry-bandwidthceasedesistletter.pdf,)(1)(v) https://portal.tracebacks.org/api/public/at 16 C.F.R. 9/8/2023 9/7/2023 12126882714 Chinese-ISP/Cable/Wireless-Impers tachments/1366441 § 310.4(b)(1)(v) https://po
+12196719554,+1 (219) 671-9554,Amazon-AuthorizeOrder-P3,1,1,0,no,pdf:pointofnoentry-bandwidthceasedesistletter.pdf,)(1)(v) https://portal.tracebacks.org/api/public/at 16 C.F.R. 9/8/2023 9/7/2023 12196719554 Amazon-AuthorizeOrder-P3 tachments/1366381 § 310.4(b)(1)(v) https://portal.trac
+12059004164,+1 (205) 900-4164,Amazon-AuthorizeOrder-P3,1,1,0,no,pdf:pointofnoentry-bandwidthceasedesistletter.pdf,)(1)(v) https://portal.tracebacks.org/api/public/at 16 C.F.R. 9/8/2023 9/7/2023 12059004164 Amazon-AuthorizeOrder-P3 tachments/1366379 § 310.4(b)(1)(v) https://portal.trac
+13868045527,+1 (386) 804-5527,Amazon-AuthorizeOrder-P3,1,1,0,no,pdf:pointofnoentry-bandwidthceasedesistletter.pdf,)(1)(v) https://portal.tracebacks.org/api/public/at 16 C.F.R. 9/5/2023 9/1/2023 13868045527 Amazon-AuthorizeOrder-P3 tachments/1365552 § 310.4(b)(1)(v) https://portal.trac
+12174083205,+1 (217) 408-3205,Amazon-AuthorizeOrder-P3,1,1,0,no,pdf:pointofnoentry-bandwidthceasedesistletter.pdf,(1)(v) https://portal.tracebacks.org/api/public/at 16 C.F.R. 9/1/2023 8/31/2023 12174083205 Amazon-AuthorizeOrder-P3 tachments/1365168 § 310.4(b)(1)(v) https://portal.trac
+16469803521,+1 (646) 980-3521,Amazon-Various-P1,1,1,0,no,pdf:pointofnoentry-bandwidthceasedesistletter.pdf,1)(v) https://portal.tracebacks.org/api/public/at 16 C.F.R. 8/30/2023 8/29/2023 16469803521 Amazon-Various-P1 tachments/1364431 § 310.4(b)(1)(v) 16 C.F.R. 8/28/2023 8/23/2
+17079802926,+1 (707) 980-2926,Amazon-AuthorizeOrder-P3,1,1,0,no,pdf:pointofnoentry-bandwidthceasedesistletter.pdf,1)(v) https://portal.tracebacks.org/api/public/at 16 C.F.R. 8/25/2023 8/24/2023 17079802926 Amazon-AuthorizeOrder-P3 tachments/1363524 § 310.4(b)(1)(v) https://portal.trac
+17578447594,+1 (757) 844-7594,Amazon-AuthorizeOrder-P3,1,1,0,no,pdf:pointofnoentry-bandwidthceasedesistletter.pdf,1)(v) https://portal.tracebacks.org/api/public/at 16 C.F.R. 8/25/2023 8/24/2023 17578447594 Amazon-AuthorizeOrder-P3 tachments/1363520 § 310.4(b)(1)(v) https://portal.trac
+18439570024,+1 (843) 957-0024,Amazon-AuthorizeOrder-P3,1,1,0,no,pdf:pointofnoentry-bandwidthceasedesistletter.pdf,1)(v) https://portal.tracebacks.org/api/public/at 16 C.F.R. 8/22/2023 8/21/2023 18439570024 Amazon-AuthorizeOrder-P3 tachments/1362606 § 310.4(b)(1)(v) https://portal.trac
+17029942423,+1 (702) 994-2423,Amazon-AuthorizeOrder-P3,1,1,0,no,pdf:pointofnoentry-bandwidthceasedesistletter.pdf,)(1)(v) https://portal.tracebacks.org/api/public/at 16 C.F.R. 8/9/2023 8/8/2023 17029942423 Amazon-AuthorizeOrder-P3 tachments/1357920 § 310.4(b)(1)(v) https://portal.trac
+18477213223,+1 (847) 721-3223,Amazon-AuthorizeOrder-P3,1,1,0,no,pdf:pointofnoentry-bandwidthceasedesistletter.pdf,)(1)(v) https://portal.tracebacks.org/api/public/at 16 C.F.R. 8/9/2023 8/8/2023 18477213223 Amazon-AuthorizeOrder-P3 tachments/1357912 § 310.4(b)(1)(v) 16 C.F.R. 7/27/2023
+19142924028,+1 (914) 292-4028,,1,1,0,no,pdf:pointofnoentry-bandwidthceasedesistletter.pdf,horizeOrder-P3 tachments/1357912 § 310.4(b)(1)(v) 16 C.F.R. 7/27/2023 7/20/2023 19142924028 PCH-Various-P2 § 310.4(b)(1)(v) https://portal.tracebacks.org/api/public/at 16
+16018971463,+1 (601) 897-1463,,1,1,0,no,pdf:pointofnoentry-bandwidthceasedesistletter.pdf,SupplyCharges tachments/1342644 § 310.4(b)(1)(v) 16 C.F.R. 10/12/2022 9/29/2022 6018971463 LawEnforcement-GovtImpers-P1 § 310.4(b)(1)(v) 16 C.F.R. 9/30/2022 9/29/2022 646
+16464397377,+1 (646) 439-7377,,1,1,0,no,pdf:pointofnoentry-bandwidthceasedesistletter.pdf,463 LawEnforcement-GovtImpers-P1 § 310.4(b)(1)(v) 16 C.F.R. 9/30/2022 9/29/2022 6464397377 Amazon-Impers-P2 § 310.4(b)(1)(v) 16 C.F.R. 9/12/2022 9/2/2022 2028586421 Amazo
+12028586421,+1 (202) 858-6421,,1,1,0,no,pdf:pointofnoentry-bandwidthceasedesistletter.pdf,/2022 6464397377 Amazon-Impers-P2 § 310.4(b)(1)(v) 16 C.F.R. 9/12/2022 9/2/2022 2028586421 Amazon-Impers-P2 § 310.4(b)(1)(v) 16 C.F.R. 9/12/2022 9/6/2022 2536480206 Amazo
+16178632898,+1 (617) 863-2898,,1,1,0,no,pdf:pointofnoentry-bandwidthceasedesistletter.pdf,2022 2536480206 Amazon-Impers-P2 § 310.4(b)(1)(v) 16 C.F.R. 9/12/2022 8/26/2022 6178632898 Amazon-Impers-P2 § 310.4(b)(1)(v) https://portal.tracebacks.org/api/public/at 1
+17866525838,+1 (786) 652-5838,,1,1,0,no,pdf:pointofnoentry-bandwidthceasedesistletter.pdf,0MinDisconnect tachments/1031577 § 310.4(b)(1)(v) 16 C.F.R. 8/18/2022 8/12/2022 7866525838 Amazon-Impers-P2 § 310.4(b)(1)(v) 16 C.F.R. 8/11/2022 7/25/2022 8053215810 Amaz
+19294730929,+1 (929) 473-0929,,1,1,0,no,pdf:pointofnoentry-bandwidthceasedesistletter.pdf,2022 8053215810 Amazon-Impers-P2 § 310.4(b)(1)(v) 16 C.F.R. 7/25/2022 5/10/2022 9294730929 Relative-Scam § 310.4(b)(1)(v) 16 C.F.R. 7/22/2022 7/12/2022 4433839669 Grandpa
+14433839669,+1 (443) 383-9669,,1,1,0,no,pdf:pointofnoentry-bandwidthceasedesistletter.pdf,10/2022 9294730929 Relative-Scam § 310.4(b)(1)(v) 16 C.F.R. 7/22/2022 7/12/2022 4433839669 Grandparentscam § 310.4(b)(1)(v) 16 C.F.R. 7/22/2022 7/12/2022 8453023319 Grand
+18453023319,+1 (845) 302-3319,,1,1,0,no,pdf:pointofnoentry-bandwidthceasedesistletter.pdf,/2022 4433839669 Grandparentscam § 310.4(b)(1)(v) 16 C.F.R. 7/22/2022 7/12/2022 8453023319 Grandparentscam § 310.4(b)(1)(v) 16 C.F.R. 7/14/2022 7/4/2022 4429004989 PCH-Va
+14429004989,+1 (442) 900-4989,,1,1,0,no,pdf:pointofnoentry-bandwidthceasedesistletter.pdf,2/2022 8453023319 Grandparentscam § 310.4(b)(1)(v) 16 C.F.R. 7/14/2022 7/4/2022 4429004989 PCH-Various-P2 § 310.4(b)(1)(v) 16 C.F.R. 7/13/2022 6/16/2022 7472852558 GovtIm
+17472852558,+1 (747) 285-2558,,1,1,0,no,pdf:pointofnoentry-bandwidthceasedesistletter.pdf,4/2022 4429004989 PCH-Various-P2 § 310.4(b)(1)(v) 16 C.F.R. 7/13/2022 6/16/2022 7472852558 GovtImpers § 310.4(b)(1)(v) 16 C.F.R. 6/17/2022 6/16/2022 7207394498 GovtImpers
+17207394498,+1 (720) 739-4498,,1,1,0,no,pdf:pointofnoentry-bandwidthceasedesistletter.pdf,6/16/2022 7472852558 GovtImpers § 310.4(b)(1)(v) 16 C.F.R. 6/17/2022 6/16/2022 7207394498 GovtImpers § 310.4(b)(1)(v) 16 C.F.R. 6/15/2022 6/3/2022 2064008163 Amazon-Impe
+12064570940,+1 (206) 457-0940,,1,1,0,no,pdf:pointofnoentry-bandwidthceasedesistletter.pdf,893 Amazon-SuspiciousOrderRefund § 310.4(b)(1)(v) 16 C.F.R. 6/14/2022 6/10/2022 2064570940 Amazon-SuspiciousOrderRefund § 310.4(b)(1)(v) 16 C.F.R. 6/13/2022 6/2/2022 2062
+12062992428,+1 (206) 299-2428,,1,1,0,no,pdf:pointofnoentry-bandwidthceasedesistletter.pdf,0940 Amazon-SuspiciousOrderRefund § 310.4(b)(1)(v) 16 C.F.R. 6/13/2022 6/2/2022 2062992428 Amazon-Impers-P2 § 310.4(b)(1)(v) 16 C.F.R. 6/13/2022 6/10/2022 2064830988 Amaz
+14106566890,+1 (410) 656-6890,,1,1,0,no,pdf:pointofnoentry-bandwidthceasedesistletter.pdf,/2022 2064008163 Amazon-Impers-P2 § 310.4(b)(1)(v) 16 C.F.R. 6/8/2022 5/31/2022 4106566890 Grandparentscam § 310.4(b)(1)(v) 16 C.F.R. 5/18/2022 5/9/2022 2522282495 Tech S
+12064159860,+1 (206) 415-9860,,1,1,0,no,pdf:pointofnoentry-bandwidthceasedesistletter.pdf,/2022 8602646919 Amazon-Impers-P2 § 310.4(b)(1)(v) 16 C.F.R. 5/5/2022 3/15/2022 2064159860 Amazon-Impers-P2 § 310.4(b)(1)(v) 16 C.F.R. 5/4/2022 4/26/2022 8602646919 Amazo
+17868643110,+1 (786) 864-3110,,1,1,0,no,pdf:pointofnoentry-bandwidthceasedesistletter.pdf,2022 8602646919 Amazon-Impers-P2 § 310.4(b)(1)(v) 16 C.F.R. 4/29/2022 4/19/2022 7868643110 Amazon-Impers-P2 § 310.4(b)(1)(v) 16 C.F.R. 4/19/2022 4/7/2022 7063813577 Amazo
+17063813577,+1 (706) 381-3577,,1,1,0,no,pdf:pointofnoentry-bandwidthceasedesistletter.pdf,/2022 7868643110 Amazon-Impers-P2 § 310.4(b)(1)(v) 16 C.F.R. 4/19/2022 4/7/2022 7063813577 Amazon-Impers-P2 § 310.4(b)(1)(v) 16 C.F.R. 4/15/2022 3/22/2022 2537800207 Tech
+12537800207,+1 (253) 780-0207,,1,1,0,no,pdf:pointofnoentry-bandwidthceasedesistletter.pdf,2022 7063813577 Amazon-Impers-P2 § 310.4(b)(1)(v) 16 C.F.R. 4/15/2022 3/22/2022 2537800207 Tech-Support-Fraud-G2 § 310.4(b)(1)(v) 16 C.F.R. 4/12/2022 4/5/2022 8135740820
+12062595009,+1 (206) 259-5009,,1,1,0,no,pdf:pointofnoentry-bandwidthceasedesistletter.pdf,forcement-Impers tachments/803975 § 310.4(b)(1)(v) 16 C.F.R. 4/6/2022 2/18/2022 2062595009 Amazon-Impers-P2 § 310.4(b)(1)(v) 16 C.F.R. 4/6/2022 2/16/2022 2069396700 Amazo
+12069396700,+1 (206) 939-6700,,1,1,0,no,pdf:pointofnoentry-bandwidthceasedesistletter.pdf,/2022 2062595009 Amazon-Impers-P2 § 310.4(b)(1)(v) 16 C.F.R. 4/6/2022 2/16/2022 2069396700 Amazon-Impers-P2 § 310.4(b)(1)(v) 16 C.F.R. 4/5/2022 3/28/2022 7192153210 Amazo
+18452730096,+1 (845) 273-0096,,1,1,0,no,pdf:pointofnoentry-bandwidthceasedesistletter.pdf,2022 7192153210 Amazon-Impers-P2 § 310.4(b)(1)(v) 16 C.F.R. 3/29/2022 3/22/2022 8452730096 Amazon-Impers-P2 § 310.4(b)(1)(v) 16 C.F.R. 3/24/2022 2/15/2022 2137889059 Amaz
+13859992686,+1 (385) 999-2686,,1,1,0,no,pdf:pointofnoentry-bandwidthceasedesistletter.pdf,15/2022 2137889059 Amazon-Impers § 310.4(b)(1)(v) 16 C.F.R. 3/23/2022 3/11/2021 3859992686 Amazon-Impers § 310.4(b)(1)(v) 16 C.F.R. 3/22/2022 2/16/2022 2137889059 Amazon-
+18056786471,+1 (805) 678-6471,,1,1,0,no,pdf:pointofnoentry-bandwidthceasedesistletter.pdf,2022 8059128265 Amazon-Impers-P2 § 310.4(b)(1)(v) 16 C.F.R. 3/10/2022 1/26/2022 8056786471 Amazon-Impers-P2 § 310.4(b)(1)(v) 16 C.F.R. 3/10/2022 1/26/2022 8059128265 Amaz
+12063978332,+1 (206) 397-8332,,1,1,0,no,pdf:pointofnoentry-bandwidthceasedesistletter.pdf,0/2022 8056786346 Amazon-Impers-P2 § 310.4(b)(1)(v) 16 C.F.R. 3/1/2022 3/1/2022 2063978332 SSA-LawEnforcement § 310.4(b)(1)(v) 16 C.F.R. 3/1/2022 2/10/2022 8056786346 Ama
+12063338288,+1 (206) 333-8288,,1,1,0,no,pdf:pointofnoentry-bandwidthceasedesistletter.pdf,/2022 8056786346 Amazon-Impers-P2 § 310.4(b)(1)(v) 16 C.F.R. 2/12/2022 2/1/2022 2063338288 Amazon-Impers-P2 § 310.4(b)(1)(v) 16 C.F.R. 2/11/2022 2/1/2022 2063338277 Amazo
+12063338277,+1 (206) 333-8277,,1,1,0,no,pdf:pointofnoentry-bandwidthceasedesistletter.pdf,/2022 2063338288 Amazon-Impers-P2 § 310.4(b)(1)(v) 16 C.F.R. 2/11/2022 2/1/2022 2063338277 Amazon-Impers-P2 § 310.4(b)(1)(v) 16 C.F.R. 2/11/2022 2/1/2022 7863103803 Amazo
+17863103803,+1 (786) 310-3803,,1,1,0,no,pdf:pointofnoentry-bandwidthceasedesistletter.pdf,/2022 2063338277 Amazon-Impers-P2 § 310.4(b)(1)(v) 16 C.F.R. 2/11/2022 2/1/2022 7863103803 Amazon-Impers-P2 § 310.4(b)(1)(v) 16 C.F.R. 2/4/2022 12/15/2021 9179089531 Gran
+13083659581,+1 (308) 365-9581,,1,1,0,no,pdf:pointofnoentry-bandwidthceasedesistletter.pdf,0/2021 3852382730 Amazon-Impers § 310.4(b)(1)(v) 16 C.F.R. 1/24/2022 11/30/2021 3083659581 Amazon-Impers § 310.4(b)(1)(v) 16 C.F.R. 1/21/2022 11/30/2021 3852382730 Amazon
+14185653617,+1 (418) 565-3617,,1,1,0,no,pdf:pointofnoentry-bandwidthceasedesistletter.pdf,/14/2021 8784442295 ATT-Impers § 310.4(b)(1)(v) 16 C.F.R. 11/29/2021 11/22/2021 4185653617 SpamCalls-Spoofed-P2 § 310.4(b)(1)(v) https://portal.tracebacks.org/api/public/
+13024540317,+1 (302) 454-0317,Utility-30MinDisconnect,1,1,0,no,pdf:pointofnoentry-bandwidthceasedesistletter.pdf,1)(v) https://portal.tracebacks.org/api/public/at 16 C.F.R. 11/5/2021 11/4/2021 3024540317 Utility-30MinDisconnect tachments/550692 § 310.4(b)(1)(v) 16 C.F.R. 10/20/2021
+18103398843,+1 (810) 339-8843,,1,1,0,no,pdf:pointofnoentry-bandwidthceasedesistletter.pdf,MinDisconnect tachments/550692 § 310.4(b)(1)(v) 16 C.F.R. 10/20/2021 10/13/2021 8103398843 Amazon-AccountCompromised § 310.4(b)(1)(v) 16 C.F.R. 10/19/2021 10/13/2021 7373
+17373008925,+1 (737) 300-8925,,1,1,0,no,pdf:pointofnoentry-bandwidthceasedesistletter.pdf,8843 Amazon-AccountCompromised § 310.4(b)(1)(v) 16 C.F.R. 10/19/2021 10/13/2021 7373008925 Amazon-AccountCompromised § 310.4(b)(1)(v) 16 C.F.R. 10/19/2021 10/13/2021 8627
+18627748230,+1 (862) 774-8230,,1,1,0,no,pdf:pointofnoentry-bandwidthceasedesistletter.pdf,8925 Amazon-AccountCompromised § 310.4(b)(1)(v) 16 C.F.R. 10/19/2021 10/13/2021 8627748230 Amazon-AccountCompromised § 310.4(b)(1)(v) 16 C.F.R. 10/19/2021 10/13/2021 2093
+12093085718,+1 (209) 308-5718,,1,1,0,no,pdf:pointofnoentry-bandwidthceasedesistletter.pdf,8230 Amazon-AccountCompromised § 310.4(b)(1)(v) 16 C.F.R. 10/19/2021 10/13/2021 2093085718 Amazon-AccountCompromised § 310.4(b)(1)(v) 16 C.F.R. 10/4/2021 10/1/2021 412541
+16416306871,+1 (641) 630-6871,,1,1,0,no,pdf:pointofnoentry-bandwidthceasedesistletter.pdf,/1/2021 4125414387 PayPal-Impers § 310.4(b)(1)(v) 16 C.F.R. 10/3/2021 9/22/2021 6416306871 Amazon-SuspiciousCharge § 310.4(b)(1)(v) 16 C.F.R. 10/1/2021 9/21/2021 20633856
+14159002861,+1 (415) 900-2861,,1,1,0,no,pdf:pointofnoentry-bandwidthceasedesistletter.pdf,3385669 LawEnforcement-Impers-P2 § 310.4(b)(1)(v) 16 C.F.R. 9/24/2021 9/22/2021 4159002861 Amazon-SuspiciousCharge § 310.4(b)(1)(v) 16 C.F.R. 7/21/2021 7/16/2021 74747771
+18045948227,+1 (804) 594-8227,,1,1,0,no,pdf:pointofnoentry-bandwidthceasedesistletter.pdf,021 7474777195 Tech-Support-Fraud § 310.4(b)(1)(v) 16 C.F.R. 7/15/2021 7/9/2021 8045948227 Tech-Support-Fraud § 310.4(b)(1)(v) 16 C.F.R. 7/13/2021 6/30/2021 8388002304 Te
+18388002304,+1 (838) 800-2304,,1,1,0,no,pdf:pointofnoentry-bandwidthceasedesistletter.pdf,21 8045948227 Tech-Support-Fraud § 310.4(b)(1)(v) 16 C.F.R. 7/13/2021 6/30/2021 8388002304 Tech-Support-Fraud § 310.4(b)(1)(v) 16 C.F.R. 6/11/2021 5/19/2021 6153984843 NO
+16153984843,+1 (615) 398-4843,,1,1,0,no,pdf:pointofnoentry-bandwidthceasedesistletter.pdf,21 8388002304 Tech-Support-Fraud § 310.4(b)(1)(v) 16 C.F.R. 6/11/2021 5/19/2021 6153984843 NORCOM-CallCenter § 310.4(b)(1)(v) 16 C.F.R. 6/11/2021 5/7/2021 8542033231 NORC
+18542033231,+1 (854) 203-3231,,1,1,0,no,pdf:pointofnoentry-bandwidthceasedesistletter.pdf,2021 6153984843 NORCOM-CallCenter § 310.4(b)(1)(v) 16 C.F.R. 6/11/2021 5/7/2021 8542033231 NORCOM-CallCenter § 310.4(b)(1)(v) 16 C.F.R. 6/11/2021 5/6/2021 2069296864 NORC
+12069296864,+1 (206) 929-6864,,1,1,0,no,pdf:pointofnoentry-bandwidthceasedesistletter.pdf,2021 8542033231 NORCOM-CallCenter § 310.4(b)(1)(v) 16 C.F.R. 6/11/2021 5/6/2021 2069296864 NORCOM-CallCenter § 310.4(b)(1)(v) 16 C.F.R. 6/11/2021 6/1/2021 8644288482 NORC
+18644288482,+1 (864) 428-8482,,1,1,0,no,pdf:pointofnoentry-bandwidthceasedesistletter.pdf,2021 2069296864 NORCOM-CallCenter § 310.4(b)(1)(v) 16 C.F.R. 6/11/2021 6/1/2021 8644288482 NORCOM-CallCenter § 310.4(b)(1)(v) 16 C.F.R. 5/20/2021 5/3/2021 4697961425 NV-M
+14697961425,+1 (469) 796-1425,,1,1,0,no,pdf:pointofnoentry-bandwidthceasedesistletter.pdf,2021 8644288482 NORCOM-CallCenter § 310.4(b)(1)(v) 16 C.F.R. 5/20/2021 5/3/2021 4697961425 NV-MM § 310.4(b)(1)(v) 16 C.F.R. 4/28/2021 4/15/2021 8608981962 Utility-Eversou
+18608981962,+1 (860) 898-1962,,1,1,0,no,pdf:pointofnoentry-bandwidthceasedesistletter.pdf,0/2021 5/3/2021 4697961425 NV-MM § 310.4(b)(1)(v) 16 C.F.R. 4/28/2021 4/15/2021 8608981962 Utility-EversourceCT § 310.4(b)(1)(v) https://portal.tracebacks.org/api/public/
+14104246902,+1 (410) 424-6902,Amazon-PurchaseNotification,1,1,0,no,pdf:pointofnoentry-bandwidthceasedesistletter.pdf,1)(v) https://portal.tracebacks.org/api/public/at 16 C.F.R. 1/22/2021 1/22/2021 4104246902 Amazon-PurchaseNotification tachments/28719 § 310.4(b)(1)(v)
+19164304960,+1 (916) 430-4960,Amazon-AuthorizeOrder-P3,1,1,0,no,pdf:pointofnoentry-businesstelecomceasedesistletterfinaljms.pdf,ication https://portal2.tracebacks.org/api/public 16 C.F.R. 1/19/2023 1/18/2023 9164304960 Amazon-AuthorizeOrder-P3 /attachments/1211775 310.4(b)(1)(v) https://portal2.tr
+12103275525,+1 (210) 327-5525,Utility-30MinDisconnect,1,1,0,no,pdf:pointofnoentry-businesstelecomceasedesistletterfinaljms.pdf,1)(v) https://portal2.tracebacks.org/api/public 16 C.F.R. 12/15/2022 12/13/2022 2103275525 Utility-30MinDisconnect /attachments/1175822 310.4(b)(1)(v) https://portal2.tra
+12102902148,+1 (210) 290-2148,Utility-30MinDisconnect,1,1,0,no,pdf:pointofnoentry-businesstelecomceasedesistletterfinaljms.pdf,1)(v) https://portal2.tracebacks.org/api/public 16 C.F.R. 12/15/2022 12/12/2022 2102902148 Utility-30MinDisconnect /attachments/1175828 310.4(b)(1)(v) https://portal2.tra
+16098186754,+1 (609) 818-6754,Utility-30MinDisconnect,1,1,0,no,pdf:pointofnoentry-businesstelecomceasedesistletterfinaljms.pdf,(1)(v) https://portal2.tracebacks.org/api/public 16 C.F.R. 12/1/2022 11/30/2022 6098186754 Utility-30MinDisconnect /attachments/1157287 310.4(b)(1)(v) https://portal2.tra
+16156702634,+1 (615) 670-2634,Utility-30MinDisconnect,1,1,0,no,pdf:pointofnoentry-businesstelecomceasedesistletterfinaljms.pdf,(1)(v) https://portal2.tracebacks.org/api/public 16 C.F.R. 12/1/2022 11/30/2022 6156702634 Utility-30MinDisconnect /attachments/1157297 310.4(b)(1)(v) https://portal2.tra
+19173316397,+1 (917) 331-6397,Chinese-PackageDelivery-P3,1,1,0,no,pdf:pointofnoentry-businesstelecomceasedesistletterfinaljms.pdf,1)(v) https://portal2.tracebacks.org/api/public 16 C.F.R. 11/30/2022 11/29/2022 9173316397 Chinese-PackageDelivery-P3 /attachments/1155333 310.4(b)(1)(v) https://portal2.
+14122770516,+1 (412) 277-0516,Financial-Impers-4,1,1,0,no,pdf:pointofnoentry-businesstelecomceasedesistletterfinaljms.pdf,(1)(v) https://portal2.tracebacks.org/api/public 16 C.F.R. 11/11/2022 11/9/2022 4122770516 Financial-Impers-4 /attachments/1125248 310.4(b)(1)(v) https://portal2.tracebac
+12065848384,+1 (206) 584-8384,Amazon-AuthorizeOrder-P3,1,1,0,no,pdf:pointofnoentry-businesstelecomceasedesistletterfinaljms.pdf,)(1)(v) https://portal2.tracebacks.org/api/public 16 C.F.R. 11/3/2022 11/1/2022 2065848384 Amazon-AuthorizeOrder-P3 /attachments/1114587 310.4(b)(1)(v) https://portal2.tr
+16143001595,+1 (614) 300-1595,Utility-30MinDisconnect,1,1,0,no,pdf:pointofnoentry-businesstelecomceasedesistletterfinaljms.pdf,1)(v) https://portal2.tracebacks.org/api/public 16 C.F.R. 10/27/2022 10/26/2022 6143001595 Utility-30MinDisconnect /attachments/1100696 310.4(b)(1)(v) https://portal2.tra
+18322237284,+1 (832) 223-7284,Utility-30MinDisconnect,1,1,0,no,pdf:pointofnoentry-businesstelecomceasedesistletterfinaljms.pdf,1)(v) https://portal2.tracebacks.org/api/public 16 C.F.R. 10/27/2022 10/25/2022 8322237284 Utility-30MinDisconnect /attachments/1100706 310.4(b)(1)(v) https://portal2.tra
+18464334653,+1 (846) 433-4653,Amazon-AuthorizeOrder,1,1,0,no,pdf:pointofnoentry-businesstelecomceasedesistletterfinaljms.pdf,)(1)(v) https://portal2.tracebacks.org/api/public 16 C.F.R. 10/4/2022 10/3/2022 8464334653 Amazon-AuthorizeOrder /attachments/1054675 310.4(b)(1)(v) https://portal2.trace
+18553807236,+1 (855) 380-7236,Amazon-AuthorizeOrder,1,1,0,no,pdf:pointofnoentry-businesstelecomceasedesistletterfinaljms.pdf,)(1)(v) https://portal2.tracebacks.org/api/public 16 C.F.R. 10/4/2022 10/3/2022 8553807236 Amazon-AuthorizeOrder /attachments/1054686 310.4(b)(1)(v) https://portal2.trace
+15756269572,+1 (575) 626-9572,Utility-30MinDisconnect,1,1,0,no,pdf:pointofnoentry-businesstelecomceasedesistletterfinaljms.pdf,)(1)(v) https://portal2.tracebacks.org/api/public 16 C.F.R. 9/27/2022 9/24/2022 5756269572 Utility-30MinDisconnect /attachments/1047877 310.4(b)(1)(v) https://portal2.tra
+18436445394,+1 (843) 644-5394,Amazon-AuthorizeOrder-P3,1,1,0,no,pdf:pointofnoentry-businesstelecomceasedesistletterfinaljms.pdf,)(1)(v) https://portal2.tracebacks.org/api/public 16 C.F.R. 9/16/2022 9/14/2022 8436445394 Amazon-AuthorizeOrder-P3 /attachments/1037787 310.4(b)(1)(v) https://portal2.tr
+16015898361,+1 (601) 589-8361,Chinese-PackageDelivery,1,1,0,no,pdf:pointofnoentry-businesstelecomceasedesistletterfinaljms.pdf,)(1)(v) https://portal2.tracebacks.org/api/public 16 C.F.R. 9/15/2022 9/13/2022 6015898361 Chinese-PackageDelivery /attachments/1034902 310.4(b)(1)(v) https://portal2.tra
+15706609923,+1 (570) 660-9923,Amazon-SuspiciousCharge-P1,1,1,0,no,pdf:pointofnoentry-businesstelecomceasedesistletterfinaljms.pdf,)(1)(v) https://portal2.tracebacks.org/api/public 16 C.F.R. 9/15/2022 9/14/2022 5706609923 Amazon-SuspiciousCharge-P1 /attachments/1036336 310.4(b)(1)(v) https://portal2.
+14255915924,+1 (425) 591-5924,Amazon-AuthorizeOrder,1,1,0,no,pdf:pointofnoentry-businesstelecomceasedesistletterfinaljms.pdf,)(1)(v) https://portal2.tracebacks.org/api/public 16 C.F.R. 9/14/2022 9/13/2022 4255915924 Amazon-AuthorizeOrder /attachments/1034849 310.4(b)(1)(v) https://portal2.trace
+16173332540,+1 (617) 333-2540,Chinese-ExpressReturn,1,1,0,no,pdf:pointofnoentry-businesstelecomceasedesistletterfinaljms.pdf,)(1)(v) https://portal2.tracebacks.org/api/public 16 C.F.R. 9/14/2022 9/11/2022 6173332540 Chinese-ExpressReturn /attachments/1034914 310.4(b)(1)(v) https://portal2.trace
+17408778062,+1 (740) 877-8062,Utility-30MinDisconnect,1,1,0,no,pdf:pointofnoentry-businesstelecomceasedesistletterfinaljms.pdf,)(1)(v) https://portal2.tracebacks.org/api/public 16 C.F.R. 8/29/2022 8/27/2022 7408778062 Utility-30MinDisconnect /attachments/1017752 310.4(b)(1)(v) https://portal2.tra
+16142036036,+1 (614) 203-6036,Utility-30MinDisconnect,1,1,0,no,pdf:pointofnoentry-businesstelecomceasedesistletterfinaljms.pdf,)(1)(v) https://portal2.tracebacks.org/api/public 16 C.F.R. 8/29/2022 8/28/2022 6142036036 Utility-30MinDisconnect /attachments/1017758 310.4(b)(1)(v) https://portal2.tra
+13305644825,+1 (330) 564-4825,Amazon-AuthorizeOrder,1,1,0,no,pdf:pointofnoentry-businesstelecomceasedesistletterfinaljms.pdf,)(1)(v) https://portal2.tracebacks.org/api/public 16 C.F.R. 8/23/2022 8/22/2022 3305644825 Amazon-AuthorizeOrder /attachments/1006864 310.4(b)(1)(v) https://portal2.trace
+14434682124,+1 (443) 468-2124,Amazon-AuthorizeOrder,1,1,0,no,pdf:pointofnoentry-businesstelecomceasedesistletterfinaljms.pdf,)(1)(v) https://portal2.tracebacks.org/api/public 16 C.F.R. 8/23/2022 8/21/2022 4434682124 Amazon-AuthorizeOrder /attachments/1006880 310.4(b)(1)(v) https://portal2.trace
+13052998869,+1 (305) 299-8869,Amazon-AuthorizeOrder,1,1,0,no,pdf:pointofnoentry-businesstelecomceasedesistletterfinaljms.pdf,)(1)(v) https://portal2.tracebacks.org/api/public 16 C.F.R. 8/23/2022 8/22/2022 3052998869 Amazon-AuthorizeOrder /attachments/1006882 310.4(b)(1)(v) https://portal2.trace
+19548801423,+1 (954) 880-1423,Amazon-AuthorizeOrder-P3,1,1,0,no,pdf:pointofnoentry-businesstelecomceasedesistletterfinaljms.pdf,)(1)(v) https://portal2.tracebacks.org/api/public 16 C.F.R. 8/18/2022 8/16/2022 9548801423 Amazon-AuthorizeOrder-P3 /attachments/1002976 310.4(b)(1)(v) https://portal2.tr
+19893523753,+1 (989) 352-3753,Amazon-AuthorizeOrder,1,1,0,no,pdf:pointofnoentry-businesstelecomceasedesistletterfinaljms.pdf,(b)(1)(v) https://portal2.tracebacks.org/api/public 16 C.F.R. 8/4/2022 8/3/2022 9893523753 Amazon-AuthorizeOrder /attachments/985297 310.4(b)(1)(v) https://portal2.traceb
+16099322978,+1 (609) 932-2978,LegalDept-Action-P1,1,1,0,no,pdf:pointofnoentry-businesstelecomceasedesistletterfinaljms.pdf,)(1)(v) https://portal2.tracebacks.org/api/public 16 C.F.R. 6/28/2022 6/27/2022 6099322978 LegalDept-Action-P1 /attachments/936574 310.4(b)(1)(v) https://portal2.tracebac
+16787785198,+1 (678) 778-5198,LegalDept-Action-P1,1,1,0,no,pdf:pointofnoentry-businesstelecomceasedesistletterfinaljms.pdf,)(1)(v) https://portal2.tracebacks.org/api/public 16 C.F.R. 6/28/2022 6/27/2022 6787785198 LegalDept-Action-P1 /attachments/936578 310.4(b)(1)(v) https://portal2.tracebac
+14798715941,+1 (479) 871-5941,LegalDept-Action-P1,1,1,0,no,pdf:pointofnoentry-businesstelecomceasedesistletterfinaljms.pdf,)(1)(v) https://portal2.tracebacks.org/api/public 16 C.F.R. 6/15/2022 6/14/2022 4798715941 LegalDept-Action-P1 /attachments/915302 310.4(b)(1)(v) https://portal2.tracebac
+15246775429,+1 (524) 677-5429,Amazon-SuspiciousCharge-P1,1,1,0,no,pdf:pointofnoentry-businesstelecomceasedesistletterfinaljms.pdf,)(1)(v) https://portal2.tracebacks.org/api/public 16 C.F.R. 5/24/2022 5/23/2022 5246775429 Amazon-SuspiciousCharge-P1 /attachments/871397 310.4(b)(1)(v) https://portal2.t
+18087847165,+1 (808) 784-7165,SSA-P1-TexasFraud (GovtImpers),1,1,0,no,pdf:pointofnoentry-businesstelecomceasedesistletterfinaljms.pdf,)(1)(v) https://portal2.tracebacks.org/api/public 16 C.F.R. 4/20/2022 4/18/2022 8087847165 SSA-P1-TexasFraud (GovtImpers) /attachments/815821 310.4(b)(1)(v) https://porta
+18085584527,+1 (808) 558-4527,SSA-P1-TexasFraud (GovtImpers),1,1,0,no,pdf:pointofnoentry-businesstelecomceasedesistletterfinaljms.pdf,)(1)(v) https://portal2.tracebacks.org/api/public 16 C.F.R. 4/19/2022 4/18/2022 8085584527 SSA-P1-TexasFraud (GovtImpers) /attachments/815822 310.4(b)(1)(v) https://porta
+18088713672,+1 (808) 871-3672,SSA-P1-TexasFraud (GovtImpers),1,1,0,no,pdf:pointofnoentry-businesstelecomceasedesistletterfinaljms.pdf,)(1)(v) https://portal2.tracebacks.org/api/public 16 C.F.R. 4/19/2022 4/18/2022 8088713672 SSA-P1-TexasFraud (GovtImpers) /attachments/815825 310.4(b)(1)(v)
+19407659114,+1 (940) 765-9114,Administration Imposter,1,1,0,no,pdf:pointofnoentry-callvoxllcwarningletter.pdf,"y https://portal.tracebacks.org/api/public/ 16 C.F.R. Dec 08, 2021 Dec 07, 2021 9407659114 Administration Imposter attachments/584753 § 310.4(b)(1)(v) https://portal.trac"
+18143866233,+1 (814) 386-6233,PayPal Imposter,1,1,0,no,pdf:pointofnoentry-callvoxllcwarningletter.pdf,") https://portal.tracebacks.org/api/public/ 16 C.F.R. Dec 07, 2021 Dec 01, 2021 8143866233 PayPal Imposter attachments/582998 § 310.4(b)(1)(v) Social Security https://por"
+15135745889,+1 (513) 574-5889,Administration Imposter,1,1,0,no,pdf:pointofnoentry-callvoxllcwarningletter.pdf,"y https://portal.tracebacks.org/api/public/ 16 C.F.R. Nov 30, 2021 Nov 29, 2021 5135745889 Administration Imposter attachments/576039 § 310.4(b)(1)(v) Social Security htt"
+12152278453,+1 (215) 227-8453,Administration Imposter,1,1,0,no,pdf:pointofnoentry-callvoxllcwarningletter.pdf,"y https://portal.tracebacks.org/api/public/ 16 C.F.R. Nov 30, 2021 Nov 29, 2021 2152278453 Administration Imposter attachments/576038 § 310.4(b)(1)(v) Social Security htt"
+13043936709,+1 (304) 393-6709,Administration Imposter,1,1,0,no,pdf:pointofnoentry-callvoxllcwarningletter.pdf,"y https://portal.tracebacks.org/api/public/ 16 C.F.R. Nov 30, 2021 Nov 29, 2021 3043936709 Administration Imposter attachments/576035 § 310.4(b)(1)(v) Social Security htt"
+18643230278,+1 (864) 323-0278,Administration Imposter,1,1,0,no,pdf:pointofnoentry-callvoxllcwarningletter.pdf,"y https://portal.tracebacks.org/api/public/ 16 C.F.R. Nov 30, 2021 Nov 29, 2021 8643230278 Administration Imposter attachments/576032 § 310.4(b)(1)(v) Social Security htt"
+17133958251,+1 (713) 395-8251,Administration Imposter,1,1,0,no,pdf:pointofnoentry-callvoxllcwarningletter.pdf,"y https://portal.tracebacks.org/api/public/ 16 C.F.R. Nov 30, 2021 Nov 29, 2021 7133958251 Administration Imposter attachments/576029 § 310.4(b)(1)(v) Social Security htt"
+12567848722,+1 (256) 784-8722,Administration Imposter,1,1,0,no,pdf:pointofnoentry-callvoxllcwarningletter.pdf,"y https://portal.tracebacks.org/api/public/ 16 C.F.R. Nov 30, 2021 Nov 29, 2021 2567848722 Administration Imposter attachments/576022 § 310.4(b)(1)(v) Social Security htt"
+18083838809,+1 (808) 383-8809,Administration Imposter,1,1,0,no,pdf:pointofnoentry-callvoxllcwarningletter.pdf,"y https://portal.tracebacks.org/api/public/ 16 C.F.R. Nov 30, 2021 Nov 26, 2021 8083838809 Administration Imposter attachments/576021 § 310.4(b)(1)(v) https://portal.trac"
+12022390873,+1 (202) 239-0873,Utility Disconnection,1,1,0,no,pdf:pointofnoentry-callvoxllcwarningletter.pdf,") https://portal.tracebacks.org/api/public/ 16 C.F.R. Nov 22, 2021 Nov 20, 2021 2022390873 Utility Disconnection attachments/567529 § 310.4(b)(1)(v) https://portal.traceb"
+13018761508,+1 (301) 876-1508,Utility Disconnection,1,1,0,no,pdf:pointofnoentry-callvoxllcwarningletter.pdf,") https://portal.tracebacks.org/api/public/ 16 C.F.R. Nov 22, 2021 Nov 20, 2021 3018761508 Utility Disconnection attachments/567528 § 310.4(b)(1)(v) https://portal.traceb"
+14107271218,+1 (410) 727-1218,Utility Disconnection,1,1,0,no,pdf:pointofnoentry-callvoxllcwarningletter.pdf,") https://portal.tracebacks.org/api/public/ 16 C.F.R. Nov 22, 2021 Nov 18, 2021 4107271218 Utility Disconnection attachments/567520 § 310.4(b)(1)(v) https://portal.traceb"
+18184593962,+1 (818) 459-3962,Amazon Imposter,1,1,0,no,pdf:pointofnoentry-callvoxllcwarningletter.pdf,") https://portal.tracebacks.org/api/public/ 16 C.F.R. Nov 19, 2021 Nov 18, 2021 8184593962 Amazon Imposter attachments/565726 § 310.4(b)(1)(v) Social Security https://por"
+13376642951,+1 (337) 664-2951,Administration Imposter,1,1,0,no,pdf:pointofnoentry-callvoxllcwarningletter.pdf,"y https://portal.tracebacks.org/api/public/ 16 C.F.R. Nov 09, 2021 Nov 04, 2021 3376642951 Administration Imposter attachments/550663 § 310.4(b)(1)(v) Page 1 of 3 https:/"
+12817987530,+1 (281) 798-7530,Utility Disconnection,1,1,0,no,pdf:pointofnoentry-callvoxllcwarningletter.pdf,"3 https://portal.tracebacks.org/api/public/ 16 C.F.R. Oct 15, 2021 Oct 14, 2021 2817987530 Utility Disconnection attachments/520015 § 310.4(b)(1)(v) https://portal.traceb"
+18506519428,+1 (850) 651-9428,Amazon Imposter,1,1,0,no,pdf:pointofnoentry-callvoxllcwarningletter.pdf,") https://portal.tracebacks.org/api/public/ 16 C.F.R. Oct 14, 2021 Oct 13, 2021 8506519428 Amazon Imposter attachments/516624 § 310.4(b)(1)(v) Social Security https://por"
+14436224034,+1 (443) 622-4034,Administration Imposter,1,1,0,no,pdf:pointofnoentry-callvoxllcwarningletter.pdf,"y https://portal.tracebacks.org/api/public/ 16 C.F.R. Oct 06, 2021 Oct 04, 2021 4436224034 Administration Imposter attachments/490965 § 310.4(b)(1)(v) Credit Card Interes"
+18084359436,+1 (808) 435-9436,Reduction,1,1,0,no,pdf:pointofnoentry-callvoxllcwarningletter.pdf,"e https://portal.tracebacks.org/api/public/ 16 C.F.R. Oct 01, 2021 Sep 29, 2021 8084359436 Reduction attachments/484583 § 310.4(b)(1)(v) https://portal.tracebacks.org/api"
+18337971835,+1 (833) 797-1835,AT&T/DirecTV Imposter,1,1,0,no,pdf:pointofnoentry-callvoxllcwarningletter.pdf,") https://portal.tracebacks.org/api/public/ 16 C.F.R. Sep 20, 2021 Sep 18, 2021 8337971835 AT&T/DirecTV Imposter attachments/460581 § 310.4(b)(1)(v) Social Security https"
+14808811723,+1 (480) 881-1723,Administration Imposter,1,1,0,no,pdf:pointofnoentry-callvoxllcwarningletter.pdf,"y https://portal.tracebacks.org/api/public/ 16 C.F.R. Sep 14, 2021 Sep 13, 2021 4808811723 Administration Imposter attachments/447432 § 310.4(b)(1)(v) https://portal.trac"
+14245019250,+1 (424) 501-9250,Microsoft Imposter,1,1,0,no,pdf:pointofnoentry-callvoxllcwarningletter.pdf,") https://portal.tracebacks.org/api/public/ 16 C.F.R. Sep 15, 2021 Sep 09, 2021 4245019250 Microsoft Imposter attachments/444724 § 310.4(b)(1)(v) Social Security https://"
+16823368252,+1 (682) 336-8252,Administration Imposter,1,1,0,no,pdf:pointofnoentry-callvoxllcwarningletter.pdf,"y https://portal.tracebacks.org/api/public/ 16 C.F.R. Aug 30, 2021 Aug 28, 2021 6823368252 Administration Imposter attachments/404481 § 310.4(b)(1)(v) Legal Enforcement h"
+14012477704,+1 (401) 247-7704,Agency Imposter,1,1,0,no,pdf:pointofnoentry-callvoxllcwarningletter.pdf,"t https://portal.tracebacks.org/api/public/ 16 C.F.R. Aug 31, 2021 Aug 25, 2021 4012477704 Agency Imposter attachments/392268 § 310.4(b)(1)(v) Social Security https://por"
+17742192071,+1 (774) 219-2071,Administration Imposter,1,1,0,no,pdf:pointofnoentry-callvoxllcwarningletter.pdf,"y https://portal.tracebacks.org/api/public/ 16 C.F.R. Aug 18, 2021 Aug 17, 2021 7742192071 Administration Imposter attachments/373780 § 310.4(b)(1)(v) Social Security htt"
+18657892953,+1 (865) 789-2953,Administration Imposter,1,1,0,no,pdf:pointofnoentry-callvoxllcwarningletter.pdf,"y https://portal.tracebacks.org/api/public/ 16 C.F.R. Aug 18, 2021 Aug 17, 2021 8657892953 Administration Imposter attachments/373779 § 310.4(b)(1)(v) Social Security htt"
+16618579725,+1 (661) 857-9725,Administration Imposter,1,1,0,no,pdf:pointofnoentry-callvoxllcwarningletter.pdf,"y https://portal.tracebacks.org/api/public/ 16 C.F.R. Aug 18, 2021 Aug 17, 2021 6618579725 Administration Imposter attachments/373774 § 310.4(b)(1)(v) https://portal.trac"
+16506250074,+1 (650) 625-0074,Marriott Hotels Imposter,1,1,0,no,pdf:pointofnoentry-callvoxllcwarningletter.pdf,") https://portal.tracebacks.org/api/public/ 16 C.F.R. Aug 16, 2021 Aug 07, 2021 6506250074 Marriott Hotels Imposter attachments/339829 § 310.4(b)(1)(v) Social Security ht"
+18652069471,+1 (865) 206-9471,Administration Imposter,1,1,0,no,pdf:pointofnoentry-callvoxllcwarningletter.pdf,"y https://portal.tracebacks.org/api/public/ 16 C.F.R. Aug 04, 2021 Aug 02, 2021 8652069471 Administration Imposter attachments/316442 § 310.4(b)(1)(v) https://portal.trac"
+19197820458,+1 (919) 782-0458,Protection Imposter,1,1,0,no,pdf:pointofnoentry-callvoxllcwarningletter.pdf,"r https://portal.tracebacks.org/api/public/ 16 C.F.R. Jul 27, 2021 Jul 23, 2021 9197820458 Protection Imposter attachments/300557 § 310.4(b)(1)(v) https://portal.tracebac"
+19168573029,+1 (916) 857-3029,Hilton Hotels Imposter,1,1,0,no,pdf:pointofnoentry-callvoxllcwarningletter.pdf,") https://portal.tracebacks.org/api/public/ 16 C.F.R. Jun 23, 2021 Jun 10, 2021 9168573029 Hilton Hotels Imposter attachments/196673 § 310.4(b)(1)(v) https://portal.trace"
+17575774578,+1 (757) 577-4578,Marriott Hotels Imposter,1,1,0,no,pdf:pointofnoentry-callvoxllcwarningletter.pdf,") https://portal.tracebacks.org/api/public/ 16 C.F.R. May 28, 2021 May 27, 2021 7575774578 Marriott Hotels Imposter attachments/162225 § 310.4(b)(1)(v) https://portal.tra"
+18044078902,+1 (804) 407-8902,Marriott Hotels Imposter,1,1,0,no,pdf:pointofnoentry-callvoxllcwarningletter.pdf,") https://portal.tracebacks.org/api/public/ 16 C.F.R. May 28, 2021 May 27, 2021 8044078902 Marriott Hotels Imposter attachments/162223 § 310.4(b)(1)(v) Social Security ht"
+12155271675,+1 (215) 527-1675,Administration Imposter,1,1,0,no,pdf:pointofnoentry-callvoxllcwarningletter.pdf,"y https://portal.tracebacks.org/api/public/ 16 C.F.R. Mar 13, 2021 Mar 11, 2021 2155271675 Administration Imposter attachments/66154 § 310.4(b)(1)(v) https://portal.trace"
+14802266708,+1 (480) 226-6708,Apple Imposter,1,1,0,no,pdf:pointofnoentry-callvoxllcwarningletter.pdf,") https://portal.tracebacks.org/api/public/ 16 C.F.R. Feb 17, 2021 Feb 16, 2021 4802266708 Apple Imposter attachments/57750 § 310.4(b)(1)(v) Credit Card Interest Rate htt"
+16054758951,+1 (605) 475-8951,Reduction,1,1,0,no,pdf:pointofnoentry-callvoxllcwarningletter.pdf,"e https://portal.tracebacks.org/api/public/ 16 C.F.R. Feb 19, 2021 Feb 16, 2021 6054758951 Reduction attachments/57715 § 310.4(b)(1)(v) https://portal.tracebacks.org/api/"
+19315371345,+1 (931) 537-1345,Stay Safe Stay Home,1,1,0,no,pdf:pointofnoentry-callvoxllcwarningletter.pdf,") https://portal.tracebacks.org/api/public/ 16 C.F.R. Feb 02, 2021 Feb 02, 2021 9315371345 Stay Safe Stay Home attachments/29483 § 310.4(b)(1)(v) https://portal.traceback"
+18005775366,+1 (800) 577-5366,AT&T/DirecTV Imposter,1,1,0,no,pdf:pointofnoentry-callvoxllcwarningletter.pdf,") https://portal.tracebacks.org/api/public/ 16 C.F.R. Jan 28, 2021 Jan 21, 2021 8005775366 AT&T/DirecTV Imposter attachments/28766 § 310.4(b)(1)(v) Social Security https:"
+12053157896,+1 (205) 315-7896,Administration Imposter,1,1,0,no,pdf:pointofnoentry-callvoxllcwarningletter.pdf,"y https://portal.tracebacks.org/api/public/ 16 C.F.R. Jan 28, 2021 Jan 22, 2021 2053157896 Administration Imposter attachments/28743 § 310.4(b)(1)(v) https://portal.trace"
+13038997343,+1 (303) 899-7343,Stay Safe Stay Home,1,1,0,no,pdf:pointofnoentry-callvoxllcwarningletter.pdf,") https://portal.tracebacks.org/api/public/ 16 C.F.R. Jan 21, 2021 Jan 13, 2021 3038997343 Stay Safe Stay Home attachments/28064 § 310.4(b)(1)(v) Page 3 of 3"
+18777272932,+1 (877) 727-2932,,1,1,0,no,pdf:pointofnoentry-centurylinkceasedesistletter.pdf,rizeOrder-P3 attachments/1365826 § 310.4(b)(1)(v) 16 C.F.R. 8/25/2023 8/16/2023 18777272932 Financial-Impers-7 § 310.4(b)(1)(v) https://portal.tracebacks.org/api/public/ 1
+18002165017,+1 (800) 216-5017,Chinese-Consulate-P2,1,1,0,no,pdf:pointofnoentry-centurylinkceasedesistletter.pdf,)(1)(v) https://portal.tracebacks.org/api/public/ 16 C.F.R. 8/23/2023 8/22/2023 18002165017 Chinese-Consulate-P2 attachments/1362811 § 310.4(b)(1)(v) https://portal.traceb
+18004083057,+1 (800) 408-3057,Chinese-Consulate-P2,1,1,0,no,pdf:pointofnoentry-centurylinkceasedesistletter.pdf,)(1)(v) https://portal.tracebacks.org/api/public/ 16 C.F.R. 8/23/2023 8/22/2023 18004083057 Chinese-Consulate-P2 attachments/1362809 § 310.4(b)(1)(v) https://portal.traceb
+18442862110,+1 (844) 286-2110,Amazon-AuthorizeOrder-P3,1,1,0,no,pdf:pointofnoentry-centurylinkceasedesistletter.pdf,(b)(1)(v) https://portal.tracebacks.org/api/public/ 16 C.F.R. 8/9/2023 8/8/2023 18442862110 Amazon-AuthorizeOrder-P3 attachments/1357914 § 310.4(b)(1)(v) 16 C.F.R. 7/14/20
+18887622265,+1 (888) 762-2265,,1,1,0,no,pdf:pointofnoentry-centurylinkceasedesistletter.pdf,orizeOrder-P3 attachments/1357914 § 310.4(b)(1)(v) 16 C.F.R. 7/14/2023 7/5/2023 18887622265 Financial-Impers-2 § 310.4(b)(1)(v) https://portal.tracebacks.org/api/public/ 1
+16434000430,+1 (643) 400-0430,Amazon-AuthorizeOrder-P3,1,1,0,no,pdf:pointofnoentry-centurylinkceasedesistletter.pdf,)(1)(v) https://portal.tracebacks.org/api/public/ 16 C.F.R. 6/21/2023 6/19/2023 16434000430 Amazon-AuthorizeOrder-P3 attachments/1331478 § 310.4(b)(1)(v) https://portal.tr
+16434562067,+1 (643) 456-2067,Amazon-AuthorizeOrder-P3,1,1,0,no,pdf:pointofnoentry-centurylinkceasedesistletter.pdf,)(1)(v) https://portal.tracebacks.org/api/public/ 16 C.F.R. 6/21/2023 6/19/2023 16434562067 Amazon-AuthorizeOrder-P3 attachments/1331476 § 310.4(b)(1)(v) https://portal.tr
+16434158973,+1 (643) 415-8973,Amazon-AuthorizeOrder-P3,1,1,0,no,pdf:pointofnoentry-centurylinkceasedesistletter.pdf,)(1)(v) https://portal.tracebacks.org/api/public/ 16 C.F.R. 6/21/2023 6/19/2023 16434158973 Amazon-AuthorizeOrder-P3 attachments/1331474 § 310.4(b)(1)(v) 16 C.F.R. 5/25/20
+14433071313,+1 (443) 307-1313,,1,1,0,no,pdf:pointofnoentry-centurylinkceasedesistletter.pdf,23 18008801077 Verizon-Impers-P1 § 310.4(b)(1)(v) 16 C.F.R. 2/22/2023 2/20/2023 4433071313 SpamCalls-DetentionCenter § 310.4(b)(1)(v) https://portal.tracebacks.org/api/pu
+19808255006,+1 (980) 825-5006,StudentLoan-Forgiveness-P2,1,1,0,no,pdf:pointofnoentry-centurylinkceasedesistletter.pdf,1)(v) https://portal.tracebacks.org/api/public/ 16 C.F.R. 11/15/2022 11/14/2022 9808255006 StudentLoan-Forgiveness-P2 attachments/1132273 § 310.4(b)(1)(v) https://portal.
+17572861948,+1 (757) 286-1948,Discount-Avail50%,1,1,0,no,pdf:pointofnoentry-centurylinkceasedesistletter.pdf,(b)(1)(v) https://portal.tracebacks.org/api/public/ 16 C.F.R. 9/7/2022 9/6/2022 7572861948 Discount-Avail50% attachments/1025739 § 310.4(b)(1)(v) https://portal.traceback
+18126153778,+1 (812) 615-3778,CCIRR-Expire,1,1,0,no,pdf:pointofnoentry-centurylinkceasedesistletter.pdf,)(1)(v) https://portal.tracebacks.org/api/public/ 16 C.F.R. 8/31/2022 8/30/2022 8126153778 CCIRR-Expire attachments/1019377 § 310.4(b)(1)(v) 16 C.F.R. 7/19/2022 7/6/2022
+19546044038,+1 (954) 604-4038,LegalDept-Action-P1,1,1,0,no,pdf:pointofnoentry-centurylinkceasedesistletter.pdf,(b)(1)(v) https://portal.tracebacks.org/api/public/ 16 C.F.R. 7/6/2022 7/5/2022 9546044038 LegalDept-Action-P1 attachments/947228 § 310.4(b)(1)(v) https://portal.tracebac
+15635059548,+1 (563) 505-9548,Amazon-SuspiciousCharge-P1,1,1,0,no,pdf:pointofnoentry-centurylinkceasedesistletter.pdf,)(1)(v) https://portal.tracebacks.org/api/public/ 16 C.F.R. 6/30/2022 6/28/2022 5635059548 Amazon-SuspiciousCharge-P1 attachments/940843 § 310.4(b)(1)(v) https://portal.t
+14787375569,+1 (478) 737-5569,LegalDept-Action-P1,1,1,0,no,pdf:pointofnoentry-centurylinkceasedesistletter.pdf,)(1)(v) https://portal.tracebacks.org/api/public/ 16 C.F.R. 6/28/2022 6/27/2022 4787375569 LegalDept-Action-P1 attachments/936584 § 310.4(b)(1)(v) https://portal.tracebac
+17407095721,+1 (740) 709-5721,LegalDept-Action-P1,1,1,0,no,pdf:pointofnoentry-centurylinkceasedesistletter.pdf,)(1)(v) https://portal.tracebacks.org/api/public/ 16 C.F.R. 6/28/2022 6/27/2022 7407095721 LegalDept-Action-P1 attachments/936582 § 310.4(b)(1)(v) https://portal.tracebac
+12532417782,+1 (253) 241-7782,LegalDept-Action-P1,1,1,0,no,pdf:pointofnoentry-centurylinkceasedesistletter.pdf,)(1)(v) https://portal.tracebacks.org/api/public/ 16 C.F.R. 6/28/2022 6/27/2022 2532417782 LegalDept-Action-P1 attachments/936569 § 310.4(b)(1)(v) https://portal.tracebac
+17172265456,+1 (717) 226-5456,LegalDept-Action-P1,1,1,0,no,pdf:pointofnoentry-centurylinkceasedesistletter.pdf,)(1)(v) https://portal.tracebacks.org/api/public/ 16 C.F.R. 6/28/2022 6/27/2022 7172265456 LegalDept-Action-P1 attachments/936568 § 310.4(b)(1)(v) https://portal.tracebac
+12489337642,+1 (248) 933-7642,LegalDept-Action-P1,1,1,0,no,pdf:pointofnoentry-centurylinkceasedesistletter.pdf,)(1)(v) https://portal.tracebacks.org/api/public/ 16 C.F.R. 6/28/2022 6/27/2022 2489337642 LegalDept-Action-P1 attachments/936566 § 310.4(b)(1)(v) https://portal.tracebac
+12565581796,+1 (256) 558-1796,LegalDept-Action-P1,1,1,0,no,pdf:pointofnoentry-centurylinkceasedesistletter.pdf,)(1)(v) https://portal.tracebacks.org/api/public/ 16 C.F.R. 6/28/2022 6/23/2022 2565581796 LegalDept-Action-P1 attachments/936591 § 310.4(b)(1)(v) https://portal.tracebac
+16179539553,+1 (617) 953-9553,LegalDept-Action-P1,1,1,0,no,pdf:pointofnoentry-centurylinkceasedesistletter.pdf,)(1)(v) https://portal.tracebacks.org/api/public/ 16 C.F.R. 6/28/2022 6/23/2022 6179539553 LegalDept-Action-P1 attachments/936589 § 310.4(b)(1)(v) https://portal.tracebac
+19513133753,+1 (951) 313-3753,SSA-P1-TexasFraud (GovtImpers),1,1,0,no,pdf:pointofnoentry-centurylinkceasedesistletter.pdf,)(1)(v) https://portal.tracebacks.org/api/public/ 16 C.F.R. 6/24/2022 6/23/2022 9513133753 SSA-P1-TexasFraud (GovtImpers) attachments/929967 § 310.4(b)(1)(v) https://port
+16072702383,+1 (607) 270-2383,AutoWarranty-Extend3,1,1,0,no,pdf:pointofnoentry-centurylinkceasedesistletter.pdf,)(1)(v) https://portal.tracebacks.org/api/public/ 16 C.F.R. 6/24/2022 6/22/2022 6072702383 AutoWarranty-Extend3 attachments/927202 § 310.4(b)(1)(v) https://portal.traceba
+12063217198,+1 (206) 321-7198,LegalDept-Action-P1,1,1,0,no,pdf:pointofnoentry-centurylinkceasedesistletter.pdf,)(1)(v) https://portal.tracebacks.org/api/public/ 16 C.F.R. 6/15/2022 6/14/2022 2063217198 LegalDept-Action-P1 attachments/915296 § 310.4(b)(1)(v) https://portal.tracebac
+18008545893,+1 (800) 854-5893,Discount-DirecTV50,1,1,0,no,pdf:pointofnoentry-centurylinkceasedesistletter.pdf,)(1)(v) https://portal.tracebacks.org/api/public/ 16 C.F.R. 6/15/2022 6/14/2022 8008545893 Discount-DirecTV50 attachments/915213 § 310.4(b)(1)(v) https://portal.traceback
+14353261935,+1 (435) 326-1935,SSA-P1-TexasFraud (GovtImpers),1,1,0,no,pdf:pointofnoentry-centurylinkceasedesistletter.pdf,)(1)(v) https://portal.tracebacks.org/api/public/ 16 C.F.R. 5/26/2022 5/25/2022 4353261935 SSA-P1-TexasFraud (GovtImpers) attachments/875555 § 310.4(b)(1)(v) https://port
+14783131833,+1 (478) 313-1833,LegalDept-Action-P1,1,1,0,no,pdf:pointofnoentry-centurylinkceasedesistletter.pdf,)(1)(v) https://portal.tracebacks.org/api/public/ 16 C.F.R. 5/18/2022 5/16/2022 4783131833 LegalDept-Action-P1 attachments/859416 § 310.4(b)(1)(v) 16 C.F.R. 5/5/2022 4/28
+12538672669,+1 (253) 867-2669,,1,1,0,no,pdf:pointofnoentry-centurylinkceasedesistletter.pdf,Dept-Action-P1 attachments/859416 § 310.4(b)(1)(v) 16 C.F.R. 5/5/2022 4/28/2022 2538672669 Amazon-AuthorizeOrder-P2 § 310.4(b)(1)(v) 16 C.F.R. 5/5/2022 4/28/2022 80096294
+18009629498,+1 (800) 962-9498,,1,1,0,no,pdf:pointofnoentry-centurylinkceasedesistletter.pdf,38672669 Amazon-AuthorizeOrder-P2 § 310.4(b)(1)(v) 16 C.F.R. 5/5/2022 4/28/2022 8009629498 Utility-PugetSoundEnergy § 310.4(b)(1)(v) https://portal.tracebacks.org/api/pub
+12107261981,+1 (210) 726-1981,SSA-P1-TexasFraud (GovtImpers),1,1,0,no,pdf:pointofnoentry-centurylinkceasedesistletter.pdf,(b)(1)(v) https://portal.tracebacks.org/api/public/ 16 C.F.R. 5/4/2022 5/3/2022 2107261981 SSA-P1-TexasFraud (GovtImpers) attachments/833955 § 310.4(b)(1)(v) https://port
+12817394466,+1 (281) 739-4466,SSA-P1-TexasFraud (GovtImpers),1,1,0,no,pdf:pointofnoentry-centurylinkceasedesistletter.pdf,(b)(1)(v) https://portal.tracebacks.org/api/public/ 16 C.F.R. 5/4/2022 5/3/2022 2817394466 SSA-P1-TexasFraud (GovtImpers) attachments/833952 § 310.4(b)(1)(v) https://port
+12565843709,+1 (256) 584-3709,SSA-P1-TexasFraud (GovtImpers),1,1,0,no,pdf:pointofnoentry-centurylinkceasedesistletter.pdf,(b)(1)(v) https://portal.tracebacks.org/api/public/ 16 C.F.R. 5/4/2022 5/3/2022 2565843709 SSA-P1-TexasFraud (GovtImpers) attachments/833951 § 310.4(b)(1)(v) https://port
+15123190158,+1 (512) 319-0158,SSA-P1-TexasFraud (GovtImpers),1,1,0,no,pdf:pointofnoentry-centurylinkceasedesistletter.pdf,(b)(1)(v) https://portal.tracebacks.org/api/public/ 16 C.F.R. 5/4/2022 5/2/2022 5123190158 SSA-P1-TexasFraud (GovtImpers) attachments/833936 § 310.4(b)(1)(v) https://port
+18885893473,+1 (888) 589-3473,,1,1,0,no,pdf:pointofnoentry-centurylinkceasedesistletter.pdf,(GovtImpers) attachments/833935 § 310.4(b)(1)(v) 16 C.F.R. 4/25/2022 4/19/2022 8885893473 Bank-Impers-P2 § 310.4(b)(1)(v) https://portal.tracebacks.org/api/public/ 16 C.
+18017230104,+1 (801) 723-0104,SSA-P1-TexasFraud (GovtImpers),1,1,0,no,pdf:pointofnoentry-centurylinkceasedesistletter.pdf,)(1)(v) https://portal.tracebacks.org/api/public/ 16 C.F.R. 4/19/2022 4/18/2022 8017230104 SSA-P1-TexasFraud (GovtImpers) attachments/815827 § 310.4(b)(1)(v) https://port
+16159515601,+1 (615) 951-5601,SSA-P1-TexasFraud (GovtImpers),1,1,0,no,pdf:pointofnoentry-centurylinkceasedesistletter.pdf,)(1)(v) https://portal.tracebacks.org/api/public/ 16 C.F.R. 4/19/2022 4/18/2022 6159515601 SSA-P1-TexasFraud (GovtImpers) attachments/815820 § 310.4(b)(1)(v) https://port
+15014548340,+1 (501) 454-8340,SSA-Suspended,1,1,0,no,pdf:pointofnoentry-centurylinkceasedesistletter.pdf,)(1)(v) https://portal.tracebacks.org/api/public/ 16 C.F.R. 4/13/2022 4/11/2022 5014548340 SSA-Suspended attachments/807762 § 310.4(b)(1)(v) https://portal.tracebacks.org
+16785648225,+1 (678) 564-8225,SSA-P1-TexasFraud (GovtImpers),1,1,0,no,pdf:pointofnoentry-centurylinkceasedesistletter.pdf,(b)(1)(v) https://portal.tracebacks.org/api/public/ 16 C.F.R. 4/8/2022 4/6/2022 6785648225 SSA-P1-TexasFraud (GovtImpers) attachments/798937 § 310.4(b)(1)(v) https://port
+12146667719,+1 (214) 666-7719,SSA-P1-TexasFraud (GovtImpers),1,1,0,no,pdf:pointofnoentry-centurylinkceasedesistletter.pdf,(b)(1)(v) https://portal.tracebacks.org/api/public/ 16 C.F.R. 4/8/2022 4/5/2022 2146667719 SSA-P1-TexasFraud (GovtImpers) attachments/798933 § 310.4(b)(1)(v) https://port
+12296796470,+1 (229) 679-6470,SSA-P1-TexasFraud (GovtImpers),1,1,0,no,pdf:pointofnoentry-centurylinkceasedesistletter.pdf,(b)(1)(v) https://portal.tracebacks.org/api/public/ 16 C.F.R. 4/8/2022 4/5/2022 2296796470 SSA-P1-TexasFraud (GovtImpers) attachments/798929 § 310.4(b)(1)(v) https://port
+19169264478,+1 (916) 926-4478,SSA-P1-TexasFraud (GovtImpers),1,1,0,no,pdf:pointofnoentry-centurylinkceasedesistletter.pdf,(b)(1)(v) https://portal.tracebacks.org/api/public/ 16 C.F.R. 4/7/2022 4/6/2022 9169264478 SSA-P1-TexasFraud (GovtImpers) attachments/798939 § 310.4(b)(1)(v) https://port
+16619305411,+1 (661) 930-5411,SSA-P1-TexasFraud (GovtImpers),1,1,0,no,pdf:pointofnoentry-centurylinkceasedesistletter.pdf,(b)(1)(v) https://portal.tracebacks.org/api/public/ 16 C.F.R. 4/7/2022 4/4/2022 6619305411 SSA-P1-TexasFraud (GovtImpers) attachments/798926 § 310.4(b)(1)(v) https://port
+13474395461,+1 (347) 439-5461,LegalDept-Action-P1,1,1,0,no,pdf:pointofnoentry-centurylinkceasedesistletter.pdf,)(1)(v) https://portal.tracebacks.org/api/public/ 16 C.F.R. 3/31/2022 3/29/2022 3474395461 LegalDept-Action-P1 attachments/790381 § 310.4(b)(1)(v) 16 C.F.R. 3/8/2022 2/23
+13526367310,+1 (352) 636-7310,SSA-P1-TexasFraud (GovtImpers),1,1,0,no,pdf:pointofnoentry-centurylinkceasedesistletter.pdf,b)(1)(v) https://portal.tracebacks.org/api/public/ 16 C.F.R. 3/2/2022 2/28/2022 3526367310 SSA-P1-TexasFraud (GovtImpers) attachments/723503 § 310.4(b)(1)(v) https://port
+19795171486,+1 (979) 517-1486,LegalDept-Action-P1,1,1,0,no,pdf:pointofnoentry-centurylinkceasedesistletter.pdf,b)(1)(v) https://portal.tracebacks.org/api/public/ 16 C.F.R. 3/1/2022 2/28/2022 9795171486 LegalDept-Action-P1 attachments/719738 § 310.4(b)(1)(v) https://portal.tracebac
+16013618970,+1 (601) 361-8970,LegalDept-Action-P1,1,1,0,no,pdf:pointofnoentry-centurylinkceasedesistletter.pdf,b)(1)(v) https://portal.tracebacks.org/api/public/ 16 C.F.R. 3/1/2022 2/28/2022 6013618970 LegalDept-Action-P1 attachments/719731 § 310.4(b)(1)(v) https://portal.tracebac
+18184706393,+1 (818) 470-6393,LegalDept-Action-P1,1,1,0,no,pdf:pointofnoentry-centurylinkceasedesistletter.pdf,)(1)(v) https://portal.tracebacks.org/api/public/ 16 C.F.R. 2/18/2022 2/17/2022 8184706393 LegalDept-Action-P1 attachments/702986 § 310.4(b)(1)(v) https://portal.tracebac
+15127830740,+1 (512) 783-0740,Amazon-SuspiciousCharge-P1,1,1,0,no,pdf:pointofnoentry-centurylinkceasedesistletter.pdf,)(1)(v) https://portal.tracebacks.org/api/public/ 16 C.F.R. 2/16/2022 2/15/2022 5127830740 Amazon-SuspiciousCharge-P1 attachments/698011 § 310.4(b)(1)(v) https://portal.t
+12243231497,+1 (224) 323-1497,SSA-KindlyPressOne,1,1,0,no,pdf:pointofnoentry-centurylinkceasedesistletter.pdf,)(1)(v) https://portal.tracebacks.org/api/public/ 16 C.F.R. 2/15/2022 2/14/2022 2243231497 SSA-KindlyPressOne attachments/694456 § 310.4(b)(1)(v) https://portal.traceback
+12514768110,+1 (251) 476-8110,SSA-KindlyPressOne,1,1,0,no,pdf:pointofnoentry-centurylinkceasedesistletter.pdf,(b)(1)(v) https://portal.tracebacks.org/api/public/ 16 C.F.R. 2/4/2022 2/2/2022 2514768110 SSA-KindlyPressOne attachments/668463 § 310.4(b)(1)(v) https://portal.traceback
+17132727036,+1 (713) 272-7036,SSA-KindlyPressOne,1,1,0,no,pdf:pointofnoentry-centurylinkceasedesistletter.pdf,(b)(1)(v) https://portal.tracebacks.org/api/public/ 16 C.F.R. 2/4/2022 2/2/2022 7132727036 SSA-KindlyPressOne attachments/668455 § 310.4(b)(1)(v) https://portal.traceback
+12708595751,+1 (270) 859-5751,Amazon-AuthorizeOrder,1,1,0,no,pdf:pointofnoentry-centurylinkceasedesistletter.pdf,)(1)(v) https://portal.tracebacks.org/api/public/ 16 C.F.R. 1/18/2022 1/17/2022 2708595751 Amazon-AuthorizeOrder attachments/638984 § 310.4(b)(1)(v) https://portal.traceb
+19547164312,+1 (954) 716-4312,Amazon-SuspiciousCharge-P1,1,1,0,no,pdf:pointofnoentry-centurylinkceasedesistletter.pdf,1)(v) https://portal.tracebacks.org/api/public/ 16 C.F.R. 12/28/2021 12/23/2021 9547164312 Amazon-SuspiciousCharge-P1 attachments/615278 § 310.4(b)(1)(v) https://portal.t
+18039898430,+1 (803) 989-8430,Amazon-SuspiciousCharge,1,1,0,no,pdf:pointofnoentry-centurylinkceasedesistletter.pdf,1)(v) https://portal.tracebacks.org/api/public/ 16 C.F.R. 12/19/2021 12/13/2021 8039898430 Amazon-SuspiciousCharge attachments/604166 § 310.4(b)(1)(v) https://portal.trac
+18636966975,+1 (863) 696-6975,SSA-Suspended,1,1,0,no,pdf:pointofnoentry-centurylinkceasedesistletter.pdf,1)(v) https://portal.tracebacks.org/api/public/ 16 C.F.R. 12/14/2021 12/10/2021 8636966975 SSA-Suspended attachments/598192 § 310.4(b)(1)(v) https://portal.tracebacks.org
+18886147789,+1 (888) 614-7789,,1,1,0,no,pdf:pointofnoentry-centurylinkceasedesistletter.pdf,cement-Notice attachments/491052 § 310.4(b)(1)(v) 16 C.F.R. 6/25/2021 6/18/2021 8886147789 Amazon-Various § 310.4(b)(1)(v) https://portal.tracebacks.org/api/public/ 16 C.
+12284242352,+1 (228) 424-2352,SSA-Suspended,1,1,0,no,pdf:pointofnoentry-centurylinkceasedesistletter.pdf,(b)(1)(v) https://portal.tracebacks.org/api/public/ 16 C.F.R. 6/7/2021 6/4/2021 2284242352 SSA-Suspended attachments/183312 § 310.4(b)(1)(v) https://portal.tracebacks.org
+18062907491,+1 (806) 290-7491,Travel Scam,1,1,0,no,pdf:pointofnoentry-centurylinkceasedesistletter.pdf,)(1)(v) https://portal.tracebacks.org/api/public/ 16 C.F.R. 5/20/2021 5/19/2021 8062907491 Travel Scam attachments/135556 § 310.4(b)(1)(v) https://portal.tracebacks.org/a
+15393602013,+1 (539) 360-2013,Reduction-Account Holder Imperson,1,1,0,no,pdf:pointofnoentry-centurylinkceasedesistletter.pdf,)(1)(v) https://portal.tracebacks.org/api/public/ 16 C.F.R. 1/27/2021 1/26/2021 5393602013 Reduction-Account Holder Imperson attachments/29093 § 310.4(b)(1)(v) https://po
+17139557395,+1 (713) 955-7395,Utility-30MinDisconnect,1,1,0,no,pdf:pointofnoentry-centurylinkceasedesistletter.pdf,)(1)(v) https://portal.tracebacks.org/api/public/ 16 C.F.R. 1/25/2021 1/25/2021 7139557395 Utility-30MinDisconnect attachments/28866 § 310.4(b)(1)(v) https://portal.trace
+12812057135,+1 (281) 205-7135,StudentLoan-FederalSuspension,1,1,0,no,pdf:pointofnoentry-centurylinkceasedesistletter.pdf,)(1)(v) https://portal.tracebacks.org/api/public/ 16 C.F.R. 1/15/2021 1/11/2021 2812057135 StudentLoan-FederalSuspension attachments/28321 § 310.4(b)(1)(v) https://portal
+12703231200,+1 (270) 323-1200,TaxReduction-IRSSuspendedCollectio,1,1,0,no,pdf:pointofnoentry-centurylinkceasedesistletter.pdf,b)(1)(v) https://portal.tracebacks.org/api/public/ 16 C.F.R. 1/15/2021 1/8/2021 2703231200 TaxReduction-IRSSuspendedCollectio attachments/28308 § 310.4(b)(1)(v) https://p
+17062599441,+1 (706) 259-9441,Utility-30MinDisconnect,1,1,0,no,pdf:pointofnoentry-centurylinkceasedesistletter.pdf,b)(1)(v) https://portal.tracebacks.org/api/public/ 16 C.F.R. 1/11/2021 1/9/2021 7062599441 Utility-30MinDisconnect attachments/27854 § 310.4(b)(1)(v) https://portal.trace
+18325548394,+1 (832) 554-8394,Utility-30MinDisconnect,1,1,0,no,pdf:pointofnoentry-centurylinkceasedesistletter.pdf,(b)(1)(v) https://portal.tracebacks.org/api/public/ 16 C.F.R. 1/6/2021 1/6/2021 8325548394 Utility-30MinDisconnect attachments/27595 § 310.4(b)(1)(v) https://portal.trace
+12702321470,+1 (270) 232-1470,Medicare-AddlBenefits,1,1,0,no,pdf:pointofnoentry-centurylinkceasedesistletter.pdf,)(1)(v) https://portal.tracebacks.org/api/public/ 16 C.F.R. 1/5/2021 12/30/2020 2702321470 Medicare-AddlBenefits attachments/27477 § 310.4(b)(1)(v)
+18382030996,+1 (838) 203-0996,Chinese-PackageDelivery,1,1,0,no,pdf:pointofnoentry-cherryvoiceceasedesistletterfinaljms.pdf,tion https://portal2.tracebacks.org/api/public/at 16 C.F.R. 11/4/2022 11/1/2022 8382030996 Chinese-PackageDelivery tachments/1116621 310.4(b)(1)(v) https://portal2.traceb
+18382037165,+1 (838) 203-7165,Chinese-PackageDelivery,1,1,0,no,pdf:pointofnoentry-cherryvoiceceasedesistletterfinaljms.pdf,)(v) https://portal2.tracebacks.org/api/public/at 16 C.F.R. 11/4/2022 11/1/2022 8382037165 Chinese-PackageDelivery tachments/1116622 310.4(b)(1)(v) https://portal2.traceb
+18382031048,+1 (838) 203-1048,Chinese-PackageDelivery,1,1,0,no,pdf:pointofnoentry-cherryvoiceceasedesistletterfinaljms.pdf,)(v) https://portal2.tracebacks.org/api/public/at 16 C.F.R. 11/4/2022 11/1/2022 8382031048 Chinese-PackageDelivery tachments/1116624 310.4(b)(1)(v) https://portal2.traceb
+18382033136,+1 (838) 203-3136,Chinese-PackageDelivery,1,1,0,no,pdf:pointofnoentry-cherryvoiceceasedesistletterfinaljms.pdf,)(v) https://portal2.tracebacks.org/api/public/at 16 C.F.R. 11/4/2022 11/1/2022 8382033136 Chinese-PackageDelivery tachments/1116627 310.4(b)(1)(v) https://portal2.traceb
+18382036334,+1 (838) 203-6334,Chinese-PackageDelivery,1,1,0,no,pdf:pointofnoentry-cherryvoiceceasedesistletterfinaljms.pdf,)(v) https://portal2.tracebacks.org/api/public/at 16 C.F.R. 11/4/2022 11/1/2022 8382036334 Chinese-PackageDelivery tachments/1116628 310.4(b)(1)(v) https://portal2.traceb
+18382037820,+1 (838) 203-7820,Chinese-PackageDelivery,1,1,0,no,pdf:pointofnoentry-cherryvoiceceasedesistletterfinaljms.pdf,)(v) https://portal2.tracebacks.org/api/public/at 16 C.F.R. 11/4/2022 11/1/2022 8382037820 Chinese-PackageDelivery tachments/1116630 310.4(b)(1)(v) https://portal2.traceb
+18382036109,+1 (838) 203-6109,Chinese-PackageDelivery,1,1,0,no,pdf:pointofnoentry-cherryvoiceceasedesistletterfinaljms.pdf,)(v) https://portal2.tracebacks.org/api/public/at 16 C.F.R. 11/4/2022 11/1/2022 8382036109 Chinese-PackageDelivery tachments/1116632 310.4(b)(1)(v) https://portal2.traceb
+18382030705,+1 (838) 203-0705,Chinese-PackageDelivery,1,1,0,no,pdf:pointofnoentry-cherryvoiceceasedesistletterfinaljms.pdf,)(v) https://portal2.tracebacks.org/api/public/at 16 C.F.R. 11/4/2022 11/1/2022 8382030705 Chinese-PackageDelivery tachments/1116635 310.4(b)(1)(v) https://portal2.traceb
+18666514146,+1 (866) 651-4146,Discount-DirecTV50,1,1,0,no,pdf:pointofnoentry-cherryvoiceceasedesistletterfinaljms.pdf,)(v) https://portal2.tracebacks.org/api/public/at 16 C.F.R. 7/19/2022 7/18/2022 8666514146 Discount-DirecTV50 tachments/961450 310.4(b)(1)(v) https://portal2.tracebacks.o
+14127330625,+1 (412) 733-0625,Amazon-AuthorizeOrder,1,1,0,no,pdf:pointofnoentry-cherryvoiceceasedesistletterfinaljms.pdf,1)(v) https://portal2.tracebacks.org/api/public/at 16 C.F.R. 7/11/2022 7/9/2022 4127330625 Amazon-AuthorizeOrder tachments/951283 310.4(b)(1)(v) https://portal2.traceback
+15183040968,+1 (518) 304-0968,Amazon-SuspiciousCharge-P1,1,1,0,no,pdf:pointofnoentry-cherryvoiceceasedesistletterfinaljms.pdf,)(v) https://portal2.tracebacks.org/api/public/at 16 C.F.R. 3/31/2022 3/29/2022 5183040968 Amazon-SuspiciousCharge-P1 tachments/788999 310.4(b)(1)(v) https://portal2.trac
+14802182612,+1 (480) 218-2612,Amazon-SuspiciousCharge-P1,1,1,0,no,pdf:pointofnoentry-cherryvoiceceasedesistletterfinaljms.pdf,)(v) https://portal2.tracebacks.org/api/public/at 16 C.F.R. 2/18/2022 2/14/2022 4802182612 Amazon-SuspiciousCharge-P1 tachments/698020 310.4(b)(1)(v) https://portal2.trac
+12073301298,+1 (207) 330-1298,Amazon-SuspiciousCharge-P1,1,1,0,no,pdf:pointofnoentry-cherryvoiceceasedesistletterfinaljms.pdf,)(v) https://portal2.tracebacks.org/api/public/at 16 C.F.R. 2/18/2022 2/15/2022 2073301298 Amazon-SuspiciousCharge-P1 tachments/698026 310.4(b)(1)(v) https://portal2.trac
+19284751221,+1 (928) 475-1221,Amazon-SuspiciousCharge,1,1,0,no,pdf:pointofnoentry-cherryvoiceceasedesistletterfinaljms.pdf,)(v) https://portal2.tracebacks.org/api/public/at 16 C.F.R. 2/17/2022 2/15/2022 9284751221 Amazon-SuspiciousCharge tachments/701187 310.4(b)(1)(v) https://portal2.traceba
+13365698936,+1 (336) 569-8936,SSA-Suspended,1,1,0,no,pdf:pointofnoentry-cherryvoiceceasedesistletterfinaljms.pdf,)(v) https://portal2.tracebacks.org/api/public/at 16 C.F.R. 1/18/2022 1/17/2022 3365698936 SSA-Suspended tachments/638896 310.4(b)(1)(v) https://portal2.tracebacks.org/ap
+15187474255,+1 (518) 747-4255,Amazon-AuthorizeOrder,1,1,0,no,pdf:pointofnoentry-cherryvoiceceasedesistletterfinaljms.pdf,v) https://portal2.tracebacks.org/api/public/at 16 C.F.R. 12/30/2021 12/28/2021 5187474255 Amazon-AuthorizeOrder tachments/616814 310.4(b)(1)(v) https://portal2.traceback
+15207626238,+1 (520) 762-6238,Amazon-SuspiciousCharge-P1,1,1,0,no,pdf:pointofnoentry-cherryvoiceceasedesistletterfinaljms.pdf,v) https://portal2.tracebacks.org/api/public/at 16 C.F.R. 12/28/2021 12/27/2021 5207626238 Amazon-SuspiciousCharge-P1 tachments/615290 310.4(b)(1)(v) https://portal2.trac
+18502174661,+1 (850) 217-4661,SSA-Suspended,1,1,0,no,pdf:pointofnoentry-cherryvoiceceasedesistletterfinaljms.pdf,v) https://portal2.tracebacks.org/api/public/at 16 C.F.R. 12/17/2021 12/10/2021 8502174661 SSA-Suspended tachments/598188 310.4(b)(1)(v) https://portal2.tracebacks.org/ap
+16625592490,+1 (662) 559-2490,SSA-Suspended,1,1,0,no,pdf:pointofnoentry-cherryvoiceceasedesistletterfinaljms.pdf,v) https://portal2.tracebacks.org/api/public/at 16 C.F.R. 12/15/2021 12/13/2021 6625592490 SSA-Suspended tachments/598179 310.4(b)(1)(v) https://portal2.tracebacks.org/ap
+19174785403,+1 (917) 478-5403,SSA-Suspended,1,1,0,no,pdf:pointofnoentry-cherryvoiceceasedesistletterfinaljms.pdf,v) https://portal2.tracebacks.org/api/public/at 16 C.F.R. 12/15/2021 12/13/2021 9174785403 SSA-Suspended tachments/598202 310.4(b)(1)(v) https://portal2.tracebacks.org/ap
+13054677821,+1 (305) 467-7821,Amazon-AuthorizeOrder,1,1,0,no,pdf:pointofnoentry-cherryvoiceceasedesistletterfinaljms.pdf,v) https://portal2.tracebacks.org/api/public/at 16 C.F.R. 12/14/2021 12/11/2021 3054677821 Amazon-AuthorizeOrder tachments/594965 310.4(b)(1)(v) https://portal2.traceback
+14092899966,+1 (409) 289-9966,Amazon-SuspiciousCharge,1,1,0,no,pdf:pointofnoentry-cherryvoiceceasedesistletterfinaljms.pdf,(v) https://portal2.tracebacks.org/api/public/at 16 C.F.R. 12/14/2021 12/9/2021 4092899966 Amazon-SuspiciousCharge tachments/595127 310.4(b)(1)(v) https://portal2.traceba
+16013317551,+1 (601) 331-7551,SSA-Suspended,1,1,0,no,pdf:pointofnoentry-cherryvoiceceasedesistletterfinaljms.pdf,v) https://portal2.tracebacks.org/api/public/at 16 C.F.R. 12/14/2021 12/13/2021 6013317551 SSA-Suspended tachments/598178 310.4(b)(1)(v) https://portal2.tracebacks.org/ap
+18592957850,+1 (859) 295-7850,SSA-Suspended,1,1,0,no,pdf:pointofnoentry-cherryvoiceceasedesistletterfinaljms.pdf,(v) https://portal2.tracebacks.org/api/public/at 16 C.F.R. 12/14/2021 12/9/2021 8592957850 SSA-Suspended tachments/598182 310.4(b)(1)(v) https://portal2.tracebacks.org/ap
+18592750967,+1 (859) 275-0967,SSA-Suspended,1,1,0,no,pdf:pointofnoentry-cherryvoiceceasedesistletterfinaljms.pdf,v) https://portal2.tracebacks.org/api/public/at 16 C.F.R. 12/14/2021 12/13/2021 8592750967 SSA-Suspended tachments/598186 310.4(b)(1)(v) https://portal2.tracebacks.org/ap
+12169525765,+1 (216) 952-5765,SSA-Suspended,1,1,0,no,pdf:pointofnoentry-cherryvoiceceasedesistletterfinaljms.pdf,v) https://portal2.tracebacks.org/api/public/at 16 C.F.R. 12/14/2021 12/13/2021 2169525765 SSA-Suspended tachments/598194 310.4(b)(1)(v) https://portal2.tracebacks.org/ap
+16789727678,+1 (678) 972-7678,SSA-Suspended,1,1,0,no,pdf:pointofnoentry-cherryvoiceceasedesistletterfinaljms.pdf,(v) https://portal2.tracebacks.org/api/public/at 16 C.F.R. 12/14/2021 12/9/2021 6789727678 SSA-Suspended tachments/598198 310.4(b)(1)(v) https://portal2.tracebacks.org/ap
+16019961491,+1 (601) 996-1491,Amazon-SuspiciousCharge-P1,1,1,0,no,pdf:pointofnoentry-cherryvoiceceasedesistletterfinaljms.pdf,(v) https://portal2.tracebacks.org/api/public/at 16 C.F.R. 12/13/2021 12/9/2021 6019961491 Amazon-SuspiciousCharge-P1 tachments/591012 310.4(b)(1)(v) https://portal2.trac
+12708415527,+1 (270) 841-5527,Amazon-AuthorizeOrder,1,1,0,no,pdf:pointofnoentry-cherryvoiceceasedesistletterfinaljms.pdf,)(v) https://portal2.tracebacks.org/api/public/at 16 C.F.R. 12/9/2021 12/6/2021 2708415527 Amazon-AuthorizeOrder tachments/582925 310.4(b)(1)(v) https://portal2.traceback
+16813623077,+1 (681) 362-3077,PayPal-Impers,1,1,0,no,pdf:pointofnoentry-cherryvoiceceasedesistletterfinaljms.pdf,)(v) https://portal2.tracebacks.org/api/public/at 16 C.F.R. 12/9/2021 12/2/2021 6813623077 PayPal-Impers tachments/582994 310.4(b)(1)(v) https://portal2.tracebacks.org/ap
+14233166173,+1 (423) 316-6173,Amazon-AuthorizeOrder,1,1,0,no,pdf:pointofnoentry-cherryvoiceceasedesistletterfinaljms.pdf,v) https://portal2.tracebacks.org/api/public/at 16 C.F.R. 11/20/2021 11/18/2021 4233166173 Amazon-AuthorizeOrder tachments/565725 310.4(b)(1)(v) https://portal2.traceback
+15635425626,+1 (563) 542-5626,SSA-KindlyPressOne,1,1,0,no,pdf:pointofnoentry-cherryvoiceceasedesistletterfinaljms.pdf,)(v) https://portal2.tracebacks.org/api/public/at 16 C.F.R. 8/25/2021 8/23/2021 5635425626 SSA-KindlyPressOne tachments/383719 310.4(b)(1)(v) https://portal2.tracebacks.o
+12145324411,+1 (214) 532-4411,SSA-KindlyPressOne,1,1,0,no,pdf:pointofnoentry-cherryvoiceceasedesistletterfinaljms.pdf,)(v) https://portal2.tracebacks.org/api/public/at 16 C.F.R. 8/24/2021 8/20/2021 2145324411 SSA-KindlyPressOne tachments/383705 310.4(b)(1)(v) https://portal2.tracebacks.o
+15753027606,+1 (575) 302-7606,SSA-KindlyPressOne,1,1,0,no,pdf:pointofnoentry-cherryvoiceceasedesistletterfinaljms.pdf,)(v) https://portal2.tracebacks.org/api/public/at 16 C.F.R. 8/24/2021 8/23/2021 5753027606 SSA-KindlyPressOne tachments/383710 310.4(b)(1)(v) https://portal2.tracebacks.o
+17733017749,+1 (773) 301-7749,SSA-KindlyPressOne,1,1,0,no,pdf:pointofnoentry-cherryvoiceceasedesistletterfinaljms.pdf,)(v) https://portal2.tracebacks.org/api/public/at 16 C.F.R. 8/18/2021 8/17/2021 7733017749 SSA-KindlyPressOne tachments/373777 310.4(b)(1)(v) https://portal2.tracebacks.o
+12819232197,+1 (281) 923-2197,SSA-KindlyPressOne,1,1,0,no,pdf:pointofnoentry-cherryvoiceceasedesistletterfinaljms.pdf,(1)(v) https://portal2.tracebacks.org/api/public/at 16 C.F.R. 8/5/2021 8/2/2021 2819232197 SSA-KindlyPressOne tachments/316444 310.4(b)(1)(v) https://portal2.tracebacks.o
+19788981941,+1 (978) 898-1941,CCIRR-P1FinancialImpers,1,1,0,no,pdf:pointofnoentry-cherryvoiceceasedesistletterfinaljms.pdf,)(v) https://portal2.tracebacks.org/api/public/at 16 C.F.R. 5/18/2021 5/17/2021 9788981941 CCIRR-P1FinancialImpers tachments/132842 310.4(b)(1)(v) https://portal2.traceba
+17865830134,+1 (786) 583-0134,CCIRR-P1FinancialImpers,1,1,0,no,pdf:pointofnoentry-cherryvoiceceasedesistletterfinaljms.pdf,(1)(v) https://portal2.tracebacks.org/api/public/at 16 C.F.R. 3/5/2021 3/4/2021 7865830134 CCIRR-P1FinancialImpers tachments/64038 310.4(b)(1)(v) https://portal2.tracebac
+18667979774,+1 (866) 797-9774,Discount-Avail50%,1,1,0,no,pdf:pointofnoentry-cherryvoiceceasedesistletterfinaljms.pdf,)(v) https://portal2.tracebacks.org/api/public/at 16 C.F.R. 1/14/2021 1/14/2021 8667979774 Discount-Avail50% tachments/28198 310.4(b)(1)(v)
+15308451242,+1 (530) 845-1242,ISP/Cable/Wireless-Impers,1,1,0,no,pdf:pointofnoentry-didcentralceasedesistletterfinaljms.pdf,lation https://portal2.tracebacks.org/api/public/ 16 C.F.R. 2/14/2023 2/13/2023 5308451242 ISP/Cable/Wireless-Impers attachments/1237002 310.4(b)(1)(v) https://portal2.tr
+17195093804,+1 (719) 509-3804,Insurance-FinalExpense-P1,1,1,0,no,pdf:pointofnoentry-didcentralceasedesistletterfinaljms.pdf,(1)(v) https://portal2.tracebacks.org/api/public/ 16 C.F.R. 1/31/2023 1/30/2023 7195093804 Insurance-FinalExpense-P1 attachments/1221882 310.4(b)(1)(v) https://portal2.tr
+16316997071,+1 (631) 699-7071,Discount-Avail50%,1,1,0,no,pdf:pointofnoentry-didcentralceasedesistletterfinaljms.pdf,(1)(v) https://portal2.tracebacks.org/api/public/ 16 C.F.R. 1/17/2023 1/16/2023 6316997071 Discount-Avail50% attachments/1208904 310.4(b)(1)(v) https://portal2.tracebacks
+14088212966,+1 (408) 821-2966,Discount-Avail50%,1,1,0,no,pdf:pointofnoentry-didcentralceasedesistletterfinaljms.pdf,(1)(v) https://portal2.tracebacks.org/api/public/ 16 C.F.R. 1/17/2023 1/16/2023 4088212966 Discount-Avail50% attachments/1208916 310.4(b)(1)(v) https://portal2.tracebacks
+15033486196,+1 (503) 348-6196,Discount-Avail50%,1,1,0,no,pdf:pointofnoentry-didcentralceasedesistletterfinaljms.pdf,(1)(v) https://portal2.tracebacks.org/api/public/ 16 C.F.R. 1/17/2023 1/16/2023 5033486196 Discount-Avail50% attachments/1208917 310.4(b)(1)(v) https://portal2.tracebacks
+16286679779,+1 (628) 667-9779,Amazon-SuspiciousCharge-P1,1,1,0,no,pdf:pointofnoentry-didcentralceasedesistletterfinaljms.pdf,)(v) https://portal2.tracebacks.org/api/public/ 16 C.F.R. 11/29/2022 11/28/2022 6286679779 Amazon-SuspiciousCharge-P1 attachments/1153254 310.4(b)(1)(v) https://portal2.t
+16286679863,+1 (628) 667-9863,Amazon-SuspiciousCharge-P1,1,1,0,no,pdf:pointofnoentry-didcentralceasedesistletterfinaljms.pdf,)(v) https://portal2.tracebacks.org/api/public/ 16 C.F.R. 11/29/2022 11/28/2022 6286679863 Amazon-SuspiciousCharge-P1 attachments/1153265 310.4(b)(1)(v) https://portal2.t
+15205809845,+1 (520) 580-9845,Amazon-SuspiciousCharge-P1,1,1,0,no,pdf:pointofnoentry-didcentralceasedesistletterfinaljms.pdf,)(v) https://portal2.tracebacks.org/api/public/ 16 C.F.R. 11/29/2022 11/28/2022 5205809845 Amazon-SuspiciousCharge-P1 attachments/1153267 310.4(b)(1)(v) https://portal2.t
+13304654180,+1 (330) 465-4180,Grandparentscam,1,1,0,no,pdf:pointofnoentry-didcentralceasedesistletterfinaljms.pdf,)(v) https://portal2.tracebacks.org/api/public/ 16 C.F.R. 11/15/2022 11/14/2022 3304654180 Grandparentscam attachments/1132342 310.4(b)(1)(v) https://portal2.tracebacks.o
+17133922422,+1 (713) 392-2422,Utility-30MinDisconnect,1,1,0,no,pdf:pointofnoentry-didcentralceasedesistletterfinaljms.pdf,)(v) https://portal2.tracebacks.org/api/public/ 16 C.F.R. 10/19/2022 10/18/2022 7133922422 Utility-30MinDisconnect attachments/1084003 310.4(b)(1)(v) https://portal2.trac
+13257736607,+1 (325) 773-6607,CashApp-Blocked,1,1,0,no,pdf:pointofnoentry-didcentralceasedesistletterfinaljms.pdf,(1)(v) https://portal2.tracebacks.org/api/public/ 16 C.F.R. 3/18/2022 3/14/2022 3257736607 CashApp-Blocked attachments/767266 310.4(b)(1)(v) https://portal2.tracebacks.or
+15126542077,+1 (512) 654-2077,SSA-KindlyPressOne,1,1,0,no,pdf:pointofnoentry-didcentralceasedesistletterfinaljms.pdf,b)(1)(v) https://portal2.tracebacks.org/api/public/ 16 C.F.R. 2/7/2022 2/3/2022 5126542077 SSA-KindlyPressOne attachments/668457 310.4(b)(1)(v) https://portal2.tracebacks
+18287453397,+1 (828) 745-3397,SSA-KindlyPressOne,1,1,0,no,pdf:pointofnoentry-didcentralceasedesistletterfinaljms.pdf,b)(1)(v) https://portal2.tracebacks.org/api/public/ 16 C.F.R. 2/7/2022 2/3/2022 8287453397 SSA-KindlyPressOne attachments/668469 310.4(b)(1)(v) https://portal2.tracebacks
+17082734133,+1 (708) 273-4133,AutoWarrantyExtend,1,1,0,no,pdf:pointofnoentry-didcentralceasedesistletterfinaljms.pdf,(1)(v) https://portal2.tracebacks.org/api/public/ 16 C.F.R. 12/9/2021 12/7/2021 7082734133 AutoWarrantyExtend attachments/587262 310.4(b)(1)(v) https://portal2.tracebacks
+19735699685,+1 (973) 569-9685,AutoWarrantyExtend,1,1,0,no,pdf:pointofnoentry-didcentralceasedesistletterfinaljms.pdf,(1)(v) https://portal2.tracebacks.org/api/public/ 16 C.F.R. 12/9/2021 12/7/2021 9735699685 AutoWarrantyExtend attachments/587263 310.4(b)(1)(v) https://portal2.tracebacks
+17199747940,+1 (719) 974-7940,Amazon-AuthorizeOrder,1,1,0,no,pdf:pointofnoentry-didcentralceasedesistletterfinaljms.pdf,)(v) https://portal2.tracebacks.org/api/public/ 16 C.F.R. 11/29/2021 11/26/2021 7199747940 Amazon-AuthorizeOrder attachments/574722 310.4(b)(1)(v) https://portal2.traceba
+16317080756,+1 (631) 708-0756,AutoWarranty-Various-P2,1,1,0,no,pdf:pointofnoentry-didcentralceasedesistletterfinaljms.pdf,)(v) https://portal2.tracebacks.org/api/public/ 16 C.F.R. 11/24/2021 11/16/2021 6317080756 AutoWarranty-Various-P2 attachments/568980 310.4(b)(1)(v) https://portal2.trace
+19804147202,+1 (980) 414-7202,AutoWarranty-Various-P2,1,1,0,no,pdf:pointofnoentry-didcentralceasedesistletterfinaljms.pdf,)(v) https://portal2.tracebacks.org/api/public/ 16 C.F.R. 11/23/2021 11/17/2021 9804147202 AutoWarranty-Various-P2 attachments/568965 310.4(b)(1)(v) https://portal2.trace
+16104326882,+1 (610) 432-6882,AutoWarranty-Various-P2,1,1,0,no,pdf:pointofnoentry-didcentralceasedesistletterfinaljms.pdf,)(v) https://portal2.tracebacks.org/api/public/ 16 C.F.R. 11/23/2021 11/17/2021 6104326882 AutoWarranty-Various-P2 attachments/568977 310.4(b)(1)(v) https://portal2.trace
+18652955195,+1 (865) 295-5195,AutoWarrantyExtend,1,1,0,no,pdf:pointofnoentry-didcentralceasedesistletterfinaljms.pdf,)(v) https://portal2.tracebacks.org/api/public/ 16 C.F.R. 11/16/2021 11/11/2021 8652955195 AutoWarrantyExtend attachments/560751 310.4(b)(1)(v) https://portal2.tracebacks
+12183511232,+1 (218) 351-1232,AutoWarrantyExtend,1,1,0,no,pdf:pointofnoentry-didcentralceasedesistletterfinaljms.pdf,)(v) https://portal2.tracebacks.org/api/public/ 16 C.F.R. 11/16/2021 11/11/2021 2183511232 AutoWarrantyExtend attachments/560758 310.4(b)(1)(v) https://portal2.tracebacks
+16062066060,+1 (606) 206-6060,Amazon-AuthorizeOrder,1,1,0,no,pdf:pointofnoentry-didcentralceasedesistletterfinaljms.pdf,)(v) https://portal2.tracebacks.org/api/public/ 16 C.F.R. 11/12/2021 11/11/2021 6062066060 Amazon-AuthorizeOrder attachments/557666 310.4(b)(1)(v) https://portal2.traceba
+19549466162,+1 (954) 946-6162,Amazon-AuthorizeOrder,1,1,0,no,pdf:pointofnoentry-didcentralceasedesistletterfinaljms.pdf,)(v) https://portal2.tracebacks.org/api/public/ 16 C.F.R. 10/29/2021 10/18/2021 9549466162 Amazon-AuthorizeOrder attachments/527893 310.4(b)(1)(v) https://portal2.traceba
+18018829326,+1 (801) 882-9326,Amazon-AuthorizeOrder,1,1,0,no,pdf:pointofnoentry-didcentralceasedesistletterfinaljms.pdf,)(v) https://portal2.tracebacks.org/api/public/ 16 C.F.R. 10/20/2021 10/19/2021 8018829326 Amazon-AuthorizeOrder attachments/527882 310.4(b)(1)(v) https://portal2.traceba
+13136596578,+1 (313) 659-6578,Amazon-AuthorizeOrder,1,1,0,no,pdf:pointofnoentry-didcentralceasedesistletterfinaljms.pdf,)(v) https://portal2.tracebacks.org/api/public/ 16 C.F.R. 10/14/2021 10/13/2021 3136596578 Amazon-AuthorizeOrder attachments/516605 310.4(b)(1)(v) https://portal2.traceba
+15022139100,+1 (502) 213-9100,Amazon-AuthorizeOrder,1,1,0,no,pdf:pointofnoentry-didcentralceasedesistletterfinaljms.pdf,(1)(v) https://portal2.tracebacks.org/api/public/ 16 C.F.R. 10/8/2021 10/7/2021 5022139100 Amazon-AuthorizeOrder attachments/500499 310.4(b)(1)(v) https://portal2.traceba
+13867761476,+1 (386) 776-1476,Legal-Enforcement-Notice,1,1,0,no,pdf:pointofnoentry-didcentralceasedesistletterfinaljms.pdf,(1)(v) https://portal2.tracebacks.org/api/public/ 16 C.F.R. 10/5/2021 10/4/2021 3867761476 Legal-Enforcement-Notice attachments/491064 310.4(b)(1)(v) https://portal2.trac
+18055104529,+1 (805) 510-4529,SSA-KindlyPressOne,1,1,0,no,pdf:pointofnoentry-didcentralceasedesistletterfinaljms.pdf,(1)(v) https://portal2.tracebacks.org/api/public/ 16 C.F.R. 9/22/2021 9/21/2021 8055104529 SSA-KindlyPressOne attachments/465613 310.4(b)(1)(v) https://portal2.tracebacks
+12017661947,+1 (201) 766-1947,SSA-Suspended-P2,1,1,0,no,pdf:pointofnoentry-didcentralceasedesistletterfinaljms.pdf,(1)(v) https://portal2.tracebacks.org/api/public/ 16 C.F.R. 9/21/2021 9/15/2021 2017661947 SSA-Suspended-P2 attachments/460624 310.4(b)(1)(v) https://portal2.tracebacks.o
+19735512064,+1 (973) 551-2064,SSA-Suspended-P2,1,1,0,no,pdf:pointofnoentry-didcentralceasedesistletterfinaljms.pdf,(1)(v) https://portal2.tracebacks.org/api/public/ 16 C.F.R. 9/21/2021 9/15/2021 9735512064 SSA-Suspended-P2 attachments/460629 310.4(b)(1)(v) https://portal2.tracebacks.o
+18567123506,+1 (856) 712-3506,SSA-Suspended-P2,1,1,0,no,pdf:pointofnoentry-didcentralceasedesistletterfinaljms.pdf,(1)(v) https://portal2.tracebacks.org/api/public/ 16 C.F.R. 9/21/2021 9/15/2021 8567123506 SSA-Suspended-P2 attachments/460645 310.4(b)(1)(v) https://portal2.tracebacks.o
+16097329498,+1 (609) 732-9498,SSA-KindlyPressOne,1,1,0,no,pdf:pointofnoentry-didcentralceasedesistletterfinaljms.pdf,(1)(v) https://portal2.tracebacks.org/api/public/ 16 C.F.R. 9/21/2021 9/20/2021 6097329498 SSA-KindlyPressOne attachments/463180 310.4(b)(1)(v) https://portal2.tracebacks
+13176521152,+1 (317) 652-1152,SSA-KindlyPressOne,1,1,0,no,pdf:pointofnoentry-didcentralceasedesistletterfinaljms.pdf,(1)(v) https://portal2.tracebacks.org/api/public/ 16 C.F.R. 9/21/2021 9/20/2021 3176521152 SSA-KindlyPressOne attachments/463186 310.4(b)(1)(v) https://portal2.tracebacks
+12075174868,+1 (207) 517-4868,CBP-GovtImpers,1,1,0,no,pdf:pointofnoentry-didcentralceasedesistletterfinaljms.pdf,(1)(v) https://portal2.tracebacks.org/api/public/ 16 C.F.R. 9/17/2021 9/15/2021 2075174868 CBP-GovtImpers attachments/453398 310.4(b)(1)(v) https://portal2.tracebacks.org
+17166677178,+1 (716) 667-7178,SSA-P2Compromised,1,1,0,no,pdf:pointofnoentry-didcentralceasedesistletterfinaljms.pdf,(1)(v) https://portal2.tracebacks.org/api/public/ 16 C.F.R. 9/17/2021 9/16/2021 7166677178 SSA-P2Compromised attachments/456143 310.4(b)(1)(v) https://portal2.tracebacks.
+16784618571,+1 (678) 461-8571,SSA-KindlyPressOne,1,1,0,no,pdf:pointofnoentry-didcentralceasedesistletterfinaljms.pdf,(1)(v) https://portal2.tracebacks.org/api/public/ 16 C.F.R. 9/14/2021 9/13/2021 6784618571 SSA-KindlyPressOne attachments/447431 310.4(b)(1)(v) https://portal2.tracebacks
+13239635615,+1 (323) 963-5615,Home Services-Clean Energy,1,1,0,no,pdf:pointofnoentry-didcentralceasedesistletterfinaljms.pdf,b)(1)(v) https://portal2.tracebacks.org/api/public/ 16 C.F.R. 6/9/2021 6/8/2021 3239635615 Home Services-Clean Energy attachments/188142 310.4(b)(1)(v) https://portal2.tr
+17756288429,+1 (775) 628-8429,StudentLoan - New Changes,1,1,0,no,pdf:pointofnoentry-didcentralceasedesistletterfinaljms.pdf,(1)(v) https://portal2.tracebacks.org/api/public/ 16 C.F.R. 4/26/2021 4/23/2021 7756288429 StudentLoan - New Changes attachments/111641 310.4(b)(1)(v) https://portal2.tra
+13462770045,+1 (346) 277-0045,SSA-Impers,1,1,0,no,pdf:pointofnoentry-didcentralceasedesistletterfinaljms.pdf,(1)(v) https://portal2.tracebacks.org/api/public/ 16 C.F.R. 3/26/2021 3/17/2021 3462770045 SSA-Impers attachments/77603 310.4(b)(1)(v) https://portal2.tracebacks.org/api/
+16099138713,+1 (609) 913-8713,SSA-Impers,1,1,0,no,pdf:pointofnoentry-didcentralceasedesistletterfinaljms.pdf,(1)(v) https://portal2.tracebacks.org/api/public/ 16 C.F.R. 3/26/2021 3/19/2021 6099138713 SSA-Impers attachments/77607 310.4(b)(1)(v) https://portal2.tracebacks.org/api/
+14085320899,+1 (408) 532-0899,SSA-P1-BenefitsCanceled (GovtImpers),1,1,0,no,pdf:pointofnoentry-didcentralceasedesistletterfinaljms.pdf,(1)(v) https://portal2.tracebacks.org/api/public/ 16 C.F.R. 3/23/2021 3/19/2021 4085320899 SSA-P1-BenefitsCanceled (GovtImpers) attachments/70642 310.4(b)(1)(v) https://p
+14086948627,+1 (408) 694-8627,Apple-iCloud-AccountBreached,1,1,0,no,pdf:pointofnoentry-didcentralceasedesistletterfinaljms.pdf,(1)(v) https://portal2.tracebacks.org/api/public/ 16 C.F.R. 3/15/2021 3/14/2021 4086948627 Apple-iCloud-AccountBreached attachments/66973 310.4(b)(1)(v) https://portal2.t
+17742830498,+1 (774) 283-0498,SSA-CalltheSSA,1,1,0,no,pdf:pointofnoentry-didcentralceasedesistletterfinaljms.pdf,(1)(v) https://portal2.tracebacks.org/api/public/ 16 C.F.R. 2/11/2021 2/10/2021 7742830498 SSA-CalltheSSA attachments/55582 310.4(b)(1)(v) https://portal2.tracebacks.org/
+15133831654,+1 (513) 383-1654,Apple-iCloud-AccountBreached,1,1,0,no,pdf:pointofnoentry-didcentralceasedesistletterfinaljms.pdf,b)(1)(v) https://portal2.tracebacks.org/api/public/ 16 C.F.R. 2/8/2021 2/7/2021 5133831654 Apple-iCloud-AccountBreached attachments/53951 310.4(b)(1)(v)
+14434565437,+1 (443) 456-5437,Amazon-AuthorizeOrder-P3 t,1,1,0,no,pdf:pointofnoentry-every1telecomceasedesistletterfinaljms.pdf,olation https://portal2.tracebacks.org/api/public/a 16 C.F.R. 2/8/2023 2/7/2023 4434565437 Amazon-AuthorizeOrder-P3 ttachments/1230384 310.4(b)(1)(v) https://portal2.trac
+19069190604,+1 (906) 919-0604,Utility-30MinDisconnect t,1,1,0,no,pdf:pointofnoentry-every1telecomceasedesistletterfinaljms.pdf,1)(v) https://portal2.tracebacks.org/api/public/a 16 C.F.R. 1/13/2023 1/12/2023 9069190604 Utility-30MinDisconnect ttachments/1205446 310.4(b)(1)(v) https://portal2.trace
+18888184006,+1 (888) 818-4006,Utility-30MinDisconnect t,1,1,0,no,pdf:pointofnoentry-every1telecomceasedesistletterfinaljms.pdf,1)(v) https://portal2.tracebacks.org/api/public/a 16 C.F.R. 1/13/2023 1/12/2023 8888184006 Utility-30MinDisconnect ttachments/1205449 310.4(b)(1)(v) https://portal2.trace
+12254465158,+1 (225) 446-5158,Amazon-AuthorizeOrder-P3 t,1,1,0,no,pdf:pointofnoentry-every1telecomceasedesistletterfinaljms.pdf,(1)(v) https://portal2.tracebacks.org/api/public/a 16 C.F.R. 1/10/2023 1/9/2023 2254465158 Amazon-AuthorizeOrder-P3 ttachments/1202408 310.4(b)(1)(v) https://portal2.trac
+12293500976,+1 (229) 350-0976,Discount-Avail50% t,1,1,0,no,pdf:pointofnoentry-every1telecomceasedesistletterfinaljms.pdf,)(1)(v) https://portal2.tracebacks.org/api/public/a 16 C.F.R. 1/7/2023 1/5/2023 2293500976 Discount-Avail50% ttachments/1199327 310.4(b)(1)(v) https://portal2.tracebacks.
+18388343173,+1 (838) 834-3173,CCIRR-P4FinancialImpers t,1,1,0,no,pdf:pointofnoentry-every1telecomceasedesistletterfinaljms.pdf,1)(v) https://portal2.tracebacks.org/api/public/a 16 C.F.R. 1/4/2023 12/27/2022 8388343173 CCIRR-P4FinancialImpers ttachments/1194050 310.4(b)(1)(v) https://portal2.trace
+15302396275,+1 (530) 239-6275,Chinese-PackageDelivery-P3 t,1,1,0,no,pdf:pointofnoentry-every1telecomceasedesistletterfinaljms.pdf,)(1)(v) https://portal2.tracebacks.org/api/public/a 16 C.F.R. 1/4/2023 1/3/2023 5302396275 Chinese-PackageDelivery-P3 ttachments/1195627 310.4(b)(1)(v) https://portal2.tr
+15184486002,+1 (518) 448-6002,CCIRR-P4FinancialImpers t,1,1,0,no,pdf:pointofnoentry-every1telecomceasedesistletterfinaljms.pdf,1)(v) https://portal2.tracebacks.org/api/public/a 16 C.F.R. 1/3/2023 12/26/2022 5184486002 CCIRR-P4FinancialImpers ttachments/1194051 310.4(b)(1)(v) https://portal2.trace
+18382239780,+1 (838) 223-9780,Discount-Avail50% t,1,1,0,no,pdf:pointofnoentry-every1telecomceasedesistletterfinaljms.pdf,(v) https://portal2.tracebacks.org/api/public/a 16 C.F.R. 12/28/2022 12/22/2022 8382239780 Discount-Avail50% ttachments/1187854 310.4(b)(1)(v) https://portal2.tracebacks.
+19178619340,+1 (917) 861-9340,Chinese-PackageDelivery-P3 t,1,1,0,no,pdf:pointofnoentry-every1telecomceasedesistletterfinaljms.pdf,(v) https://portal2.tracebacks.org/api/public/a 16 C.F.R. 12/21/2022 12/17/2022 9178619340 Chinese-PackageDelivery-P3 ttachments/1181987 310.4(b)(1)(v) https://portal2.tr
+19178617709,+1 (917) 861-7709,Chinese-PackageDelivery-P3 t,1,1,0,no,pdf:pointofnoentry-every1telecomceasedesistletterfinaljms.pdf,(v) https://portal2.tracebacks.org/api/public/a 16 C.F.R. 12/21/2022 12/17/2022 9178617709 Chinese-PackageDelivery-P3 ttachments/1181991 310.4(b)(1)(v) https://portal2.tr
+19178616970,+1 (917) 861-6970,Chinese-PackageDelivery-P3 t,1,1,0,no,pdf:pointofnoentry-every1telecomceasedesistletterfinaljms.pdf,(v) https://portal2.tracebacks.org/api/public/a 16 C.F.R. 12/21/2022 12/17/2022 9178616970 Chinese-PackageDelivery-P3 ttachments/1181993 310.4(b)(1)(v) https://portal2.tr
+19178614414,+1 (917) 861-4414,Chinese-PackageDelivery-P3 t,1,1,0,no,pdf:pointofnoentry-every1telecomceasedesistletterfinaljms.pdf,(v) https://portal2.tracebacks.org/api/public/a 16 C.F.R. 12/20/2022 12/17/2022 9178614414 Chinese-PackageDelivery-P3 ttachments/1181979 310.4(b)(1)(v) https://portal2.tr
+19178618108,+1 (917) 861-8108,Chinese-PackageDelivery-P3 t,1,1,0,no,pdf:pointofnoentry-every1telecomceasedesistletterfinaljms.pdf,(v) https://portal2.tracebacks.org/api/public/a 16 C.F.R. 12/20/2022 12/17/2022 9178618108 Chinese-PackageDelivery-P3 ttachments/1181981 310.4(b)(1)(v) https://portal2.tr
+19178611991,+1 (917) 861-1991,Chinese-PackageDelivery-P3 t,1,1,0,no,pdf:pointofnoentry-every1telecomceasedesistletterfinaljms.pdf,(v) https://portal2.tracebacks.org/api/public/a 16 C.F.R. 12/20/2022 12/17/2022 9178611991 Chinese-PackageDelivery-P3 ttachments/1181983 310.4(b)(1)(v) https://portal2.tr
+19178612217,+1 (917) 861-2217,Chinese-PackageDelivery-P3 t,1,1,0,no,pdf:pointofnoentry-every1telecomceasedesistletterfinaljms.pdf,(v) https://portal2.tracebacks.org/api/public/a 16 C.F.R. 12/20/2022 12/17/2022 9178612217 Chinese-PackageDelivery-P3 ttachments/1181985 310.4(b)(1)(v) https://portal2.tr
+15186139610,+1 (518) 613-9610,Amazon-AuthorizeOrder t,1,1,0,no,pdf:pointofnoentry-every1telecomceasedesistletterfinaljms.pdf,)(v) https://portal2.tracebacks.org/api/public/a 16 C.F.R. 12/13/2022 12/7/2022 5186139610 Amazon-AuthorizeOrder ttachments/1167382 310.4(b)(1)(v) https://portal2.traceba
+15185686819,+1 (518) 568-6819,Amazon-AuthorizeOrder t,1,1,0,no,pdf:pointofnoentry-every1telecomceasedesistletterfinaljms.pdf,1)(v) https://portal2.tracebacks.org/api/public/a 16 C.F.R. 12/9/2022 12/7/2022 5185686819 Amazon-AuthorizeOrder ttachments/1167381 310.4(b)(1)(v) https://portal2.traceba
+15188260722,+1 (518) 826-0722,Amazon-AuthorizeOrder t,1,1,0,no,pdf:pointofnoentry-every1telecomceasedesistletterfinaljms.pdf,1)(v) https://portal2.tracebacks.org/api/public/a 16 C.F.R. 12/2/2022 12/1/2022 5188260722 Amazon-AuthorizeOrder ttachments/1159022 310.4(b)(1)(v) https://portal2.traceba
+14808700939,+1 (480) 870-0939,Amazon-AuthorizeOrder t,1,1,0,no,pdf:pointofnoentry-every1telecomceasedesistletterfinaljms.pdf,(v) https://portal2.tracebacks.org/api/public/a 16 C.F.R. 11/22/2022 11/15/2022 4808700939 Amazon-AuthorizeOrder ttachments/1140891 310.4(b)(1)(v) https://portal2.traceba
+17179228746,+1 (717) 922-8746,Amazon-AuthorizeOrder t,1,1,0,no,pdf:pointofnoentry-every1telecomceasedesistletterfinaljms.pdf,(v) https://portal2.tracebacks.org/api/public/a 16 C.F.R. 11/22/2022 11/16/2022 7179228746 Amazon-AuthorizeOrder ttachments/1140907 310.4(b)(1)(v) https://portal2.traceba
+15187499668,+1 (518) 749-9668,Amazon-Various-P1 t,1,1,0,no,pdf:pointofnoentry-every1telecomceasedesistletterfinaljms.pdf,(v) https://portal2.tracebacks.org/api/public/a 16 C.F.R. 11/22/2022 11/21/2022 5187499668 Amazon-Various-P1 ttachments/1146521 310.4(b)(1)(v) https://portal2.tracebacks.
+12522941852,+1 (252) 294-1852,Amazon-AuthorizeOrder t,1,1,0,no,pdf:pointofnoentry-every1telecomceasedesistletterfinaljms.pdf,(v) https://portal2.tracebacks.org/api/public/a 16 C.F.R. 11/18/2022 11/15/2022 2522941852 Amazon-AuthorizeOrder ttachments/1140878 310.4(b)(1)(v) https://portal2.traceba
+12543206956,+1 (254) 320-6956,Amazon-AuthorizeOrder t,1,1,0,no,pdf:pointofnoentry-every1telecomceasedesistletterfinaljms.pdf,(v) https://portal2.tracebacks.org/api/public/a 16 C.F.R. 11/18/2022 11/15/2022 2543206956 Amazon-AuthorizeOrder ttachments/1140883 310.4(b)(1)(v) https://portal2.traceba
+15185178193,+1 (518) 517-8193,Chinese-PackageDelivery-P3 t,1,1,0,no,pdf:pointofnoentry-every1telecomceasedesistletterfinaljms.pdf,(v) https://portal2.tracebacks.org/api/public/a 16 C.F.R. 11/17/2022 11/16/2022 5185178193 Chinese-PackageDelivery-P3 ttachments/1137678 310.4(b)(1)(v) https://portal2.tr
+19343459766,+1 (934) 345-9766,Amazon-AuthorizeOrder-P3 t,1,1,0,no,pdf:pointofnoentry-every1telecomceasedesistletterfinaljms.pdf,1)(v) https://portal2.tracebacks.org/api/public/a 16 C.F.R. 11/4/2022 11/1/2022 9343459766 Amazon-AuthorizeOrder-P3 ttachments/1114591 310.4(b)(1)(v) https://portal2.trac
+17167589992,+1 (716) 758-9992,Amazon-AuthorizeOrder-P3 t,1,1,0,no,pdf:pointofnoentry-every1telecomceasedesistletterfinaljms.pdf,)(v) https://portal2.tracebacks.org/api/public/a 16 C.F.R. 11/4/2022 10/31/2022 7167589992 Amazon-AuthorizeOrder-P3 ttachments/1114593 310.4(b)(1)(v) https://portal2.trac
+15188969424,+1 (518) 896-9424,Amazon-AuthorizeOrder-P3 t,1,1,0,no,pdf:pointofnoentry-every1telecomceasedesistletterfinaljms.pdf,)(v) https://portal2.tracebacks.org/api/public/a 16 C.F.R. 11/3/2022 10/31/2022 5188969424 Amazon-AuthorizeOrder-P3 ttachments/1114595 310.4(b)(1)(v) https://portal2.trac
+18383329641,+1 (838) 332-9641,CBP-GovtImpers-P2 t,1,1,0,no,pdf:pointofnoentry-every1telecomceasedesistletterfinaljms.pdf,1)(v) https://portal2.tracebacks.org/api/public/a 16 C.F.R. 11/3/2022 11/2/2022 8383329641 CBP-GovtImpers-P2 ttachments/1114638 310.4(b)(1)(v) https://portal2.tracebacks.
+15189872157,+1 (518) 987-2157,Amazon-AuthorizeOrder t,1,1,0,no,pdf:pointofnoentry-every1telecomceasedesistletterfinaljms.pdf,)(v) https://portal2.tracebacks.org/api/public/a 16 C.F.R. 11/2/2022 10/31/2022 5189872157 Amazon-AuthorizeOrder ttachments/1112259 310.4(b)(1)(v) 1716384921 https://port
+19342040978,+1 (934) 204-0978,Chinese-PackageDelivery t,1,1,0,no,pdf:pointofnoentry-every1telecomceasedesistletterfinaljms.pdf,(v) https://portal2.tracebacks.org/api/public/a 16 C.F.R. 10/24/2022 10/18/2022 9342040978 Chinese-PackageDelivery ttachments/1094282 310.4(b)(1)(v) https://portal2.trace
+15188260686,+1 (518) 826-0686,Chinese-PackageDelivery t,1,1,0,no,pdf:pointofnoentry-every1telecomceasedesistletterfinaljms.pdf,(v) https://portal2.tracebacks.org/api/public/a 16 C.F.R. 10/24/2022 10/18/2022 5188260686 Chinese-PackageDelivery ttachments/1094286 310.4(b)(1)(v) https://portal2.trace
+17162346407,+1 (716) 234-6407,Amazon-AuthorizeOrder t,1,1,0,no,pdf:pointofnoentry-every1telecomceasedesistletterfinaljms.pdf,(v) https://portal2.tracebacks.org/api/public/a 16 C.F.R. 10/20/2022 10/17/2022 7162346407 Amazon-AuthorizeOrder ttachments/1086677 310.4(b)(1)(v) https://portal2.traceba
+17167579349,+1 (716) 757-9349,Amazon-Various-P1 t,1,1,0,no,pdf:pointofnoentry-every1telecomceasedesistletterfinaljms.pdf,)(v) https://portal2.tracebacks.org/api/public/a 16 C.F.R. 10/12/2022 10/9/2022 7167579349 Amazon-Various-P1 ttachments/1066853 310.4(b)(1)(v) https://portal2.tracebacks.
+19295806709,+1 (929) 580-6709,Amazon-Various-P1 t,1,1,0,no,pdf:pointofnoentry-every1telecomceasedesistletterfinaljms.pdf,)(v) https://portal2.tracebacks.org/api/public/a 16 C.F.R. 10/11/2022 10/8/2022 9295806709 Amazon-Various-P1 ttachments/1066844 310.4(b)(1)(v) https://portal2.tracebacks.
+18382089670,+1 (838) 208-9670,Utility-30MinDisconnect t,1,1,0,no,pdf:pointofnoentry-every1telecomceasedesistletterfinaljms.pdf,1)(v) https://portal2.tracebacks.org/api/public/a 16 C.F.R. 10/5/2022 10/4/2022 8382089670 Utility-30MinDisconnect ttachments/1056574 310.4(b)(1)(v)
+14408995598,+1 (440) 899-5598,Amazon-AuthorizeOrder,1,1,0,no,pdf:pointofnoentry-familycommcdletter.pdf,iolation https://portal.tracebacks.org/api/public 16 C.F.R. 7/19/2022 7/17/2022 4408995598 Amazon-AuthorizeOrder /attachments/959857 § 310.4(b)(1)(v) https://portal.trace
+18282978154,+1 (828) 297-8154,Amazon-AuthorizeOrder,1,1,0,no,pdf:pointofnoentry-familycommcdletter.pdf,b)(1)(v) https://portal.tracebacks.org/api/public 16 C.F.R. 7/18/2022 7/17/2022 8282978154 Amazon-AuthorizeOrder /attachments/959878 § 310.4(b)(1)(v) https://portal.trace
+16036651250,+1 (603) 665-1250,Amazon-AuthorizeOrder,1,1,0,no,pdf:pointofnoentry-familycommcdletter.pdf,b)(1)(v) https://portal.tracebacks.org/api/public 16 C.F.R. 7/11/2022 7/10/2022 6036651250 Amazon-AuthorizeOrder /attachments/951273 § 310.4(b)(1)(v) https://portal.trace
+13176028654,+1 (317) 602-8654,Amazon-SuspiciousCharge-P1,1,1,0,no,pdf:pointofnoentry-familycommcdletter.pdf,b)(1)(v) https://portal.tracebacks.org/api/public 16 C.F.R. 6/22/2022 6/17/2022 3176028654 Amazon-SuspiciousCharge-P1 /attachments/924832 § 310.4(b)(1)(v) https://portal.
+15099939268,+1 (509) 993-9268,Amazon-SuspiciousCharge,1,1,0,no,pdf:pointofnoentry-familycommcdletter.pdf,(b)(1)(v) https://portal.tracebacks.org/api/public 16 C.F.R. 6/14/2022 6/8/2022 5099939268 Amazon-SuspiciousCharge /attachments/892635 § 310.4(b)(1)(v) https://portal.tra
+18066856829,+1 (806) 685-6829,Legal-Consequences,1,1,0,no,pdf:pointofnoentry-familycommcdletter.pdf,b)(1)(v) https://portal.tracebacks.org/api/public 16 C.F.R. 5/23/2022 5/21/2022 8066856829 Legal-Consequences /attachments/868741 § 310.4(b)(1)(v) https://portal.tracebac
+19176225592,+1 (917) 622-5592,Legal-Consequences,1,1,0,no,pdf:pointofnoentry-familycommcdletter.pdf,b)(1)(v) https://portal.tracebacks.org/api/public 16 C.F.R. 5/23/2022 5/20/2022 9176225592 Legal-Consequences /attachments/868734 § 310.4(b)(1)(v) https://portal.tracebac
+18433198922,+1 (843) 319-8922,Legal-Consequences,1,1,0,no,pdf:pointofnoentry-familycommcdletter.pdf,b)(1)(v) https://portal.tracebacks.org/api/public 16 C.F.R. 5/23/2022 5/20/2022 8433198922 Legal-Consequences /attachments/868731 § 310.4(b)(1)(v) https://portal.tracebac
+19155615476,+1 (915) 561-5476,Legal-Consequences,1,1,0,no,pdf:pointofnoentry-familycommcdletter.pdf,b)(1)(v) https://portal.tracebacks.org/api/public 16 C.F.R. 5/23/2022 5/20/2022 9155615476 Legal-Consequences /attachments/868729 § 310.4(b)(1)(v) https://portal.tracebac
+17632606180,+1 (763) 260-6180,Authorized-Order,1,1,0,no,pdf:pointofnoentry-familycommcdletter.pdf,b)(1)(v) https://portal.tracebacks.org/api/public 16 C.F.R. 5/20/2022 5/17/2022 7632606180 Authorized-Order /attachments/864698 § 310.4(b)(1)(v) https://portal.tracebacks
+17134746344,+1 (713) 474-6344,LegalDept-Action-P1,1,1,0,no,pdf:pointofnoentry-familycommcdletter.pdf,b)(1)(v) https://portal.tracebacks.org/api/public 16 C.F.R. 5/19/2022 5/17/2022 7134746344 LegalDept-Action-P1 /attachments/859409 § 310.4(b)(1)(v) https://portal.traceba
+18288638057,+1 (828) 863-8057,Amazon-AuthorizeOrder,1,1,0,no,pdf:pointofnoentry-familycommcdletter.pdf,b)(1)(v) https://portal.tracebacks.org/api/public 16 C.F.R. 5/19/2022 5/16/2022 8288638057 Amazon-AuthorizeOrder /attachments/857388 § 310.4(b)(1)(v) https://portal.trace
+16015588997,+1 (601) 558-8997,Amazon-AuthorizeOrder,1,1,0,no,pdf:pointofnoentry-familycommcdletter.pdf,b)(1)(v) https://portal.tracebacks.org/api/public 16 C.F.R. 5/19/2022 5/16/2022 6015588997 Amazon-AuthorizeOrder /attachments/857381 § 310.4(b)(1)(v) https://portal.trace
+17346060301,+1 (734) 606-0301,Amazon-AuthorizeOrder,1,1,0,no,pdf:pointofnoentry-familycommcdletter.pdf,b)(1)(v) https://portal.tracebacks.org/api/public 16 C.F.R. 5/19/2022 5/16/2022 7346060301 Amazon-AuthorizeOrder /attachments/857376 § 310.4(b)(1)(v) https://portal.trace
+19176723540,+1 (917) 672-3540,Amazon-SuspiciousCharge-P1,1,1,0,no,pdf:pointofnoentry-familycommcdletter.pdf,(b)(1)(v) https://portal.tracebacks.org/api/public 16 C.F.R. 5/12/2022 5/7/2022 9176723540 Amazon-SuspiciousCharge-P1 /attachments/838941 § 310.4(b)(1)(v) Page 1 of 2 htt
+18596241622,+1 (859) 624-1622,Amazon-SuspiciousCharge-P1,1,1,0,no,pdf:pointofnoentry-familycommcdletter.pdf,ge 1 of 2 https://portal.tracebacks.org/api/public 16 C.F.R. 5/12/2022 5/7/2022 8596241622 Amazon-SuspiciousCharge-P1 /attachments/838931 § 310.4(b)(1)(v) https://portal.
+18437778709,+1 (843) 777-8709,Amazon-SuspiciousCharge-P1,1,1,0,no,pdf:pointofnoentry-familycommcdletter.pdf,(b)(1)(v) https://portal.tracebacks.org/api/public 16 C.F.R. 5/12/2022 5/7/2022 8437778709 Amazon-SuspiciousCharge-P1 /attachments/838919 § 310.4(b)(1)(v) https://portal.
+15033123233,+1 (503) 312-3233,Amazon-SuspiciousCharge-P1,1,1,0,no,pdf:pointofnoentry-familycommcdletter.pdf,4(b)(1)(v) https://portal.tracebacks.org/api/public 16 C.F.R. 4/8/2022 4/7/2022 5033123233 Amazon-SuspiciousCharge-P1 /attachments/800146 § 310.4(b)(1)(v) https://portal.
+15105888068,+1 (510) 588-8068,SSA-KindlyPressOne,1,1,0,no,pdf:pointofnoentry-familycommcdletter.pdf,b)(1)(v) https://portal.tracebacks.org/api/public 16 C.F.R. 1/12/2022 1/10/2022 5105888068 SSA-KindlyPressOne /attachments/630197 § 310.4(b)(1)(v) https://portal.tracebac
+19179307243,+1 (917) 930-7243,SSA-KindlyPressOne,1,1,0,no,pdf:pointofnoentry-familycommcdletter.pdf,b)(1)(v) https://portal.tracebacks.org/api/public 16 C.F.R. 12/9/2021 12/7/2021 9179307243 SSA-KindlyPressOne /attachments/584752 § 310.4(b)(1)(v) https://portal.tracebac
+16626260391,+1 (662) 626-0391,Amazon-AuthorizeOrder,1,1,0,no,pdf:pointofnoentry-familycommcdletter.pdf,b)(1)(v) https://portal.tracebacks.org/api/public 16 C.F.R. 12/8/2021 12/6/2021 6626260391 Amazon-AuthorizeOrder /attachments/582920 § 310.4(b)(1)(v) https://portal.trace
+15138721787,+1 (513) 872-1787,Amazon-AuthorizeOrder,1,1,0,no,pdf:pointofnoentry-familycommcdletter.pdf,(1)(v) https://portal.tracebacks.org/api/public 16 C.F.R. 11/13/2021 11/11/2021 5138721787 Amazon-AuthorizeOrder /attachments/557684 § 310.4(b)(1)(v) https://portal.trace
+18596947396,+1 (859) 694-7396,Amazon-AuthorizeOrder,1,1,0,no,pdf:pointofnoentry-familycommcdletter.pdf,(1)(v) https://portal.tracebacks.org/api/public 16 C.F.R. 11/13/2021 11/10/2021 8596947396 Amazon-AuthorizeOrder /attachments/557662 § 310.4(b)(1)(v) https://portal.trace
+12703410948,+1 (270) 341-0948,Amazon-AuthorizeOrder,1,1,0,no,pdf:pointofnoentry-familycommcdletter.pdf,b)(1)(v) https://portal.tracebacks.org/api/public 16 C.F.R. 11/8/2021 11/3/2021 2703410948 Amazon-AuthorizeOrder /attachments/549488 § 310.4(b)(1)(v) https://portal.trace
+13128126138,+1 (312) 812-6138,Amazon-AuthorizeOrder,1,1,0,no,pdf:pointofnoentry-familycommcdletter.pdf,b)(1)(v) https://portal.tracebacks.org/api/public 16 C.F.R. 11/6/2021 11/3/2021 3128126138 Amazon-AuthorizeOrder /attachments/549499 § 310.4(b)(1)(v) https://portal.trace
+13022834973,+1 (302) 283-4973,Amazon-AuthorizeOrder,1,1,0,no,pdf:pointofnoentry-familycommcdletter.pdf,b)(1)(v) https://portal.tracebacks.org/api/public 16 C.F.R. 11/5/2021 11/3/2021 3022834973 Amazon-AuthorizeOrder /attachments/549502 § 310.4(b)(1)(v) https://portal.trace
+18599884884,+1 (859) 988-4884,Amazon-AuthorizeOrder,1,1,0,no,pdf:pointofnoentry-familycommcdletter.pdf,b)(1)(v) https://portal.tracebacks.org/api/public 16 C.F.R. 11/5/2021 11/3/2021 8599884884 Amazon-AuthorizeOrder /attachments/549490 § 310.4(b)(1)(v) https://portal.trace
+18023773186,+1 (802) 377-3186,Amazon-AuthorizeOrder,1,1,0,no,pdf:pointofnoentry-familycommcdletter.pdf,b)(1)(v) https://portal.tracebacks.org/api/public 16 C.F.R. 11/5/2021 11/2/2021 8023773186 Amazon-AuthorizeOrder /attachments/549476 § 310.4(b)(1)(v) https://portal.trace
+16065071531,+1 (606) 507-1531,Amazon-AuthorizeOrder,1,1,0,no,pdf:pointofnoentry-familycommcdletter.pdf,b)(1)(v) https://portal.tracebacks.org/api/public 16 C.F.R. 11/4/2021 11/3/2021 6065071531 Amazon-AuthorizeOrder /attachments/549491 § 310.4(b)(1)(v) https://portal.trace
+16017613051,+1 (601) 761-3051,Amazon-AuthorizeOrder,1,1,0,no,pdf:pointofnoentry-familycommcdletter.pdf,b)(1)(v) https://portal.tracebacks.org/api/public 16 C.F.R. 11/4/2021 11/3/2021 6017613051 Amazon-AuthorizeOrder /attachments/549483 § 310.4(b)(1)(v) https://portal.trace
+18474829080,+1 (847) 482-9080,TestCall-StaySafeStayHome,1,1,0,no,pdf:pointofnoentry-familycommcdletter.pdf,b)(1)(v) https://portal.tracebacks.org/api/public 16 C.F.R. 1/18/2021 1/15/2021 8474829080 TestCall-StaySafeStayHome /attachments/28275 § 310.4(b)(1)(v) Page 2 of 2
+18434894162,+1 (843) 489-4162,Amazon Imposter,1,1,0,no,pdf:pointofnoentry-globalnetholdingswarningletter.pdf,"n https://portal.tracebacks.org/api/public/ 16 C.F.R. Feb 22, 2022 Feb 21, 2022 8434894162 Amazon Imposter attachments/707415 § 310.4(b)(1)(v) https://portal.tracebacks.o"
+18023552679,+1 (802) 355-2679,Amazon Imposter,1,1,0,no,pdf:pointofnoentry-globalnetholdingswarningletter.pdf,") https://portal.tracebacks.org/api/public/ 16 C.F.R. Feb 22, 2022 Feb 17, 2022 8023552679 Amazon Imposter attachments/707383 § 310.4(b)(1)(v) Social Security https://por"
+16104014612,+1 (610) 401-4612,Administration Imposter,1,1,0,no,pdf:pointofnoentry-globalnetholdingswarningletter.pdf,"y https://portal.tracebacks.org/api/public/ 16 C.F.R. Feb 17, 2022 Feb 16, 2022 6104014612 Administration Imposter attachments/701118 § 310.4(b)(1)(v) Social Security htt"
+13109778376,+1 (310) 977-8376,Administration Imposter,1,1,0,no,pdf:pointofnoentry-globalnetholdingswarningletter.pdf,"y https://portal.tracebacks.org/api/public/ 16 C.F.R. Feb 17, 2022 Feb 16, 2022 3109778376 Administration Imposter attachments/701117 § 310.4(b)(1)(v) Social Security htt"
+16104018719,+1 (610) 401-8719,Administration Imposter,1,1,0,no,pdf:pointofnoentry-globalnetholdingswarningletter.pdf,"y https://portal.tracebacks.org/api/public/ 16 C.F.R. Feb 17, 2022 Feb 15, 2022 6104018719 Administration Imposter attachments/701113 § 310.4(b)(1)(v) Social Security htt"
+15203096744,+1 (520) 309-6744,Administration Imposter,1,1,0,no,pdf:pointofnoentry-globalnetholdingswarningletter.pdf,"y https://portal.tracebacks.org/api/public/ 16 C.F.R. Feb 17, 2022 Feb 16, 2022 5203096744 Administration Imposter attachments/701110 § 310.4(b)(1)(v) Social Security htt"
+12052393361,+1 (205) 239-3361,Administration Imposter,1,1,0,no,pdf:pointofnoentry-globalnetholdingswarningletter.pdf,"y https://portal.tracebacks.org/api/public/ 16 C.F.R. Feb 17, 2022 Feb 16, 2022 2052393361 Administration Imposter attachments/701109 § 310.4(b)(1)(v) Social Security htt"
+16622792733,+1 (662) 279-2733,Administration Imposter,1,1,0,no,pdf:pointofnoentry-globalnetholdingswarningletter.pdf,"y https://portal.tracebacks.org/api/public/ 16 C.F.R. Feb 17, 2022 Feb 16, 2022 6622792733 Administration Imposter attachments/701106 § 310.4(b)(1)(v) Social Security htt"
+16019189654,+1 (601) 918-9654,Administration Imposter,1,1,0,no,pdf:pointofnoentry-globalnetholdingswarningletter.pdf,"y https://portal.tracebacks.org/api/public/ 16 C.F.R. Feb 17, 2022 Feb 16, 2022 6019189654 Administration Imposter attachments/701104 § 310.4(b)(1)(v) Social Security htt"
+16626036303,+1 (662) 603-6303,Administration Imposter,1,1,0,no,pdf:pointofnoentry-globalnetholdingswarningletter.pdf,"y https://portal.tracebacks.org/api/public/ 16 C.F.R. Feb 17, 2022 Feb 16, 2022 6626036303 Administration Imposter attachments/701103 § 310.4(b)(1)(v) https://portal.trac"
+14192580824,+1 (419) 258-0824,Amazon Imposter,1,1,0,no,pdf:pointofnoentry-globalnetholdingswarningletter.pdf,") https://portal.tracebacks.org/api/public/ 16 C.F.R. Feb 10, 2022 Feb 09, 2022 4192580824 Amazon Imposter attachments/683946 § 310.4(b)(1)(v) Social Security https://por"
+15042702800,+1 (504) 270-2800,Administration Imposter,1,1,0,no,pdf:pointofnoentry-globalnetholdingswarningletter.pdf,"y https://portal.tracebacks.org/api/public/ 16 C.F.R. Jan 25, 2022 Jan 24, 2022 5042702800 Administration Imposter attachments/648030 § 310.4(b)(1)(v) Social Security htt"
+17315145221,+1 (731) 514-5221,Administration Imposter,1,1,0,no,pdf:pointofnoentry-globalnetholdingswarningletter.pdf,"y https://portal.tracebacks.org/api/public/ 16 C.F.R. Jan 25, 2022 Jan 24, 2022 7315145221 Administration Imposter attachments/648019 § 310.4(b)(1)(v) Law Enforcement Age"
+18025587790,+1 (802) 558-7790,Imposter,1,1,0,no,pdf:pointofnoentry-globalnetholdingswarningletter.pdf,"y https://portal.tracebacks.org/api/public/ 16 C.F.R. Dec 16, 2021 Dec 13, 2021 8025587790 Imposter attachments/601883 § 310.4(b)(1)(v) Social Security https://portal.tra"
+15129921339,+1 (512) 992-1339,Administration Imposter,1,1,0,no,pdf:pointofnoentry-globalnetholdingswarningletter.pdf,"y https://portal.tracebacks.org/api/public/ 16 C.F.R. Dec 08, 2021 Dec 06, 2021 5129921339 Administration Imposter attachments/584759 § 310.4(b)(1)(v) Page 1 of 3 Social"
+15129922595,+1 (512) 992-2595,Administration Imposter,1,1,0,no,pdf:pointofnoentry-globalnetholdingswarningletter.pdf,"y https://portal.tracebacks.org/api/public/ 16 C.F.R. Dec 08, 2021 Dec 07, 2021 5129922595 Administration Imposter attachments/584754 § 310.4(b)(1)(v) Social Security htt"
+12029007303,+1 (202) 900-7303,Administration Imposter,1,1,0,no,pdf:pointofnoentry-globalnetholdingswarningletter.pdf,"y https://portal.tracebacks.org/api/public/ 16 C.F.R. Oct 26, 2021 Oct 25, 2021 2029007303 Administration Imposter attachments/537336 § 310.4(b)(1)(v) Credit Card Interes"
+18603609099,+1 (860) 360-9099,Reduction,1,1,0,no,pdf:pointofnoentry-globalnetholdingswarningletter.pdf,"e https://portal.tracebacks.org/api/public/ 16 C.F.R. Oct 28, 2021 Oct 22, 2021 8603609099 Reduction attachments/535287 § 310.4(b)(1)(v) Credit Card Interest Rate https:/"
+12518889306,+1 (251) 888-9306,Reduction,1,1,0,no,pdf:pointofnoentry-globalnetholdingswarningletter.pdf,"e https://portal.tracebacks.org/api/public/ 16 C.F.R. Oct 25, 2021 Oct 22, 2021 2518889306 Reduction attachments/535208 § 310.4(b)(1)(v) https://portal.tracebacks.org/api"
+19165214366,+1 (916) 521-4366,Utility Disconnection,1,1,0,no,pdf:pointofnoentry-globalnetholdingswarningletter.pdf,") https://portal.tracebacks.org/api/public/ 16 C.F.R. Oct 22, 2021 Oct 21, 2021 9165214366 Utility Disconnection attachments/532461 § 310.4(b)(1)(v) Social Security https"
+13179273838,+1 (317) 927-3838,Administration Imposter,1,1,0,no,pdf:pointofnoentry-globalnetholdingswarningletter.pdf,"y https://portal.tracebacks.org/api/public/ 16 C.F.R. Oct 21, 2021 Oct 20, 2021 3179273838 Administration Imposter attachments/530085 § 310.4(b)(1)(v) Social Security htt"
+13175941323,+1 (317) 594-1323,Administration Imposter,1,1,0,no,pdf:pointofnoentry-globalnetholdingswarningletter.pdf,"y https://portal.tracebacks.org/api/public/ 16 C.F.R. Oct 21, 2021 Oct 20, 2021 3175941323 Administration Imposter attachments/530083 § 310.4(b)(1)(v) Social Security htt"
+13178147133,+1 (317) 814-7133,Administration Imposter,1,1,0,no,pdf:pointofnoentry-globalnetholdingswarningletter.pdf,"y https://portal.tracebacks.org/api/public/ 16 C.F.R. Oct 21, 2021 Oct 20, 2021 3178147133 Administration Imposter attachments/530081 § 310.4(b)(1)(v) Social Security htt"
+13173394249,+1 (317) 339-4249,Administration Imposter,1,1,0,no,pdf:pointofnoentry-globalnetholdingswarningletter.pdf,"y https://portal.tracebacks.org/api/public/ 16 C.F.R. Oct 21, 2021 Oct 20, 2021 3173394249 Administration Imposter attachments/530079 § 310.4(b)(1)(v) Social Security htt"
+13175481557,+1 (317) 548-1557,Administration Imposter,1,1,0,no,pdf:pointofnoentry-globalnetholdingswarningletter.pdf,"y https://portal.tracebacks.org/api/public/ 16 C.F.R. Oct 21, 2021 Oct 20, 2021 3175481557 Administration Imposter attachments/530077 § 310.4(b)(1)(v) Social Security htt"
+13172749474,+1 (317) 274-9474,Administration Imposter,1,1,0,no,pdf:pointofnoentry-globalnetholdingswarningletter.pdf,"y https://portal.tracebacks.org/api/public/ 16 C.F.R. Oct 21, 2021 Oct 20, 2021 3172749474 Administration Imposter attachments/530075 § 310.4(b)(1)(v) Social Security htt"
+13173570234,+1 (317) 357-0234,Administration Imposter,1,1,0,no,pdf:pointofnoentry-globalnetholdingswarningletter.pdf,"y https://portal.tracebacks.org/api/public/ 16 C.F.R. Oct 21, 2021 Oct 20, 2021 3173570234 Administration Imposter attachments/530069 § 310.4(b)(1)(v) Social Security htt"
+13178595506,+1 (317) 859-5506,Administration Imposter,1,1,0,no,pdf:pointofnoentry-globalnetholdingswarningletter.pdf,"y https://portal.tracebacks.org/api/public/ 16 C.F.R. Oct 21, 2021 Oct 20, 2021 3178595506 Administration Imposter attachments/530068 § 310.4(b)(1)(v) Social Security htt"
+13178190540,+1 (317) 819-0540,Administration Imposter,1,1,0,no,pdf:pointofnoentry-globalnetholdingswarningletter.pdf,"y https://portal.tracebacks.org/api/public/ 16 C.F.R. Oct 21, 2021 Oct 20, 2021 3178190540 Administration Imposter attachments/530067 § 310.4(b)(1)(v) Social Security htt"
+13179750399,+1 (317) 975-0399,Administration Imposter,1,1,0,no,pdf:pointofnoentry-globalnetholdingswarningletter.pdf,"y https://portal.tracebacks.org/api/public/ 16 C.F.R. Oct 21, 2021 Oct 20, 2021 3179750399 Administration Imposter attachments/530062 § 310.4(b)(1)(v) Social Security htt"
+13174883562,+1 (317) 488-3562,Administration Imposter,1,1,0,no,pdf:pointofnoentry-globalnetholdingswarningletter.pdf,"y https://portal.tracebacks.org/api/public/ 16 C.F.R. Oct 21, 2021 Oct 20, 2021 3174883562 Administration Imposter attachments/530061 § 310.4(b)(1)(v) Social Security htt"
+13175421397,+1 (317) 542-1397,Administration Imposter,1,1,0,no,pdf:pointofnoentry-globalnetholdingswarningletter.pdf,"y https://portal.tracebacks.org/api/public/ 16 C.F.R. Oct 21, 2021 Oct 20, 2021 3175421397 Administration Imposter attachments/530057 § 310.4(b)(1)(v) https://portal.trac"
+17325783603,+1 (732) 578-3603,Utility Disconnection,1,1,0,no,pdf:pointofnoentry-globalnetholdingswarningletter.pdf,") https://portal.tracebacks.org/api/public/ 16 C.F.R. Oct 15, 2021 Oct 14, 2021 7325783603 Utility Disconnection attachments/520025 § 310.4(b)(1)(v) https://portal.traceb"
+13023263505,+1 (302) 326-3505,Utility Disconnection,1,1,0,no,pdf:pointofnoentry-globalnetholdingswarningletter.pdf,") https://portal.tracebacks.org/api/public/ 16 C.F.R. Oct 15, 2021 Oct 14, 2021 3023263505 Utility Disconnection attachments/520018 § 310.4(b)(1)(v) https://portal.traceb"
+16198664612,+1 (619) 866-4612,Utility Disconnection,1,1,0,no,pdf:pointofnoentry-globalnetholdingswarningletter.pdf,") https://portal.tracebacks.org/api/public/ 16 C.F.R. Oct 21, 2021 Oct 13, 2021 6198664612 Utility Disconnection attachments/520013 § 310.4(b)(1)(v) https://portal.traceb"
+14433858118,+1 (443) 385-8118,Utility Disconnection,1,1,0,no,pdf:pointofnoentry-globalnetholdingswarningletter.pdf,") https://portal.tracebacks.org/api/public/ 16 C.F.R. Oct 09, 2021 Oct 07, 2021 4433858118 Utility Disconnection attachments/500579 § 310.4(b)(1)(v) U.S. Customs and Bord"
+12143001230,+1 (214) 300-1230,Protection Imposter,1,1,0,no,pdf:pointofnoentry-globalnetholdingswarningletter.pdf,"r https://portal.tracebacks.org/api/public/ 16 C.F.R. Oct 05, 2021 Oct 01, 2021 2143001230 Protection Imposter attachments/488973 § 310.4(b)(1)(v) U.S. Customs and Border"
+19107915850,+1 (910) 791-5850,Protection Imposter,1,1,0,no,pdf:pointofnoentry-globalnetholdingswarningletter.pdf,"r https://portal.tracebacks.org/api/public/ 16 C.F.R. Oct 04, 2021 Oct 01, 2021 9107915850 Protection Imposter attachments/488972 § 310.4(b)(1)(v) U.S. Customs and Border"
+17039663881,+1 (703) 966-3881,Protection Imposter,1,1,0,no,pdf:pointofnoentry-globalnetholdingswarningletter.pdf,"r https://portal.tracebacks.org/api/public/ 16 C.F.R. Oct 04, 2021 Oct 01, 2021 7039663881 Protection Imposter attachments/488970 § 310.4(b)(1)(v) Law Enforcement Agency"
+16096708567,+1 (609) 670-8567,Imposter,1,1,0,no,pdf:pointofnoentry-globalnetholdingswarningletter.pdf,"y https://portal.tracebacks.org/api/public/ 16 C.F.R. Sep 21, 2021 Sep 20, 2021 6096708567 Imposter attachments/463266 § 310.4(b)(1)(v) Law Enforcement Agency https://por"
+17878819520,+1 (787) 881-9520,Imposter,1,1,0,no,pdf:pointofnoentry-globalnetholdingswarningletter.pdf,"y https://portal.tracebacks.org/api/public/ 16 C.F.R. Sep 21, 2021 Sep 20, 2021 7878819520 Imposter attachments/463262 § 310.4(b)(1)(v) Social Security https://portal.tra"
+14125598685,+1 (412) 559-8685,Administration Imposter,1,1,0,no,pdf:pointofnoentry-globalnetholdingswarningletter.pdf,"y https://portal.tracebacks.org/api/public/ 16 C.F.R. Mar 31, 2021 Mar 30, 2021 4125598685 Administration Imposter attachments/83447 § 310.4(b)(1)(v) Social Security http"
+16265122232,+1 (626) 512-2232,Administration Imposter,1,1,0,no,pdf:pointofnoentry-globalnetholdingswarningletter.pdf,"y https://portal.tracebacks.org/api/public/ 16 C.F.R. Mar 30, 2021 Mar 29, 2021 6265122232 Administration Imposter attachments/81991 § 310.4(b)(1)(v) https://portal.trace"
+12105216704,+1 (210) 521-6704,Stay Safe Stay Home,1,1,0,no,pdf:pointofnoentry-globalnetholdingswarningletter.pdf,") https://portal.tracebacks.org/api/public/ 16 C.F.R. Jan 22, 2021 Jan 22, 2021 2105216704 Stay Safe Stay Home attachments/28716 § 310.4(b)(1)(v) Page 3 of 3"
+17166237846,+1 (716) 623-7846,Amazon-SuspiciousCharge-P1,1,1,0,no,pdf:pointofnoentry-greatchoicecdletter_0.pdf,Violation https://portal.tracebacks.org/api/public/ 16 C.F.R. 7/7/2022 7/6/2022 7166237846 Amazon-SuspiciousCharge-P1 attachments/948018 § 310.4(b)(1)(v) https://portal.t
+18722449923,+1 (872) 244-9923,Amazon-SuspiciousCharge-P1,1,1,0,no,pdf:pointofnoentry-greatchoicecdletter_0.pdf,)(1)(v) https://portal.tracebacks.org/api/public/ 16 C.F.R. 6/30/2022 6/29/2022 8722449923 Amazon-SuspiciousCharge-P1 attachments/940839 § 310.4(b)(1)(v) https://portal.t
+18646687475,+1 (864) 668-7475,SSA-P1-TexasFraud (GovtImpers),1,1,0,no,pdf:pointofnoentry-greatchoicecdletter_0.pdf,)(1)(v) https://portal.tracebacks.org/api/public/ 16 C.F.R. 6/24/2022 6/23/2022 8646687475 SSA-P1-TexasFraud (GovtImpers) attachments/929968 § 310.4(b)(1)(v) https://port
+17703134039,+1 (770) 313-4039,Legal-Consequences,1,1,0,no,pdf:pointofnoentry-greatchoicecdletter_0.pdf,)(1)(v) https://portal.tracebacks.org/api/public/ 16 C.F.R. 5/23/2022 5/20/2022 7703134039 Legal-Consequences attachments/868733 § 310.4(b)(1)(v) https://portal.traceback
+15187180271,+1 (518) 718-0271,CCIRR-Expire,1,1,0,no,pdf:pointofnoentry-greatchoicecdletter_0.pdf,)(1)(v) https://portal.tracebacks.org/api/public/ 16 C.F.R. 5/17/2022 5/13/2022 5187180271 CCIRR-Expire attachments/855176 § 310.4(b)(1)(v) https://portal.tracebacks.org/
+15182089551,+1 (518) 208-9551,CCIRR-Expire,1,1,0,no,pdf:pointofnoentry-greatchoicecdletter_0.pdf,)(1)(v) https://portal.tracebacks.org/api/public/ 16 C.F.R. 5/16/2022 5/12/2022 5182089551 CCIRR-Expire attachments/855202 § 310.4(b)(1)(v) https://portal.tracebacks.org/
+15183040235,+1 (518) 304-0235,CCIRR-Expire,1,1,0,no,pdf:pointofnoentry-greatchoicecdletter_0.pdf,)(1)(v) https://portal.tracebacks.org/api/public/ 16 C.F.R. 5/16/2022 5/12/2022 5183040235 CCIRR-Expire attachments/855190 § 310.4(b)(1)(v) https://portal.tracebacks.org/
+15188035870,+1 (518) 803-5870,CCIRR-Expire,1,1,0,no,pdf:pointofnoentry-greatchoicecdletter_0.pdf,)(1)(v) https://portal.tracebacks.org/api/public/ 16 C.F.R. 5/16/2022 5/12/2022 5188035870 CCIRR-Expire attachments/855188 § 310.4(b)(1)(v) https://portal.tracebacks.org/
+15182150929,+1 (518) 215-0929,CCIRR-Expire,1,1,0,no,pdf:pointofnoentry-greatchoicecdletter_0.pdf,)(1)(v) https://portal.tracebacks.org/api/public/ 16 C.F.R. 5/16/2022 5/13/2022 5182150929 CCIRR-Expire attachments/855181 § 310.4(b)(1)(v) https://portal.tracebacks.org/
+15184031382,+1 (518) 403-1382,CCIRR-Expire,1,1,0,no,pdf:pointofnoentry-greatchoicecdletter_0.pdf,)(1)(v) https://portal.tracebacks.org/api/public/ 16 C.F.R. 5/16/2022 5/13/2022 5184031382 CCIRR-Expire attachments/855180 § 310.4(b)(1)(v) https://portal.tracebacks.org/
+15182141884,+1 (518) 214-1884,CCIRR-Expire,1,1,0,no,pdf:pointofnoentry-greatchoicecdletter_0.pdf,)(1)(v) https://portal.tracebacks.org/api/public/ 16 C.F.R. 5/16/2022 5/13/2022 5182141884 CCIRR-Expire attachments/855177 § 310.4(b)(1)(v) https://portal.tracebacks.org/
+18779251897,+1 (877) 925-1897,Discount-DirecTV50,1,1,0,no,pdf:pointofnoentry-greatchoicecdletter_0.pdf,b)(1)(v) https://portal.tracebacks.org/api/public/ 16 C.F.R. 5/11/2022 5/9/2022 8779251897 Discount-DirecTV50 attachments/841764 § 310.4(b)(1)(v) Page 1 of 9 https://port
+18443871925,+1 (844) 387-1925,Discount-DirecTV50,1,1,0,no,pdf:pointofnoentry-greatchoicecdletter_0.pdf,e 1 of 9 https://portal.tracebacks.org/api/public/ 16 C.F.R. 5/10/2022 5/9/2022 8443871925 Discount-DirecTV50 attachments/841748 § 310.4(b)(1)(v) https://portal.traceback
+12393993695,+1 (239) 399-3695,Chinese-PackageDelivery,1,1,0,no,pdf:pointofnoentry-greatchoicecdletter_0.pdf,b)(1)(v) https://portal.tracebacks.org/api/public/ 16 C.F.R. 5/10/2022 5/5/2022 2393993695 Chinese-PackageDelivery attachments/841722 § 310.4(b)(1)(v) https://portal.trac
+15187379049,+1 (518) 737-9049,Legal-Consequences,1,1,0,no,pdf:pointofnoentry-greatchoicecdletter_0.pdf,(b)(1)(v) https://portal.tracebacks.org/api/public/ 16 C.F.R. 5/6/2022 5/5/2022 5187379049 Legal-Consequences attachments/836688 § 310.4(b)(1)(v) https://portal.traceback
+15182141785,+1 (518) 214-1785,Legal-Consequences,1,1,0,no,pdf:pointofnoentry-greatchoicecdletter_0.pdf,(b)(1)(v) https://portal.tracebacks.org/api/public/ 16 C.F.R. 5/6/2022 5/5/2022 5182141785 Legal-Consequences attachments/836680 § 310.4(b)(1)(v) https://portal.traceback
+15184139514,+1 (518) 413-9514,Amazon-AuthorizeOrder,1,1,0,no,pdf:pointofnoentry-greatchoicecdletter_0.pdf,)(1)(v) https://portal.tracebacks.org/api/public/ 16 C.F.R. 4/26/2022 4/25/2022 5184139514 Amazon-AuthorizeOrder attachments/823638 § 310.4(b)(1)(v) https://portal.traceb
+15182150901,+1 (518) 215-0901,Amazon-AuthorizeOrder,1,1,0,no,pdf:pointofnoentry-greatchoicecdletter_0.pdf,)(1)(v) https://portal.tracebacks.org/api/public/ 16 C.F.R. 4/26/2022 4/25/2022 5182150901 Amazon-AuthorizeOrder attachments/823634 § 310.4(b)(1)(v) https://portal.traceb
+15187719461,+1 (518) 771-9461,Amazon-SuspiciousCharge-P1,1,1,0,no,pdf:pointofnoentry-greatchoicecdletter_0.pdf,)(1)(v) https://portal.tracebacks.org/api/public/ 16 C.F.R. 4/20/2022 4/19/2022 5187719461 Amazon-SuspiciousCharge-P1 attachments/817220 § 310.4(b)(1)(v) https://portal.t
+15187909249,+1 (518) 790-9249,Amazon-SuspiciousCharge-P1,1,1,0,no,pdf:pointofnoentry-greatchoicecdletter_0.pdf,)(1)(v) https://portal.tracebacks.org/api/public/ 16 C.F.R. 4/20/2022 4/19/2022 5187909249 Amazon-SuspiciousCharge-P1 attachments/817207 § 310.4(b)(1)(v) https://portal.t
+17868797914,+1 (786) 879-7914,LegalDept-Action-P1,1,1,0,no,pdf:pointofnoentry-greatchoicecdletter_0.pdf,)(1)(v) https://portal.tracebacks.org/api/public/ 16 C.F.R. 4/12/2022 4/11/2022 7868797914 LegalDept-Action-P1 attachments/805662 § 310.4(b)(1)(v) https://portal.tracebac
+15863500457,+1 (586) 350-0457,Amazon-SuspiciousCharge-P1,1,1,0,no,pdf:pointofnoentry-greatchoicecdletter_0.pdf,(b)(1)(v) https://portal.tracebacks.org/api/public/ 16 C.F.R. 4/9/2022 4/6/2022 5863500457 Amazon-SuspiciousCharge-P1 attachments/800135 § 310.4(b)(1)(v) https://portal.t
+15182141490,+1 (518) 214-1490,Amazon-SuspiciousCharge-P1,1,1,0,no,pdf:pointofnoentry-greatchoicecdletter_0.pdf,(b)(1)(v) https://portal.tracebacks.org/api/public/ 16 C.F.R. 4/9/2022 4/6/2022 5182141490 Amazon-SuspiciousCharge-P1 attachments/800134 § 310.4(b)(1)(v) https://portal.t
+15187781538,+1 (518) 778-1538,Amazon-SuspiciousCharge,1,1,0,no,pdf:pointofnoentry-greatchoicecdletter_0.pdf,(b)(1)(v) https://portal.tracebacks.org/api/public/ 16 C.F.R. 4/8/2022 4/5/2022 5187781538 Amazon-SuspiciousCharge attachments/800213 § 310.4(b)(1)(v) https://portal.trac
+14075721403,+1 (407) 572-1403,SSA-Suspended,1,1,0,no,pdf:pointofnoentry-greatchoicecdletter_0.pdf,b)(1)(v) https://portal.tracebacks.org/api/public/ 16 C.F.R. 4/4/2022 3/28/2022 4075721403 SSA-Suspended attachments/787204 § 310.4(b)(1)(v) Page 2 of 9 https://portal.tr
+15184303533,+1 (518) 430-3533,Amazon-SuspiciousCharge-P1,1,1,0,no,pdf:pointofnoentry-greatchoicecdletter_0.pdf,2 of 9 https://portal.tracebacks.org/api/public/ 16 C.F.R. 3/30/2022 3/29/2022 5184303533 Amazon-SuspiciousCharge-P1 attachments/788973 § 310.4(b)(1)(v) https://portal.t
+15184303078,+1 (518) 430-3078,SSA-Suspended,1,1,0,no,pdf:pointofnoentry-greatchoicecdletter_0.pdf,)(1)(v) https://portal.tracebacks.org/api/public/ 16 C.F.R. 3/29/2022 3/25/2022 5184303078 SSA-Suspended attachments/787192 § 310.4(b)(1)(v) https://portal.tracebacks.org
+15182141043,+1 (518) 214-1043,Amazon-AuthorizeOrder,1,1,0,no,pdf:pointofnoentry-greatchoicecdletter_0.pdf,)(1)(v) https://portal.tracebacks.org/api/public/ 16 C.F.R. 3/24/2022 3/23/2022 5182141043 Amazon-AuthorizeOrder attachments/779099 § 310.4(b)(1)(v) https://portal.traceb
+15187781752,+1 (518) 778-1752,Amazon-AuthorizeOrder,1,1,0,no,pdf:pointofnoentry-greatchoicecdletter_0.pdf,)(1)(v) https://portal.tracebacks.org/api/public/ 16 C.F.R. 3/24/2022 3/23/2022 5187781752 Amazon-AuthorizeOrder attachments/779094 § 310.4(b)(1)(v) https://portal.traceb
+15188063740,+1 (518) 806-3740,Amazon-AuthorizeOrder,1,1,0,no,pdf:pointofnoentry-greatchoicecdletter_0.pdf,)(1)(v) https://portal.tracebacks.org/api/public/ 16 C.F.R. 3/24/2022 3/23/2022 5188063740 Amazon-AuthorizeOrder attachments/779090 § 310.4(b)(1)(v) https://portal.traceb
+13234317510,+1 (323) 431-7510,Amazon-AuthorizeOrder,1,1,0,no,pdf:pointofnoentry-greatchoicecdletter_0.pdf,(b)(1)(v) https://portal.tracebacks.org/api/public/ 16 C.F.R. 3/8/2022 3/6/2022 3234317510 Amazon-AuthorizeOrder attachments/735436 § 310.4(b)(1)(v) https://portal.traceb
+16082969044,+1 (608) 296-9044,StudentLoan-ForgivenessCenter,1,1,0,no,pdf:pointofnoentry-greatchoicecdletter_0.pdf,b)(1)(v) https://portal.tracebacks.org/api/public/ 16 C.F.R. 2/4/2022 1/27/2022 6082969044 StudentLoan-ForgivenessCenter attachments/660789 § 310.4(b)(1)(v) https://porta
+19014374734,+1 (901) 437-4734,StudentLoan-ForgivenessCenter,1,1,0,no,pdf:pointofnoentry-greatchoicecdletter_0.pdf,b)(1)(v) https://portal.tracebacks.org/api/public/ 16 C.F.R. 2/1/2022 1/27/2022 9014374734 StudentLoan-ForgivenessCenter attachments/660791 § 310.4(b)(1)(v) https://porta
+19123611129,+1 (912) 361-1129,StudentLoan-ForgivenessCenter,1,1,0,no,pdf:pointofnoentry-greatchoicecdletter_0.pdf,b)(1)(v) https://portal.tracebacks.org/api/public/ 16 C.F.R. 2/1/2022 1/27/2022 9123611129 StudentLoan-ForgivenessCenter attachments/660786 § 310.4(b)(1)(v) https://porta
+12027454901,+1 (202) 745-4901,StudentLoan-ForgivenessCenter,1,1,0,no,pdf:pointofnoentry-greatchoicecdletter_0.pdf,b)(1)(v) https://portal.tracebacks.org/api/public/ 16 C.F.R. 2/1/2022 1/25/2022 2027454901 StudentLoan-ForgivenessCenter attachments/660773 § 310.4(b)(1)(v) https://porta
+15125432282,+1 (512) 543-2282,StudentLoan-ForgivenessCenter,1,1,0,no,pdf:pointofnoentry-greatchoicecdletter_0.pdf,b)(1)(v) https://portal.tracebacks.org/api/public/ 16 C.F.R. 2/1/2022 1/27/2022 5125432282 StudentLoan-ForgivenessCenter attachments/660768 § 310.4(b)(1)(v) https://porta
+19254447574,+1 (925) 444-7574,StudentLoan-ForgivenessCenter,1,1,0,no,pdf:pointofnoentry-greatchoicecdletter_0.pdf,b)(1)(v) https://portal.tracebacks.org/api/public/ 16 C.F.R. 2/1/2022 1/25/2022 9254447574 StudentLoan-ForgivenessCenter attachments/660767 § 310.4(b)(1)(v) https://porta
+17752183099,+1 (775) 218-3099,StudentLoan-ForgivenessCenter,1,1,0,no,pdf:pointofnoentry-greatchoicecdletter_0.pdf,b)(1)(v) https://portal.tracebacks.org/api/public/ 16 C.F.R. 2/1/2022 1/25/2022 7752183099 StudentLoan-ForgivenessCenter attachments/660764 § 310.4(b)(1)(v) Page 3 of 9 h
+19013479181,+1 (901) 347-9181,Amazon-AuthorizeOrder,1,1,0,no,pdf:pointofnoentry-greatchoicecdletter_0.pdf,3 of 9 https://portal.tracebacks.org/api/public/ 16 C.F.R. 1/27/2022 1/26/2022 9013479181 Amazon-AuthorizeOrder attachments/651840 § 310.4(b)(1)(v) https://portal.traceb
+15413683626,+1 (541) 368-3626,Amazon-AuthorizeOrder,1,1,0,no,pdf:pointofnoentry-greatchoicecdletter_0.pdf,)(1)(v) https://portal.tracebacks.org/api/public/ 16 C.F.R. 1/27/2022 1/25/2022 5413683626 Amazon-AuthorizeOrder attachments/651815 § 310.4(b)(1)(v) https://portal.traceb
+17209289723,+1 (720) 928-9723,StudentLoan-ForgivenessCenter,1,1,0,no,pdf:pointofnoentry-greatchoicecdletter_0.pdf,)(1)(v) https://portal.tracebacks.org/api/public/ 16 C.F.R. 1/19/2022 1/18/2022 7209289723 StudentLoan-ForgivenessCenter attachments/640779 § 310.4(b)(1)(v) https://porta
+12245883796,+1 (224) 588-3796,StudentLoan-ForgivenessCenter,1,1,0,no,pdf:pointofnoentry-greatchoicecdletter_0.pdf,)(1)(v) https://portal.tracebacks.org/api/public/ 16 C.F.R. 1/19/2022 1/17/2022 2245883796 StudentLoan-ForgivenessCenter attachments/640777 § 310.4(b)(1)(v) https://porta
+15415663189,+1 (541) 566-3189,Amazon-SuspiciousCharge-P1,1,1,0,no,pdf:pointofnoentry-greatchoicecdletter_0.pdf,)(1)(v) https://portal.tracebacks.org/api/public/ 16 C.F.R. 1/14/2022 1/13/2022 5415663189 Amazon-SuspiciousCharge-P1 attachments/635443 § 310.4(b)(1)(v) https://portal.t
+19403519589,+1 (940) 351-9589,SSA-Suspended,1,1,0,no,pdf:pointofnoentry-greatchoicecdletter_0.pdf,(b)(1)(v) https://portal.tracebacks.org/api/public/ 16 C.F.R. 1/7/2022 1/4/2022 9403519589 SSA-Suspended attachments/622462 § 310.4(b)(1)(v) https://portal.tracebacks.org
+19105937253,+1 (910) 593-7253,SSA-Suspended,1,1,0,no,pdf:pointofnoentry-greatchoicecdletter_0.pdf,(b)(1)(v) https://portal.tracebacks.org/api/public/ 16 C.F.R. 1/7/2022 1/4/2022 9105937253 SSA-Suspended attachments/622461 § 310.4(b)(1)(v) https://portal.tracebacks.org
+15028765634,+1 (502) 876-5634,Amazon-AuthorizeOrder,1,1,0,no,pdf:pointofnoentry-greatchoicecdletter_0.pdf,1)(v) https://portal.tracebacks.org/api/public/ 16 C.F.R. 12/20/2021 12/17/2021 5028765634 Amazon-AuthorizeOrder attachments/608000 § 310.4(b)(1)(v) https://portal.traceb
+12709945542,+1 (270) 994-5542,Amazon-AuthorizeOrder,1,1,0,no,pdf:pointofnoentry-greatchoicecdletter_0.pdf,1)(v) https://portal.tracebacks.org/api/public/ 16 C.F.R. 12/20/2021 12/17/2021 2709945542 Amazon-AuthorizeOrder attachments/607999 § 310.4(b)(1)(v) https://portal.traceb
+15028766472,+1 (502) 876-6472,Amazon-AuthorizeOrder,1,1,0,no,pdf:pointofnoentry-greatchoicecdletter_0.pdf,1)(v) https://portal.tracebacks.org/api/public/ 16 C.F.R. 12/20/2021 12/17/2021 5028766472 Amazon-AuthorizeOrder attachments/607997 § 310.4(b)(1)(v) https://portal.traceb
+16062844380,+1 (606) 284-4380,Amazon-SuspiciousCharge-P1,1,1,0,no,pdf:pointofnoentry-greatchoicecdletter_0.pdf,1)(v) https://portal.tracebacks.org/api/public/ 16 C.F.R. 12/20/2021 12/16/2021 6062844380 Amazon-SuspiciousCharge-P1 attachments/605706 § 310.4(b)(1)(v) https://portal.t
+17706889680,+1 (770) 688-9680,Amazon-SuspiciousCharge-P1,1,1,0,no,pdf:pointofnoentry-greatchoicecdletter_0.pdf,1)(v) https://portal.tracebacks.org/api/public/ 16 C.F.R. 12/19/2021 12/16/2021 7706889680 Amazon-SuspiciousCharge-P1 attachments/605719 § 310.4(b)(1)(v) https://portal.t
+16514247907,+1 (651) 424-7907,Amazon-SuspiciousCharge-P1,1,1,0,no,pdf:pointofnoentry-greatchoicecdletter_0.pdf,1)(v) https://portal.tracebacks.org/api/public/ 16 C.F.R. 12/17/2021 12/13/2021 6514247907 Amazon-SuspiciousCharge-P1 attachments/605703 § 310.4(b)(1)(v) Page 4 of 9 http
+15858572202,+1 (585) 857-2202,LegalNotice-Identity,1,1,0,no,pdf:pointofnoentry-greatchoicecdletter_0.pdf,of 9 https://portal.tracebacks.org/api/public/ 16 C.F.R. 12/16/2021 12/13/2021 5858572202 LegalNotice-Identity attachments/601882 § 310.4(b)(1)(v) https://portal.traceba
+16082535863,+1 (608) 253-5863,Amazon-AuthorizeOrder,1,1,0,no,pdf:pointofnoentry-greatchoicecdletter_0.pdf,1)(v) https://portal.tracebacks.org/api/public/ 16 C.F.R. 12/13/2021 12/10/2021 6082535863 Amazon-AuthorizeOrder attachments/594950 § 310.4(b)(1)(v) https://portal.traceb
+19025268718,+1 (902) 526-8718,Amazon-AuthorizeOrder,1,1,0,no,pdf:pointofnoentry-greatchoicecdletter_0.pdf,1)(v) https://portal.tracebacks.org/api/public/ 16 C.F.R. 12/13/2021 12/10/2021 9025268718 Amazon-AuthorizeOrder attachments/594943 § 310.4(b)(1)(v) https://portal.traceb
+12283633833,+1 (228) 363-3833,LegalNotice-Identity,1,1,0,no,pdf:pointofnoentry-greatchoicecdletter_0.pdf,)(1)(v) https://portal.tracebacks.org/api/public/ 16 C.F.R. 12/9/2021 12/7/2021 2283633833 LegalNotice-Identity attachments/587269 § 310.4(b)(1)(v) https://portal.traceba
+14252472138,+1 (425) 247-2138,LegalNotice-Identity,1,1,0,no,pdf:pointofnoentry-greatchoicecdletter_0.pdf,)(1)(v) https://portal.tracebacks.org/api/public/ 16 C.F.R. 12/9/2021 12/7/2021 4252472138 LegalNotice-Identity attachments/587268 § 310.4(b)(1)(v) https://portal.traceba
+15152555406,+1 (515) 255-5406,SSA-P1-TexasFraud (GovtImpers),1,1,0,no,pdf:pointofnoentry-greatchoicecdletter_0.pdf,(1)(v) https://portal.tracebacks.org/api/public/ 16 C.F.R. 12/2/2021 11/29/2021 5152555406 SSA-P1-TexasFraud (GovtImpers) attachments/576024 § 310.4(b)(1)(v) https://port
+18159292370,+1 (815) 929-2370,SSA-P1-TexasFraud (GovtImpers),1,1,0,no,pdf:pointofnoentry-greatchoicecdletter_0.pdf,1)(v) https://portal.tracebacks.org/api/public/ 16 C.F.R. 11/30/2021 11/29/2021 8159292370 SSA-P1-TexasFraud (GovtImpers) attachments/576036 § 310.4(b)(1)(v) https://port
+19015938807,+1 (901) 593-8807,SSA-P1-TexasFraud (GovtImpers),1,1,0,no,pdf:pointofnoentry-greatchoicecdletter_0.pdf,1)(v) https://portal.tracebacks.org/api/public/ 16 C.F.R. 11/30/2021 11/29/2021 9015938807 SSA-P1-TexasFraud (GovtImpers) attachments/576031 § 310.4(b)(1)(v) https://port
+13043928774,+1 (304) 392-8774,SSA-P1-TexasFraud (GovtImpers),1,1,0,no,pdf:pointofnoentry-greatchoicecdletter_0.pdf,1)(v) https://portal.tracebacks.org/api/public/ 16 C.F.R. 11/30/2021 11/29/2021 3043928774 SSA-P1-TexasFraud (GovtImpers) attachments/576030 § 310.4(b)(1)(v) https://port
+12547282665,+1 (254) 728-2665,SSA-P1-TexasFraud (GovtImpers),1,1,0,no,pdf:pointofnoentry-greatchoicecdletter_0.pdf,1)(v) https://portal.tracebacks.org/api/public/ 16 C.F.R. 11/30/2021 11/29/2021 2547282665 SSA-P1-TexasFraud (GovtImpers) attachments/576026 § 310.4(b)(1)(v) https://port
+12703642822,+1 (270) 364-2822,Amazon-AuthorizeOrder,1,1,0,no,pdf:pointofnoentry-greatchoicecdletter_0.pdf,1)(v) https://portal.tracebacks.org/api/public/ 16 C.F.R. 11/30/2021 11/27/2021 2703642822 Amazon-AuthorizeOrder attachments/574729 § 310.4(b)(1)(v) https://portal.traceb
+12033350155,+1 (203) 335-0155,Amazon-AuthorizeOrder,1,1,0,no,pdf:pointofnoentry-greatchoicecdletter_0.pdf,1)(v) https://portal.tracebacks.org/api/public/ 16 C.F.R. 11/29/2021 11/27/2021 2033350155 Amazon-AuthorizeOrder attachments/574745 § 310.4(b)(1)(v) https://portal.traceb
+16065590191,+1 (606) 559-0191,Amazon-AuthorizeOrder,1,1,0,no,pdf:pointofnoentry-greatchoicecdletter_0.pdf,1)(v) https://portal.tracebacks.org/api/public/ 16 C.F.R. 11/29/2021 11/27/2021 6065590191 Amazon-AuthorizeOrder attachments/574728 § 310.4(b)(1)(v) Page 5 of 9 https://p
+16018790960,+1 (601) 879-0960,SSA-P1-TexasFraud (GovtImpers),1,1,0,no,pdf:pointofnoentry-greatchoicecdletter_0.pdf,of 9 https://portal.tracebacks.org/api/public/ 16 C.F.R. 11/29/2021 11/22/2021 6018790960 SSA-P1-TexasFraud (GovtImpers) attachments/568816 § 310.4(b)(1)(v) https://port
+19784662714,+1 (978) 466-2714,SSA-P1-TexasFraud (GovtImpers),1,1,0,no,pdf:pointofnoentry-greatchoicecdletter_0.pdf,1)(v) https://portal.tracebacks.org/api/public/ 16 C.F.R. 11/23/2021 11/22/2021 9784662714 SSA-P1-TexasFraud (GovtImpers) attachments/568840 § 310.4(b)(1)(v) https://port
+17323173890,+1 (732) 317-3890,SSA-P1-TexasFraud (GovtImpers),1,1,0,no,pdf:pointofnoentry-greatchoicecdletter_0.pdf,1)(v) https://portal.tracebacks.org/api/public/ 16 C.F.R. 11/23/2021 11/22/2021 7323173890 SSA-P1-TexasFraud (GovtImpers) attachments/568836 § 310.4(b)(1)(v) https://port
+15859782860,+1 (585) 978-2860,SSA-P1-TexasFraud (GovtImpers),1,1,0,no,pdf:pointofnoentry-greatchoicecdletter_0.pdf,1)(v) https://portal.tracebacks.org/api/public/ 16 C.F.R. 11/23/2021 11/19/2021 5859782860 SSA-P1-TexasFraud (GovtImpers) attachments/568834 § 310.4(b)(1)(v) https://port
+13348636281,+1 (334) 863-6281,SSA-P1-TexasFraud (GovtImpers),1,1,0,no,pdf:pointofnoentry-greatchoicecdletter_0.pdf,1)(v) https://portal.tracebacks.org/api/public/ 16 C.F.R. 11/23/2021 11/22/2021 3348636281 SSA-P1-TexasFraud (GovtImpers) attachments/568829 § 310.4(b)(1)(v) https://port
+19164294803,+1 (916) 429-4803,SSA-P1-TexasFraud (GovtImpers),1,1,0,no,pdf:pointofnoentry-greatchoicecdletter_0.pdf,1)(v) https://portal.tracebacks.org/api/public/ 16 C.F.R. 11/23/2021 11/22/2021 9164294803 SSA-P1-TexasFraud (GovtImpers) attachments/568828 § 310.4(b)(1)(v) https://port
+15024822639,+1 (502) 482-2639,SSA-P1-TexasFraud (GovtImpers),1,1,0,no,pdf:pointofnoentry-greatchoicecdletter_0.pdf,1)(v) https://portal.tracebacks.org/api/public/ 16 C.F.R. 11/16/2021 11/15/2021 5024822639 SSA-P1-TexasFraud (GovtImpers) attachments/560654 § 310.4(b)(1)(v) https://port
+18504611652,+1 (850) 461-1652,Amazon-AuthorizeOrder,1,1,0,no,pdf:pointofnoentry-greatchoicecdletter_0.pdf,1)(v) https://portal.tracebacks.org/api/public/ 16 C.F.R. 11/16/2021 11/11/2021 8504611652 Amazon-AuthorizeOrder attachments/557673 § 310.4(b)(1)(v) https://portal.traceb
+12672059488,+1 (267) 205-9488,Amazon-AuthorizeOrder,1,1,0,no,pdf:pointofnoentry-greatchoicecdletter_0.pdf,1)(v) https://portal.tracebacks.org/api/public/ 16 C.F.R. 11/15/2021 11/11/2021 2672059488 Amazon-AuthorizeOrder attachments/557680 § 310.4(b)(1)(v) https://portal.traceb
+13303192430,+1 (330) 319-2430,Amazon-AuthorizeOrder,1,1,0,no,pdf:pointofnoentry-greatchoicecdletter_0.pdf,1)(v) https://portal.tracebacks.org/api/public/ 16 C.F.R. 11/12/2021 11/11/2021 3303192430 Amazon-AuthorizeOrder attachments/557674 § 310.4(b)(1)(v) Page 6 of 9 https://p
+16179052419,+1 (617) 905-2419,Amazon-AuthorizeOrder,1,1,0,no,pdf:pointofnoentry-greatchoicecdletter_0.pdf,6 of 9 https://portal.tracebacks.org/api/public/ 16 C.F.R. 11/4/2021 11/3/2021 6179052419 Amazon-AuthorizeOrder attachments/549506 § 310.4(b)(1)(v) https://portal.traceb
+19413764668,+1 (941) 376-4668,Amazon-AuthorizeOrder,1,1,0,no,pdf:pointofnoentry-greatchoicecdletter_0.pdf,)(1)(v) https://portal.tracebacks.org/api/public/ 16 C.F.R. 11/4/2021 11/3/2021 9413764668 Amazon-AuthorizeOrder attachments/549504 § 310.4(b)(1)(v) https://portal.traceb
+12024841954,+1 (202) 484-1954,Legal-Enforcement-Notice,1,1,0,no,pdf:pointofnoentry-greatchoicecdletter_0.pdf,(1)(v) https://portal.tracebacks.org/api/public/ 16 C.F.R. 11/1/2021 10/29/2021 2024841954 Legal-Enforcement-Notice attachments/544713 § 310.4(b)(1)(v) https://portal.tra
+12319383715,+1 (231) 938-3715,Legal-Enforcement-Notice,1,1,0,no,pdf:pointofnoentry-greatchoicecdletter_0.pdf,(1)(v) https://portal.tracebacks.org/api/public/ 16 C.F.R. 11/1/2021 10/29/2021 2319383715 Legal-Enforcement-Notice attachments/544702 § 310.4(b)(1)(v) https://portal.tra
+14846723100,+1 (484) 672-3100,SSA-P1-TexasFraud (GovtImpers),1,1,0,no,pdf:pointofnoentry-greatchoicecdletter_0.pdf,1)(v) https://portal.tracebacks.org/api/public/ 16 C.F.R. 10/29/2021 10/28/2021 4846723100 SSA-P1-TexasFraud (GovtImpers) attachments/543078 § 310.4(b)(1)(v) https://port
+16789150418,+1 (678) 915-0418,SSA-P1-TexasFraud (GovtImpers),1,1,0,no,pdf:pointofnoentry-greatchoicecdletter_0.pdf,1)(v) https://portal.tracebacks.org/api/public/ 16 C.F.R. 10/29/2021 10/28/2021 6789150418 SSA-P1-TexasFraud (GovtImpers) attachments/543076 § 310.4(b)(1)(v) https://port
+14846756411,+1 (484) 675-6411,SSA-P1-TexasFraud (GovtImpers),1,1,0,no,pdf:pointofnoentry-greatchoicecdletter_0.pdf,1)(v) https://portal.tracebacks.org/api/public/ 16 C.F.R. 10/29/2021 10/28/2021 4846756411 SSA-P1-TexasFraud (GovtImpers) attachments/543074 § 310.4(b)(1)(v) https://port
+13343442245,+1 (334) 344-2245,Legal-Consequences,1,1,0,no,pdf:pointofnoentry-greatchoicecdletter_0.pdf,1)(v) https://portal.tracebacks.org/api/public/ 16 C.F.R. 10/29/2021 10/26/2021 3343442245 Legal-Consequences attachments/539383 § 310.4(b)(1)(v) https://portal.traceback
+19548542208,+1 (954) 854-2208,Legal-Consequences,1,1,0,no,pdf:pointofnoentry-greatchoicecdletter_0.pdf,1)(v) https://portal.tracebacks.org/api/public/ 16 C.F.R. 10/27/2021 10/26/2021 9548542208 Legal-Consequences attachments/539399 § 310.4(b)(1)(v) https://portal.traceback
+12036681801,+1 (203) 668-1801,Legal-Consequences,1,1,0,no,pdf:pointofnoentry-greatchoicecdletter_0.pdf,1)(v) https://portal.tracebacks.org/api/public/ 16 C.F.R. 10/27/2021 10/26/2021 2036681801 Legal-Consequences attachments/539381 § 310.4(b)(1)(v) https://portal.traceback
+19545293739,+1 (954) 529-3739,Legal-Enforcement-Notice,1,1,0,no,pdf:pointofnoentry-greatchoicecdletter_0.pdf,)(1)(v) https://portal.tracebacks.org/api/public/ 16 C.F.R. 10/5/2021 10/4/2021 9545293739 Legal-Enforcement-Notice attachments/491057 § 310.4(b)(1)(v) https://portal.tra
+19546544475,+1 (954) 654-4475,Legal-Enforcement-Notice,1,1,0,no,pdf:pointofnoentry-greatchoicecdletter_0.pdf,)(1)(v) https://portal.tracebacks.org/api/public/ 16 C.F.R. 10/5/2021 10/4/2021 9546544475 Legal-Enforcement-Notice attachments/491055 § 310.4(b)(1)(v) https://portal.tra
+15027276386,+1 (502) 727-6386,Legal-Enforcement-Notice,1,1,0,no,pdf:pointofnoentry-greatchoicecdletter_0.pdf,)(1)(v) https://portal.tracebacks.org/api/public/ 16 C.F.R. 10/5/2021 10/4/2021 5027276386 Legal-Enforcement-Notice attachments/491041 § 310.4(b)(1)(v) Page 7 of 9 https:
+12169052194,+1 (216) 905-2194,Legal-Enforcement-Notice,1,1,0,no,pdf:pointofnoentry-greatchoicecdletter_0.pdf,7 of 9 https://portal.tracebacks.org/api/public/ 16 C.F.R. 9/30/2021 9/28/2021 2169052194 Legal-Enforcement-Notice attachments/482012 § 310.4(b)(1)(v) https://portal.tra
+12169737736,+1 (216) 973-7736,Legal-Enforcement-Notice,1,1,0,no,pdf:pointofnoentry-greatchoicecdletter_0.pdf,)(1)(v) https://portal.tracebacks.org/api/public/ 16 C.F.R. 9/30/2021 9/28/2021 2169737736 Legal-Enforcement-Notice attachments/482009 § 310.4(b)(1)(v) https://portal.tra
+16512428914,+1 (651) 242-8914,Legal-Enforcement-Notice,1,1,0,no,pdf:pointofnoentry-greatchoicecdletter_0.pdf,)(1)(v) https://portal.tracebacks.org/api/public/ 16 C.F.R. 9/30/2021 9/28/2021 6512428914 Legal-Enforcement-Notice attachments/482008 § 310.4(b)(1)(v) https://portal.tra
+16016184133,+1 (601) 618-4133,Legal-Enforcement-Notice,1,1,0,no,pdf:pointofnoentry-greatchoicecdletter_0.pdf,)(1)(v) https://portal.tracebacks.org/api/public/ 16 C.F.R. 9/30/2021 9/28/2021 6016184133 Legal-Enforcement-Notice attachments/482003 § 310.4(b)(1)(v) https://portal.tra
+15027737951,+1 (502) 773-7951,Legal-Enforcement-Notice,1,1,0,no,pdf:pointofnoentry-greatchoicecdletter_0.pdf,)(1)(v) https://portal.tracebacks.org/api/public/ 16 C.F.R. 9/30/2021 9/27/2021 5027737951 Legal-Enforcement-Notice attachments/481995 § 310.4(b)(1)(v) https://portal.tra
+15024388909,+1 (502) 438-8909,Legal-Enforcement-Notice,1,1,0,no,pdf:pointofnoentry-greatchoicecdletter_0.pdf,)(1)(v) https://portal.tracebacks.org/api/public/ 16 C.F.R. 9/30/2021 9/27/2021 5024388909 Legal-Enforcement-Notice attachments/481994 § 310.4(b)(1)(v) https://portal.tra
+14805606164,+1 (480) 560-6164,CBP-GovtImpers,1,1,0,no,pdf:pointofnoentry-greatchoicecdletter_0.pdf,)(1)(v) https://portal.tracebacks.org/api/public/ 16 C.F.R. 9/17/2021 9/14/2021 4805606164 CBP-GovtImpers attachments/453389 § 310.4(b)(1)(v) https://portal.tracebacks.or
+12024228211,+1 (202) 422-8211,Legal-Enforcement-Notice,1,1,0,no,pdf:pointofnoentry-greatchoicecdletter_0.pdf,)(1)(v) https://portal.tracebacks.org/api/public/ 16 C.F.R. 9/14/2021 9/13/2021 2024228211 Legal-Enforcement-Notice attachments/447358 § 310.4(b)(1)(v) https://portal.tra
+14439006139,+1 (443) 900-6139,Legal-Enforcement-Notice,1,1,0,no,pdf:pointofnoentry-greatchoicecdletter_0.pdf,)(1)(v) https://portal.tracebacks.org/api/public/ 16 C.F.R. 9/14/2021 9/13/2021 4439006139 Legal-Enforcement-Notice attachments/447350 § 310.4(b)(1)(v) https://portal.tra
+19178981570,+1 (917) 898-1570,CBP-GovtImpers,1,1,0,no,pdf:pointofnoentry-greatchoicecdletter_0.pdf,)(1)(v) https://portal.tracebacks.org/api/public/ 16 C.F.R. 8/26/2021 8/23/2021 9178981570 CBP-GovtImpers attachments/392301 § 310.4(b)(1)(v) https://portal.tracebacks.or
+18473447518,+1 (847) 344-7518,Legal-Enforcement-Notice,1,1,0,no,pdf:pointofnoentry-greatchoicecdletter_0.pdf,)(1)(v) https://portal.tracebacks.org/api/public/ 16 C.F.R. 8/26/2021 8/25/2021 8473447518 Legal-Enforcement-Notice attachments/392274 § 310.4(b)(1)(v) https://portal.tra
+12199166637,+1 (219) 916-6637,Utility-30MinDisconnect,1,1,0,no,pdf:pointofnoentry-greatchoicecdletter_0.pdf,)(1)(v) https://portal.tracebacks.org/api/public/ 16 C.F.R. 8/23/2021 8/21/2021 2199166637 Utility-30MinDisconnect attachments/382020 § 310.4(b)(1)(v) Page 8 of 9 https:/
+19106754407,+1 (910) 675-4407,Utility-30MinDisconnect,1,1,0,no,pdf:pointofnoentry-greatchoicecdletter_0.pdf,8 of 9 https://portal.tracebacks.org/api/public/ 16 C.F.R. 8/23/2021 8/21/2021 9106754407 Utility-30MinDisconnect attachments/382018 § 310.4(b)(1)(v) https://portal.trac
+17203807802,+1 (720) 380-7802,Utility-30MinDisconnect,1,1,0,no,pdf:pointofnoentry-greatchoicecdletter_0.pdf,)(1)(v) https://portal.tracebacks.org/api/public/ 16 C.F.R. 8/23/2021 8/21/2021 7203807802 Utility-30MinDisconnect attachments/382016 § 310.4(b)(1)(v) https://portal.trac
+19047792387,+1 (904) 779-2387,Utility-30MinDisconnect,1,1,0,no,pdf:pointofnoentry-greatchoicecdletter_0.pdf,)(1)(v) https://portal.tracebacks.org/api/public/ 16 C.F.R. 8/23/2021 8/20/2021 9047792387 Utility-30MinDisconnect attachments/382012 § 310.4(b)(1)(v) https://portal.trac
+15413668655,+1 (541) 366-8655,FedReserv-Impers,1,1,0,no,pdf:pointofnoentry-greatchoicecdletter_0.pdf,)(1)(v) https://portal.tracebacks.org/api/public/ 16 C.F.R. 7/14/2021 7/12/2021 5413668655 FedReserv-Impers attachments/280167 § 310.4(b)(1)(v) https://portal.tracebacks.
+14058506352,+1 (405) 850-6352,Medicare-Ineligible,1,1,0,no,pdf:pointofnoentry-greatchoicecdletter_0.pdf,)(1)(v) https://portal.tracebacks.org/api/public/ 16 C.F.R. 6/25/2021 6/24/2021 4058506352 Medicare-Ineligible attachments/242207 § 310.4(b)(1)(v) https://portal.tracebac
+16319373276,+1 (631) 937-3276,AutoWarranty-ExtendOrReinst,1,1,0,no,pdf:pointofnoentry-greatchoicecdletter_0.pdf,)(1)(v) https://portal.tracebacks.org/api/public/ 16 C.F.R. 4/20/2021 4/19/2021 6319373276 AutoWarranty-ExtendOrReinst attachments/102399 § 310.4(b)(1)(v) https://portal.
+13056026385,+1 (305) 602-6385,AutoWarranty-ExtendOrReinst,1,1,0,no,pdf:pointofnoentry-greatchoicecdletter_0.pdf,(b)(1)(v) https://portal.tracebacks.org/api/public/ 16 C.F.R. 4/8/2021 4/7/2021 3056026385 AutoWarranty-ExtendOrReinst attachments/93988 § 310.4(b)(1)(v) https://portal.t
+15087876025,+1 (508) 787-6025,AutoWarranty-ExtendOrReinst,1,1,0,no,pdf:pointofnoentry-greatchoicecdletter_0.pdf,b)(1)(v) https://portal.tracebacks.org/api/public/ 16 C.F.R. 3/10/2021 3/9/2021 5087876025 AutoWarranty-ExtendOrReinst attachments/65174 § 310.4(b)(1)(v) https://portal.t
+14075737577,+1 (407) 573-7577,AutoWarranty-ExtendOrReinst,1,1,0,no,pdf:pointofnoentry-greatchoicecdletter_0.pdf,(b)(1)(v) https://portal.tracebacks.org/api/public/ 16 C.F.R. 3/5/2021 3/2/2021 4075737577 AutoWarranty-ExtendOrReinst attachments/63405 § 310.4(b)(1)(v) https://portal.t
+13212942050,+1 (321) 294-2050,AutoWarranty-ExtendOrReinst,1,1,0,no,pdf:pointofnoentry-greatchoicecdletter_0.pdf,(b)(1)(v) https://portal.tracebacks.org/api/public/ 16 C.F.R. 3/2/2021 3/1/2021 3212942050 AutoWarranty-ExtendOrReinst attachments/63053 § 310.4(b)(1)(v) https://portal.t
+18598986213,+1 (859) 898-6213,AutoWarranty-ExtendOrReinst,1,1,0,no,pdf:pointofnoentry-greatchoicecdletter_0.pdf,)(1)(v) https://portal.tracebacks.org/api/public/ 16 C.F.R. 2/18/2021 2/17/2021 8598986213 AutoWarranty-ExtendOrReinst attachments/58336 § 310.4(b)(1)(v) Page 9 of 9
+15592546440,+1 (559) 254-6440,StudentLoan-Payments-P1 c,1,1,0,no,pdf:pointofnoentry-hfaservsceasedesistletterfinaljms.pdf,Violation https://portal2.tracebacks.org/api/publi 16 C.F.R. 2/4/2023 2/3/2023 5592546440 StudentLoan-Payments-P1 c/attachments/1226298 310.4(b)(1)(v) https://portal2.tr
+18583273282,+1 (858) 327-3282,StudentLoan-Payments-P1 c,1,1,0,no,pdf:pointofnoentry-hfaservsceasedesistletterfinaljms.pdf,4(b)(1)(v) https://portal2.tracebacks.org/api/publi 16 C.F.R. 2/4/2023 2/3/2023 8583273282 StudentLoan-Payments-P1 c/attachments/1226300 310.4(b)(1)(v) https://portal2.tr
+18052971000,+1 (805) 297-1000,StudentLoan-Payments-P1 c,1,1,0,no,pdf:pointofnoentry-hfaservsceasedesistletterfinaljms.pdf,4(b)(1)(v) https://portal2.tracebacks.org/api/publi 16 C.F.R. 2/3/2023 2/3/2023 8052971000 StudentLoan-Payments-P1 c/attachments/1226308 310.4(b)(1)(v) https://portal2.tr
+19108641085,+1 (910) 864-1085,Amazon-AuthorizeOrder c,1,1,0,no,pdf:pointofnoentry-hfaservsceasedesistletterfinaljms.pdf,b)(1)(v) https://portal2.tracebacks.org/api/publi 16 C.F.R. 12/9/2022 12/7/2022 9108641085 Amazon-AuthorizeOrder c/attachments/1167377 310.4(b)(1)(v) https://portal2.trac
+19192201167,+1 (919) 220-1167,Amazon-AuthorizeOrder c,1,1,0,no,pdf:pointofnoentry-hfaservsceasedesistletterfinaljms.pdf,b)(1)(v) https://portal2.tracebacks.org/api/publi 16 C.F.R. 12/9/2022 12/7/2022 9192201167 Amazon-AuthorizeOrder c/attachments/1167378 310.4(b)(1)(v) https://portal2.trac
+19702864273,+1 (970) 286-4273,Amazon-AuthorizeOrder c,1,1,0,no,pdf:pointofnoentry-hfaservsceasedesistletterfinaljms.pdf,b)(1)(v) https://portal2.tracebacks.org/api/publi 16 C.F.R. 12/2/2022 12/1/2022 9702864273 Amazon-AuthorizeOrder c/attachments/1159030 310.4(b)(1)(v) https://portal2.trac
+13235386562,+1 (323) 538-6562,Grandparentscam c,1,1,0,no,pdf:pointofnoentry-hfaservsceasedesistletterfinaljms.pdf,(b)(1)(v) https://portal2.tracebacks.org/api/publi 16 C.F.R. 7/5/2022 6/29/2022 3235386562 Grandparentscam c/attachments/946586 310.4(b)(1)(v) https://portal2.tracebacks.
+16083680512,+1 (608) 368-0512,Hotel-ComplimentaryStay c,1,1,0,no,pdf:pointofnoentry-hfaservsceasedesistletterfinaljms.pdf,(b)(1)(v) https://portal2.tracebacks.org/api/publi 16 C.F.R. 4/13/2022 4/8/2022 6083680512 Hotel-ComplimentaryStay c/attachments/807773 310.4(b)(1)(v) https://portal2.tra
+18126800968,+1 (812) 680-0968,Hotel-ComplimentaryStay c,1,1,0,no,pdf:pointofnoentry-hfaservsceasedesistletterfinaljms.pdf,b)(1)(v) https://portal2.tracebacks.org/api/publi 16 C.F.R. 4/13/2022 4/11/2022 8126800968 Hotel-ComplimentaryStay c/attachments/807777 310.4(b)(1)(v) https://portal2.tra
+19548741046,+1 (954) 874-1046,Amazon-AuthorizeOrder c,1,1,0,no,pdf:pointofnoentry-hfaservsceasedesistletterfinaljms.pdf,4(b)(1)(v) https://portal2.tracebacks.org/api/publi 16 C.F.R. 3/7/2022 3/6/2022 9548741046 Amazon-AuthorizeOrder c/attachments/735445 310.4(b)(1)(v) StudentLoan-Forgivene
+17042597915,+1 (704) 259-7915,Center c,1,1,0,no,pdf:pointofnoentry-hfaservsceasedesistletterfinaljms.pdf,s/Relief- https://portal2.tracebacks.org/api/publi 16 C.F.R. 2/2/2022 1/27/2022 7042597915 Center c/attachments/660778 310.4(b)(1)(v) StudentLoan-Forgiveness/Relief- http
+16622384580,+1 (662) 238-4580,Center c,1,1,0,no,pdf:pointofnoentry-hfaservsceasedesistletterfinaljms.pdf,s/Relief- https://portal2.tracebacks.org/api/publi 16 C.F.R. 2/2/2022 1/28/2022 6622384580 Center c/attachments/660780 310.4(b)(1)(v) StudentLoan-Forgiveness/Relief- http
+13214105822,+1 (321) 410-5822,Center c,1,1,0,no,pdf:pointofnoentry-hfaservsceasedesistletterfinaljms.pdf,s/Relief- https://portal2.tracebacks.org/api/publi 16 C.F.R. 2/2/2022 1/28/2022 3214105822 Center c/attachments/660784 310.4(b)(1)(v) StudentLoan-Forgiveness/Relief- http
+14143383264,+1 (414) 338-3264,Center c,1,1,0,no,pdf:pointofnoentry-hfaservsceasedesistletterfinaljms.pdf,s/Relief- https://portal2.tracebacks.org/api/publi 16 C.F.R. 2/1/2022 1/27/2022 4143383264 Center c/attachments/660787 310.4(b)(1)(v) https://portal2.tracebacks.org/api/p
+16036742799,+1 (603) 674-2799,SSA-Suspended c,1,1,0,no,pdf:pointofnoentry-hfaservsceasedesistletterfinaljms.pdf,b)(1)(v) https://portal2.tracebacks.org/api/publi 16 C.F.R. 1/26/2022 1/24/2022 6036742799 SSA-Suspended c/attachments/648018 310.4(b)(1)(v) https://portal2.tracebacks.or
+18027385813,+1 (802) 738-5813,SSA-Suspended c,1,1,0,no,pdf:pointofnoentry-hfaservsceasedesistletterfinaljms.pdf,b)(1)(v) https://portal2.tracebacks.org/api/publi 16 C.F.R. 1/25/2022 1/24/2022 8027385813 SSA-Suspended c/attachments/648010 310.4(b)(1)(v) https://portal2.tracebacks.or
+18027381303,+1 (802) 738-1303,SSA-Suspended c,1,1,0,no,pdf:pointofnoentry-hfaservsceasedesistletterfinaljms.pdf,b)(1)(v) https://portal2.tracebacks.org/api/publi 16 C.F.R. 1/25/2022 1/24/2022 8027381303 SSA-Suspended c/attachments/648011 310.4(b)(1)(v) https://portal2.tracebacks.or
+15129646540,+1 (512) 964-6540,SSA-Suspended c,1,1,0,no,pdf:pointofnoentry-hfaservsceasedesistletterfinaljms.pdf,b)(1)(v) https://portal2.tracebacks.org/api/publi 16 C.F.R. 1/25/2022 1/24/2022 5129646540 SSA-Suspended c/attachments/648025 310.4(b)(1)(v) https://portal2.tracebacks.or
+18316663886,+1 (831) 666-3886,SSA-Suspended c,1,1,0,no,pdf:pointofnoentry-hfaservsceasedesistletterfinaljms.pdf,b)(1)(v) https://portal2.tracebacks.org/api/publi 16 C.F.R. 1/25/2022 1/24/2022 8316663886 SSA-Suspended c/attachments/648026 310.4(b)(1)(v) https://portal2.tracebacks.or
+14409359526,+1 (440) 935-9526,SSA-Suspended c,1,1,0,no,pdf:pointofnoentry-hfaservsceasedesistletterfinaljms.pdf,b)(1)(v) https://portal2.tracebacks.org/api/publi 16 C.F.R. 1/25/2022 1/24/2022 4409359526 SSA-Suspended c/attachments/648029 310.4(b)(1)(v) https://portal2.tracebacks.or
+18434441852,+1 (843) 444-1852,SSA-Suspended c,1,1,0,no,pdf:pointofnoentry-hfaservsceasedesistletterfinaljms.pdf,b)(1)(v) https://portal2.tracebacks.org/api/publi 16 C.F.R. 1/25/2022 1/20/2022 8434441852 SSA-Suspended c/attachments/648033 310.4(b)(1)(v) https://portal2.tracebacks.or
+12406084333,+1 (240) 608-4333,SSA-Suspended c,1,1,0,no,pdf:pointofnoentry-hfaservsceasedesistletterfinaljms.pdf,b)(1)(v) https://portal2.tracebacks.org/api/publi 16 C.F.R. 1/25/2022 1/20/2022 2406084333 SSA-Suspended c/attachments/648035 310.4(b)(1)(v) https://portal2.tracebacks.or
+19707123046,+1 (970) 712-3046,Amazon-SuspiciousCharge c,1,1,0,no,pdf:pointofnoentry-hfaservsceasedesistletterfinaljms.pdf,b)(1)(v) https://portal2.tracebacks.org/api/publi 16 C.F.R. 1/20/2022 1/15/2022 9707123046 Amazon-SuspiciousCharge c/attachments/642449 310.4(b)(1)(v) https://portal2.tra
+14172073487,+1 (417) 207-3487,Amazon-SuspiciousCharge c,1,1,0,no,pdf:pointofnoentry-hfaservsceasedesistletterfinaljms.pdf,b)(1)(v) https://portal2.tracebacks.org/api/publi 16 C.F.R. 1/20/2022 1/18/2022 4172073487 Amazon-SuspiciousCharge c/attachments/642454 310.4(b)(1)(v) https://portal2.tra
+15163047249,+1 (516) 304-7249,Amazon-AuthorizeOrder c,1,1,0,no,pdf:pointofnoentry-hfaservsceasedesistletterfinaljms.pdf,b)(1)(v) https://portal2.tracebacks.org/api/publi 16 C.F.R. 1/19/2022 1/17/2022 5163047249 Amazon-AuthorizeOrder c/attachments/638999 310.4(b)(1)(v) https://portal2.trace
+16178861844,+1 (617) 886-1844,SSA-Suspended c,1,1,0,no,pdf:pointofnoentry-hfaservsceasedesistletterfinaljms.pdf,b)(1)(v) https://portal2.tracebacks.org/api/publi 16 C.F.R. 1/18/2022 1/17/2022 6178861844 SSA-Suspended c/attachments/638877 310.4(b)(1)(v) https://portal2.tracebacks.or
+15164104524,+1 (516) 410-4524,SSA-Suspended c,1,1,0,no,pdf:pointofnoentry-hfaservsceasedesistletterfinaljms.pdf,b)(1)(v) https://portal2.tracebacks.org/api/publi 16 C.F.R. 1/18/2022 1/17/2022 5164104524 SSA-Suspended c/attachments/638880 310.4(b)(1)(v) https://portal2.tracebacks.or
+18609498913,+1 (860) 949-8913,SSA-Suspended c,1,1,0,no,pdf:pointofnoentry-hfaservsceasedesistletterfinaljms.pdf,b)(1)(v) https://portal2.tracebacks.org/api/publi 16 C.F.R. 1/18/2022 1/17/2022 8609498913 SSA-Suspended c/attachments/638881 310.4(b)(1)(v) https://portal2.tracebacks.or
+16039694235,+1 (603) 969-4235,Amazon-AuthorizeOrder c,1,1,0,no,pdf:pointofnoentry-hfaservsceasedesistletterfinaljms.pdf,b)(1)(v) https://portal2.tracebacks.org/api/publi 16 C.F.R. 1/18/2022 1/17/2022 6039694235 Amazon-AuthorizeOrder c/attachments/638987 310.4(b)(1)(v) https://portal2.trace
+16066691762,+1 (606) 669-1762,Amazon-SuspiciousCharge-P1 c,1,1,0,no,pdf:pointofnoentry-hfaservsceasedesistletterfinaljms.pdf,b)(1)(v) https://portal2.tracebacks.org/api/publi 16 C.F.R. 1/14/2022 1/12/2022 6066691762 Amazon-SuspiciousCharge-P1 c/attachments/635451 310.4(b)(1)(v) https://portal2.
+15515033662,+1 (551) 503-3662,Utility-30MinDisconnect c,1,1,0,no,pdf:pointofnoentry-hfaservsceasedesistletterfinaljms.pdf,(1)(v) https://portal2.tracebacks.org/api/publi 16 C.F.R. 11/22/2021 11/20/2021 5515033662 Utility-30MinDisconnect c/attachments/567525 310.4(b)(1)(v) https://portal2.tra
+12514587119,+1 (251) 458-7119,FedReserv-Impers c,1,1,0,no,pdf:pointofnoentry-hfaservsceasedesistletterfinaljms.pdf,(b)(1)(v) https://portal2.tracebacks.org/api/publi 16 C.F.R. 9/10/2021 9/9/2021 2514587119 FedReserv-Impers c/attachments/440547 310.4(b)(1)(v) https://portal2.tracebacks
+19707281554,+1 (970) 728-1554,Legal-Enforcement-Notice c,1,1,0,no,pdf:pointofnoentry-hfaservsceasedesistletterfinaljms.pdf,4(b)(1)(v) https://portal2.tracebacks.org/api/publi 16 C.F.R. 9/7/2021 9/3/2021 9707281554 Legal-Enforcement-Notice c/attachments/431139 310.4(b)(1)(v)
+18329017667,+1 (832) 901-7667,Amazon-AuthorizeOrder,1,1,0,no,pdf:pointofnoentry-ibasiscdletter.pdf,olation https://portal.tracebacks.org/api/public/ 16 C.F.R. 7/18/2022 7/18/2022 8329017667 Amazon-AuthorizeOrder attachments/959873 § 310.4(b)(1)(v) https://portal.traceb
+18477932120,+1 (847) 793-2120,Amazon-AuthorizeOrder,1,1,0,no,pdf:pointofnoentry-ibasiscdletter.pdf,)(1)(v) https://portal.tracebacks.org/api/public/ 16 C.F.R. 7/18/2022 7/17/2022 8477932120 Amazon-AuthorizeOrder attachments/959860 § 310.4(b)(1)(v) https://portal.traceb
+13178475681,+1 (317) 847-5681,LegalDept-Action-P1,1,1,0,no,pdf:pointofnoentry-ibasiscdletter.pdf,)(1)(v) https://portal.tracebacks.org/api/public/ 16 C.F.R. 7/15/2022 7/13/2022 3178475681 LegalDept-Action-P1 attachments/956746 § 310.4(b)(1)(v) https://portal.tracebac
+15152292621,+1 (515) 229-2621,LegalDept-Action-P1,1,1,0,no,pdf:pointofnoentry-ibasiscdletter.pdf,)(1)(v) https://portal.tracebacks.org/api/public/ 16 C.F.R. 7/15/2022 7/13/2022 5152292621 LegalDept-Action-P1 attachments/956744 § 310.4(b)(1)(v) https://portal.tracebac
+14044281803,+1 (404) 428-1803,LegalDept-Action-P1,1,1,0,no,pdf:pointofnoentry-ibasiscdletter.pdf,)(1)(v) https://portal.tracebacks.org/api/public/ 16 C.F.R. 7/15/2022 7/13/2022 4044281803 LegalDept-Action-P1 attachments/956740 § 310.4(b)(1)(v) https://portal.tracebac
+18016478303,+1 (801) 647-8303,Amazon-AuthorizeOrder,1,1,0,no,pdf:pointofnoentry-ibasiscdletter.pdf,)(1)(v) https://portal.tracebacks.org/api/public/ 16 C.F.R. 7/11/2022 7/10/2022 8016478303 Amazon-AuthorizeOrder attachments/951287 § 310.4(b)(1)(v) https://portal.traceb
+15098443301,+1 (509) 844-3301,LegalDept-Action-P1,1,1,0,no,pdf:pointofnoentry-ibasiscdletter.pdf,(b)(1)(v) https://portal.tracebacks.org/api/public/ 16 C.F.R. 7/6/2022 7/5/2022 5098443301 LegalDept-Action-P1 attachments/947222 § 310.4(b)(1)(v) https://portal.tracebac
+12063103454,+1 (206) 310-3454,LegalDept-Action-P1,1,1,0,no,pdf:pointofnoentry-ibasiscdletter.pdf,(b)(1)(v) https://portal.tracebacks.org/api/public/ 16 C.F.R. 7/6/2022 7/5/2022 2063103454 LegalDept-Action-P1 attachments/947220 § 310.4(b)(1)(v) SSA-P1-TexasFraud https
+18086357129,+1 (808) 635-7129,(GovtImpers),1,1,0,no,pdf:pointofnoentry-ibasiscdletter.pdf,asFraud https://portal.tracebacks.org/api/public/ 16 C.F.R. 5/27/2022 5/25/2022 8086357129 (GovtImpers) attachments/875549 § 310.4(b)(1)(v) SSA-P1-TexasFraud https://port
+18082563982,+1 (808) 256-3982,(GovtImpers),1,1,0,no,pdf:pointofnoentry-ibasiscdletter.pdf,asFraud https://portal.tracebacks.org/api/public/ 16 C.F.R. 5/26/2022 5/25/2022 8082563982 (GovtImpers) attachments/875546 § 310.4(b)(1)(v) SSA-P1-TexasFraud https://port
+18088207066,+1 (808) 820-7066,(GovtImpers),1,1,0,no,pdf:pointofnoentry-ibasiscdletter.pdf,asFraud https://portal.tracebacks.org/api/public/ 16 C.F.R. 5/26/2022 5/25/2022 8088207066 (GovtImpers) attachments/875544 § 310.4(b)(1)(v) SSA-P1-TexasFraud https://port
+18082473980,+1 (808) 247-3980,(GovtImpers),1,1,0,no,pdf:pointofnoentry-ibasiscdletter.pdf,asFraud https://portal.tracebacks.org/api/public/ 16 C.F.R. 5/26/2022 5/25/2022 8082473980 (GovtImpers) attachments/875543 § 310.4(b)(1)(v) SSA-P1-TexasFraud https://port
+18083293314,+1 (808) 329-3314,(GovtImpers),1,1,0,no,pdf:pointofnoentry-ibasiscdletter.pdf,asFraud https://portal.tracebacks.org/api/public/ 16 C.F.R. 5/26/2022 5/25/2022 8083293314 (GovtImpers) attachments/875540 § 310.4(b)(1)(v) SSA-P1-TexasFraud https://port
+18083137786,+1 (808) 313-7786,(GovtImpers),1,1,0,no,pdf:pointofnoentry-ibasiscdletter.pdf,asFraud https://portal.tracebacks.org/api/public/ 16 C.F.R. 5/26/2022 5/24/2022 8083137786 (GovtImpers) attachments/875535 § 310.4(b)(1)(v) SSA-P1-TexasFraud https://port
+18084450467,+1 (808) 445-0467,(GovtImpers),1,1,0,no,pdf:pointofnoentry-ibasiscdletter.pdf,asFraud https://portal.tracebacks.org/api/public/ 16 C.F.R. 5/26/2022 5/24/2022 8084450467 (GovtImpers) attachments/875533 § 310.4(b)(1)(v) Page 1 of 3 SSA-P1-TexasFraud
+18084605685,+1 (808) 460-5685,(GovtImpers),1,1,0,no,pdf:pointofnoentry-ibasiscdletter.pdf,asFraud https://portal.tracebacks.org/api/public/ 16 C.F.R. 5/26/2022 5/23/2022 8084605685 (GovtImpers) attachments/875531 § 310.4(b)(1)(v) https://portal.tracebacks.org/
+13056101655,+1 (305) 610-1655,Amazon-SuspiciousCharge-P1,1,1,0,no,pdf:pointofnoentry-ibasiscdletter.pdf,)(1)(v) https://portal.tracebacks.org/api/public/ 16 C.F.R. 5/25/2022 5/23/2022 3056101655 Amazon-SuspiciousCharge-P1 attachments/871389 § 310.4(b)(1)(v) SSA-P1-TexasFrau
+18089547174,+1 (808) 954-7174,(GovtImpers),1,1,0,no,pdf:pointofnoentry-ibasiscdletter.pdf,exasFraud https://portal.tracebacks.org/api/public/ 16 C.F.R. 5/4/2022 5/3/2022 8089547174 (GovtImpers) attachments/833949 § 310.4(b)(1)(v) SSA-P1-TexasFraud https://port
+18175052393,+1 (817) 505-2393,(GovtImpers),1,1,0,no,pdf:pointofnoentry-ibasiscdletter.pdf,exasFraud https://portal.tracebacks.org/api/public/ 16 C.F.R. 5/4/2022 5/2/2022 8175052393 (GovtImpers) attachments/833941 § 310.4(b)(1)(v) https://portal.tracebacks.org/
+18179789732,+1 (817) 978-9732,LegalDept-Action-P1,1,1,0,no,pdf:pointofnoentry-ibasiscdletter.pdf,(b)(1)(v) https://portal.tracebacks.org/api/public/ 16 C.F.R. 5/3/2022 5/2/2022 8179789732 LegalDept-Action-P1 attachments/832634 § 310.4(b)(1)(v) https://portal.tracebac
+14027859568,+1 (402) 785-9568,LegalDept-Action-P1,1,1,0,no,pdf:pointofnoentry-ibasiscdletter.pdf,b)(1)(v) https://portal.tracebacks.org/api/public/ 16 C.F.R. 4/5/2022 3/30/2022 4027859568 LegalDept-Action-P1 attachments/790372 § 310.4(b)(1)(v) https://portal.tracebac
+17025630557,+1 (702) 563-0557,LegalDept-Action-P1,1,1,0,no,pdf:pointofnoentry-ibasiscdletter.pdf,)(1)(v) https://portal.tracebacks.org/api/public/ 16 C.F.R. 3/31/2022 3/30/2022 7025630557 LegalDept-Action-P1 attachments/790383 § 310.4(b)(1)(v) https://portal.tracebac
+13085960925,+1 (308) 596-0925,LegalDept-Action-P1,1,1,0,no,pdf:pointofnoentry-ibasiscdletter.pdf,)(1)(v) https://portal.tracebacks.org/api/public/ 16 C.F.R. 3/31/2022 3/30/2022 3085960925 LegalDept-Action-P1 attachments/790369 § 310.4(b)(1)(v) https://portal.tracebac
+15184124904,+1 (518) 412-4904,LegalDept-Action-P1,1,1,0,no,pdf:pointofnoentry-ibasiscdletter.pdf,)(1)(v) https://portal.tracebacks.org/api/public/ 16 C.F.R. 3/31/2022 3/29/2022 5184124904 LegalDept-Action-P1 attachments/790368 § 310.4(b)(1)(v) https://portal.tracebac
+17702858522,+1 (770) 285-8522,LegalDept-Action-P1,1,1,0,no,pdf:pointofnoentry-ibasiscdletter.pdf,)(1)(v) https://portal.tracebacks.org/api/public/ 16 C.F.R. 3/31/2022 3/30/2022 7702858522 LegalDept-Action-P1 attachments/790361 § 310.4(b)(1)(v) https://portal.tracebac
+17209357408,+1 (720) 935-7408,LegalDept-Action-P1,1,1,0,no,pdf:pointofnoentry-ibasiscdletter.pdf,)(1)(v) https://portal.tracebacks.org/api/public/ 16 C.F.R. 3/31/2022 3/30/2022 7209357408 LegalDept-Action-P1 attachments/790359 § 310.4(b)(1)(v) https://portal.tracebac
+17027551259,+1 (702) 755-1259,LegalDept-Action-P1,1,1,0,no,pdf:pointofnoentry-ibasiscdletter.pdf,)(1)(v) https://portal.tracebacks.org/api/public/ 16 C.F.R. 3/31/2022 3/29/2022 7027551259 LegalDept-Action-P1 attachments/790358 § 310.4(b)(1)(v) SSA-P1-TexasFraud https
+18087878840,+1 (808) 787-8840,(GovtImpers),1,1,0,no,pdf:pointofnoentry-ibasiscdletter.pdf,asFraud https://portal.tracebacks.org/api/public/ 16 C.F.R. 3/18/2022 3/15/2022 8087878840 (GovtImpers) attachments/761227 § 310.4(b)(1)(v) SSA-P1-TexasFraud https://port
+18085798861,+1 (808) 579-8861,(GovtImpers),1,1,0,no,pdf:pointofnoentry-ibasiscdletter.pdf,asFraud https://portal.tracebacks.org/api/public/ 16 C.F.R. 3/16/2022 3/15/2022 8085798861 (GovtImpers) attachments/761231 § 310.4(b)(1)(v) SSA-P1-TexasFraud https://port
+18082188841,+1 (808) 218-8841,(GovtImpers),1,1,0,no,pdf:pointofnoentry-ibasiscdletter.pdf,asFraud https://portal.tracebacks.org/api/public/ 16 C.F.R. 3/16/2022 3/15/2022 8082188841 (GovtImpers) attachments/761222 § 310.4(b)(1)(v) SSA-P1-TexasFraud https://port
+18083541883,+1 (808) 354-1883,(GovtImpers),1,1,0,no,pdf:pointofnoentry-ibasiscdletter.pdf,xasFraud https://portal.tracebacks.org/api/public/ 16 C.F.R. 3/2/2022 2/28/2022 8083541883 (GovtImpers) attachments/723515 § 310.4(b)(1)(v) Page 2 of 3 SSA-P1-TexasFraud
+18089748471,+1 (808) 974-8471,(GovtImpers),1,1,0,no,pdf:pointofnoentry-ibasiscdletter.pdf,xasFraud https://portal.tracebacks.org/api/public/ 16 C.F.R. 3/2/2022 2/28/2022 8089748471 (GovtImpers) attachments/723513 § 310.4(b)(1)(v) SSA-P1-TexasFraud https://port
+18085282077,+1 (808) 528-2077,(GovtImpers),1,1,0,no,pdf:pointofnoentry-ibasiscdletter.pdf,xasFraud https://portal.tracebacks.org/api/public/ 16 C.F.R. 3/2/2022 2/28/2022 8085282077 (GovtImpers) attachments/723511 § 310.4(b)(1)(v) https://portal.tracebacks.org/
+19706145250,+1 (970) 614-5250,LegalDept-Action-P1,1,1,0,no,pdf:pointofnoentry-ibasiscdletter.pdf,(b)(1)(v) https://portal.tracebacks.org/api/public/ 16 C.F.R. 2/8/2022 2/7/2022 9706145250 LegalDept-Action-P1 attachments/675293 § 310.4(b)(1)(v) https://portal.tracebac
+12253155689,+1 (225) 315-5689,LegalDept-Action-P1,1,1,0,no,pdf:pointofnoentry-ibasiscdletter.pdf,(b)(1)(v) https://portal.tracebacks.org/api/public/ 16 C.F.R. 2/8/2022 2/7/2022 2253155689 LegalDept-Action-P1 attachments/675288 § 310.4(b)(1)(v) https://portal.tracebac
+18594745075,+1 (859) 474-5075,LegalDept-Action-P1,1,1,0,no,pdf:pointofnoentry-ibasiscdletter.pdf,(b)(1)(v) https://portal.tracebacks.org/api/public/ 16 C.F.R. 2/8/2022 2/3/2022 8594745075 LegalDept-Action-P1 attachments/675280 § 310.4(b)(1)(v) https://portal.tracebac
+12025935192,+1 (202) 593-5192,(GovtImpers),1,1,0,no,pdf:pointofnoentry-ibasiscdletter.pdf,Fraud https://portal.tracebacks.org/api/public/ 16 C.F.R. 11/16/2021 11/15/2021 2025935192 (GovtImpers) attachments/560665 § 310.4(b)(1)(v) SSA-P1-TexasFraud https://port
+16786243192,+1 (678) 624-3192,(GovtImpers),1,1,0,no,pdf:pointofnoentry-ibasiscdletter.pdf,Fraud https://portal.tracebacks.org/api/public/ 16 C.F.R. 11/16/2021 11/15/2021 6786243192 (GovtImpers) attachments/560656 § 310.4(b)(1)(v) SSA-P1-TexasFraud https://port
+18025870493,+1 (802) 587-0493,(GovtImpers),1,1,0,no,pdf:pointofnoentry-ibasiscdletter.pdf,Fraud https://portal.tracebacks.org/api/public/ 16 C.F.R. 11/16/2021 11/15/2021 8025870493 (GovtImpers) attachments/560647 § 310.4(b)(1)(v) https://portal.tracebacks.org/
+15175078458,+1 (517) 507-8458,CBP-GovtImpers,1,1,0,no,pdf:pointofnoentry-ibasiscdletter.pdf,)(1)(v) https://portal.tracebacks.org/api/public/ 16 C.F.R. 8/23/2021 8/17/2021 5175078458 CBP-GovtImpers attachments/373796 § 310.4(b)(1)(v) https://portal.tracebacks.or
+17057879875,+1 (705) 787-9875,Amazon-Acct On Hold,1,1,0,no,pdf:pointofnoentry-ibasiscdletter.pdf,)(1)(v) https://portal.tracebacks.org/api/public/ 16 C.F.R. 7/19/2021 7/15/2021 7057879875 Amazon-Acct On Hold attachments/286373 § 310.4(b)(1)(v) SSA-P1-BenefitsCanceled
+15854146396,+1 (585) 414-6396,(GovtImpers),1,1,0,no,pdf:pointofnoentry-ibasiscdletter.pdf,anceled https://portal.tracebacks.org/api/public/ 16 C.F.R. 4/23/2021 4/22/2021 5854146396 (GovtImpers) attachments/110365 § 310.4(b)(1)(v) https://portal.tracebacks.org/
+19103824748,+1 (910) 382-4748,TestCall-StaySafeStayHome,1,1,0,no,pdf:pointofnoentry-ibasiscdletter.pdf,(b)(1)(v) https://portal.tracebacks.org/api/public/ 16 C.F.R. 1/7/2021 1/7/2021 9103824748 TestCall-StaySafeStayHome attachments/27683 § 310.4(b)(1)(v) Page 3 of 3
+19547322937,+1 (954) 732-2937,Amazon-AuthorizeOrder-P3,1,1,0,no,pdf:pointofnoentry-identidadcease-desistletter.pdf,ion https://portal.tracebacks.org/api/public/atta 16 C.F.R. 10/4/2023 10/3/2023 19547322937 Amazon-AuthorizeOrder-P3 chments/1385035 § 310.4(b)(1)(v) https://portal.traceb
+16703581142,+1 (670) 358-1142,Chinese-ISP/Cable/Wireless-Impers,1,1,0,no,pdf:pointofnoentry-identidadcease-desistletter.pdf,(v) https://portal.tracebacks.org/api/public/atta 16 C.F.R. 9/12/2023 9/11/2023 16703581142 Chinese-ISP/Cable/Wireless-Impers chments/1367174 § 310.4(b)(1)(v) 16 C.F.R. 9/
+18446850060,+1 (844) 685-0060,Utility-Impers-P2,1,1,0,no,pdf:pointofnoentry-identidadcease-desistletter.pdf,)(v) https://portal.tracebacks.org/api/public/atta 16 C.F.R. 9/1/2023 8/29/2023 18446850060 Utility-Impers-P2 chments/1364654 § 310.4(b)(1)(v) https://portal.tracebacks.or
+12259066745,+1 (225) 906-6745,Amazon-Various-P1,1,1,0,no,pdf:pointofnoentry-identidadcease-desistletter.pdf,)(v) https://portal.tracebacks.org/api/public/atta 16 C.F.R. 9/1/2023 8/29/2023 12259066745 Amazon-Various-P1 chments/1364429 § 310.4(b)(1)(v) https://portal.tracebacks.or
+18133120784,+1 (813) 312-0784,Amazon-AuthorizeOrder-P3,1,1,0,no,pdf:pointofnoentry-identidadcease-desistletter.pdf,(v) https://portal.tracebacks.org/api/public/atta 16 C.F.R. 8/31/2023 8/30/2023 18133120784 Amazon-AuthorizeOrder-P3 chments/1364798 § 310.4(b)(1)(v) https://portal.traceb
+16617595444,+1 (661) 759-5444,Utility-Impers-P2,1,1,0,no,pdf:pointofnoentry-identidadcease-desistletter.pdf,(v) https://portal.tracebacks.org/api/public/atta 16 C.F.R. 8/31/2023 8/29/2023 16617595444 Utility-Impers-P2 chments/1364650 § 310.4(b)(1)(v) https://portal.tracebacks.or
+18763185202,+1 (876) 318-5202,GovtImpers-P1,1,1,0,no,pdf:pointofnoentry-identidadcease-desistletter.pdf,(v) https://portal.tracebacks.org/api/public/atta 16 C.F.R. 8/30/2023 8/29/2023 18763185202 GovtImpers-P1 chments/1364433 § 310.4(b)(1)(v) https://portal.tracebacks.org/ap
+18333081411,+1 (833) 308-1411,Utility-Impers-P2,1,1,0,no,pdf:pointofnoentry-identidadcease-desistletter.pdf,(v) https://portal.tracebacks.org/api/public/atta 16 C.F.R. 8/18/2023 8/17/2023 18333081411 Utility-Impers-P2 chments/1361753 § 310.4(b)(1)(v) https://portal.tracebacks.or
+12065205608,+1 (206) 520-5608,Utility-Impers-P2,1,1,0,no,pdf:pointofnoentry-identidadcease-desistletter.pdf,(v) https://portal.tracebacks.org/api/public/atta 16 C.F.R. 8/18/2023 8/17/2023 12065205608 Utility-Impers-P2 chments/1361749 § 310.4(b)(1)(v) https://portal.tracebacks.or
+18333081010,+1 (833) 308-1010,Utility-Impers-P2,1,1,0,no,pdf:pointofnoentry-identidadcease-desistletter.pdf,(v) https://portal.tracebacks.org/api/public/atta 16 C.F.R. 8/18/2023 8/17/2023 18333081010 Utility-Impers-P2 chments/1361741 § 310.4(b)(1)(v) https://portal.tracebacks.or
+17148644316,+1 (714) 864-4316,Amazon-AuthorizeOrder-P3,1,1,0,no,pdf:pointofnoentry-identidadcease-desistletter.pdf,(v) https://portal.tracebacks.org/api/public/atta 16 C.F.R. 8/18/2023 8/14/2023 17148644316 Amazon-AuthorizeOrder-P3 chments/1361615 § 310.4(b)(1)(v) https://portal.traceb
+14193451715,+1 (419) 345-1715,Amazon-AuthorizeOrder-P3,1,1,0,no,pdf:pointofnoentry-identidadcease-desistletter.pdf,1)(v) https://portal.tracebacks.org/api/public/atta 16 C.F.R. 8/9/2023 8/8/2023 14193451715 Amazon-AuthorizeOrder-P3 chments/1357916 § 310.4(b)(1)(v) https://portal.traceb
+14193451201,+1 (419) 345-1201,Amazon-AuthorizeOrder-P3,1,1,0,no,pdf:pointofnoentry-identidadcease-desistletter.pdf,1)(v) https://portal.tracebacks.org/api/public/atta 16 C.F.R. 8/9/2023 8/8/2023 14193451201 Amazon-AuthorizeOrder-P3 chments/1357910 § 310.4(b)(1)(v) https://portal.traceb
+12489254921,+1 (248) 925-4921,SSA-Impers,1,1,0,no,pdf:pointofnoentry-identidadcease-desistletter.pdf,1)(v) https://portal.tracebacks.org/api/public/atta 16 C.F.R. 8/5/2023 8/3/2023 12489254921 SSA-Impers chments/1356820 § 310.4(b)(1)(v) https://portal.tracebacks.org/api/p
+16465972167,+1 (646) 597-2167,Amazon-Various-P3,1,1,0,no,pdf:pointofnoentry-identidadcease-desistletter.pdf,(v) https://portal.tracebacks.org/api/public/atta 16 C.F.R. 5/31/2023 5/27/2023 16465972167 Amazon-Various-P3 chments/1326259 § 310.4(b)(1)(v) https://portal.tracebacks.or
+16784720325,+1 (678) 472-0325,Amazon-Various-P3,1,1,0,no,pdf:pointofnoentry-identidadcease-desistletter.pdf,(v) https://portal.tracebacks.org/api/public/atta 16 C.F.R. 5/31/2023 5/30/2023 16784720325 Amazon-Various-P3 chments/1326257 § 310.4(b)(1)(v) https://portal.tracebacks.or
+15615041984,+1 (561) 504-1984,Amazon-Various-P3,1,1,0,no,pdf:pointofnoentry-identidadcease-desistletter.pdf,(v) https://portal.tracebacks.org/api/public/atta 16 C.F.R. 5/26/2023 5/23/2023 15615041984 Amazon-Various-P3 chments/1323679 § 310.4(b)(1)(v) https://portal.tracebacks.or
+13304471636,+1 (330) 447-1636,Amazon-Various-P3,1,1,0,no,pdf:pointofnoentry-identidadcease-desistletter.pdf,(v) https://portal.tracebacks.org/api/public/atta 16 C.F.R. 5/24/2023 5/23/2023 13304471636 Amazon-Various-P3 chments/1323675 § 310.4(b)(1)(v) https://portal.tracebacks.or
+14195338150,+1 (419) 533-8150,Amazon-Various-P3,1,1,0,no,pdf:pointofnoentry-identidadcease-desistletter.pdf,(v) https://portal.tracebacks.org/api/public/atta 16 C.F.R. 5/24/2023 5/24/2023 14195338150 Amazon-Various-P3 chments/1323671 § 310.4(b)(1)(v) https://portal.tracebacks.or
+15052862290,+1 (505) 286-2290,Amazon-Various-P3,1,1,0,no,pdf:pointofnoentry-identidadcease-desistletter.pdf,(v) https://portal.tracebacks.org/api/public/atta 16 C.F.R. 5/24/2023 5/24/2023 15052862290 Amazon-Various-P3 chments/1323669 § 310.4(b)(1)(v) https://portal.tracebacks.or
+12038492912,+1 (203) 849-2912,Amazon-Various-P3,1,1,0,no,pdf:pointofnoentry-identidadcease-desistletter.pdf,(v) https://portal.tracebacks.org/api/public/atta 16 C.F.R. 5/15/2023 5/13/2023 12038492912 Amazon-Various-P3 chments/1315933 § 310.4(b)(1)(v) https://portal.tracebacks.or
+17087696501,+1 (708) 769-6501,Amazon-Various-P3,1,1,0,no,pdf:pointofnoentry-identidadcease-desistletter.pdf,(v) https://portal.tracebacks.org/api/public/atta 16 C.F.R. 5/15/2023 5/13/2023 17087696501 Amazon-Various-P3 chments/1315929 § 310.4(b)(1)(v) https://portal.tracebacks.or
+16316840615,+1 (631) 684-0615,Amazon-Various-P3,1,1,0,no,pdf:pointofnoentry-identidadcease-desistletter.pdf,(v) https://portal.tracebacks.org/api/public/atta 16 C.F.R. 5/15/2023 5/13/2023 16316840615 Amazon-Various-P3 chments/1315925 § 310.4(b)(1)(v) https://portal.tracebacks.or
+16617451127,+1 (661) 745-1127,Amazon-Various-P3,1,1,0,no,pdf:pointofnoentry-identidadcease-desistletter.pdf,(v) https://portal.tracebacks.org/api/public/atta 16 C.F.R. 5/15/2023 5/13/2023 16617451127 Amazon-Various-P3 chments/1315917 § 310.4(b)(1)(v) https://portal.tracebacks.or
+19524454291,+1 (952) 445-4291,Utility-30MinDisconnect,1,1,0,no,pdf:pointofnoentry-identidadcease-desistletter.pdf,1)(v) https://portal.tracebacks.org/api/public/atta 16 C.F.R. 5/4/2023 5/3/2023 19524454291 Utility-30MinDisconnect chments/1297871 § 310.4(b)(1)(v) https://portal.traceba
+14135524117,+1 (413) 552-4117,Utility-30MinDisconnect,1,1,0,no,pdf:pointofnoentry-identidadcease-desistletter.pdf,1)(v) https://portal.tracebacks.org/api/public/atta 16 C.F.R. 5/3/2023 5/1/2023 14135524117 Utility-30MinDisconnect chments/1296725 § 310.4(b)(1)(v) https://portal.traceba
+12317799950,+1 (231) 779-9950,Utility-30MinDisconnect,1,1,0,no,pdf:pointofnoentry-identidadcease-desistletter.pdf,)(v) https://portal.tracebacks.org/api/public/atta 16 C.F.R. 5/1/2023 4/29/2023 12317799950 Utility-30MinDisconnect chments/1294794 § 310.4(b)(1)(v) https://portal.traceba
+12318594830,+1 (231) 859-4830,Utility-30MinDisconnect,1,1,0,no,pdf:pointofnoentry-identidadcease-desistletter.pdf,)(v) https://portal.tracebacks.org/api/public/atta 16 C.F.R. 5/1/2023 4/29/2023 12318594830 Utility-30MinDisconnect chments/1294792 § 310.4(b)(1)(v) https://portal.traceba
+12317802306,+1 (231) 780-2306,Utility-30MinDisconnect,1,1,0,no,pdf:pointofnoentry-identidadcease-desistletter.pdf,)(v) https://portal.tracebacks.org/api/public/atta 16 C.F.R. 5/1/2023 4/29/2023 12317802306 Utility-30MinDisconnect chments/1294790 § 310.4(b)(1)(v) https://portal.traceba
+18188106349,+1 (818) 810-6349,Utility-30MinDisconnect,1,1,0,no,pdf:pointofnoentry-identidadcease-desistletter.pdf,)(v) https://portal.tracebacks.org/api/public/atta 16 C.F.R. 5/1/2023 4/28/2023 18188106349 Utility-30MinDisconnect chments/1294778 § 310.4(b)(1)(v) https://portal.traceba
+12703361226,+1 (270) 336-1226,Authorized-Order-P2,1,1,0,no,pdf:pointofnoentry-identidadcease-desistletter.pdf,(v) https://portal.tracebacks.org/api/public/atta 16 C.F.R. 4/26/2023 4/25/2023 12703361226 Authorized-Order-P2 chments/1289697 § 310.4(b)(1)(v) https://portal.tracebacks.
+17852238190,+1 (785) 223-8190,Authorized-Order-P2,1,1,0,no,pdf:pointofnoentry-identidadcease-desistletter.pdf,(v) https://portal.tracebacks.org/api/public/atta 16 C.F.R. 4/25/2023 4/24/2023 7852238190 Authorized-Order-P2 chments/1288032 § 310.4(b)(1)(v) https://portal.tracebacks.
+12316277251,+1 (231) 627-7251,Utility-30MinDisconnect,1,1,0,no,pdf:pointofnoentry-identidadcease-desistletter.pdf,(v) https://portal.tracebacks.org/api/public/atta 16 C.F.R. 4/24/2023 4/21/2023 2316277251 Utility-30MinDisconnect chments/1285450 § 310.4(b)(1)(v) https://portal.traceba
+15613099144,+1 (561) 309-9144,Authorized-Order-P2,1,1,0,no,pdf:pointofnoentry-identidadcease-desistletter.pdf,(v) https://portal.tracebacks.org/api/public/atta 16 C.F.R. 4/21/2023 4/20/2023 5613099144 Authorized-Order-P2 chments/1283147 § 310.4(b)(1)(v) https://portal.tracebacks.
+16072221080,+1 (607) 222-1080,Amazon-AuthorizeOrder-P3,1,1,0,no,pdf:pointofnoentry-identidadcease-desistletter.pdf,(v) https://portal.tracebacks.org/api/public/atta 16 C.F.R. 4/13/2023 4/12/2023 6072221080 Amazon-AuthorizeOrder-P3 chments/1273438 § 310.4(b)(1)(v) https://portal.traceb
+15044966684,+1 (504) 496-6684,Financial-Impers-4,1,1,0,no,pdf:pointofnoentry-identidadcease-desistletter.pdf,)(v) https://portal.tracebacks.org/api/public/atta 16 C.F.R. 3/17/2023 3/9/2023 5044966684 Financial-Impers-4 chments/1255797 § 310.4(b)(1)(v) https://portal.tracebacks.o
+19892699472,+1 (989) 269-9472,Recent-Purchase,1,1,0,no,pdf:pointofnoentry-identidadcease-desistletter.pdf,)(v) https://portal.tracebacks.org/api/public/atta 16 C.F.R. 3/14/2023 3/9/2023 9892699472 Recent-Purchase chments/1254984 § 310.4(b)(1)(v) https://portal.tracebacks.org/
+14173224643,+1 (417) 322-4643,Recent-Purchase,1,1,0,no,pdf:pointofnoentry-identidadcease-desistletter.pdf,)(v) https://portal.tracebacks.org/api/public/atta 16 C.F.R. 3/14/2023 3/9/2023 4173224643 Recent-Purchase chments/1254978 § 310.4(b)(1)(v) https://portal.tracebacks.org/
+19736996899,+1 (973) 699-6899,Amazon-AuthorizeOrder-P3,1,1,0,no,pdf:pointofnoentry-identidadcease-desistletter.pdf,1)(v) https://portal.tracebacks.org/api/public/atta 16 C.F.R. 3/9/2023 3/7/2023 9736996899 Amazon-AuthorizeOrder-P3 chments/1252751 § 310.4(b)(1)(v) https://portal.traceb
+16026799435,+1 (602) 679-9435,Amazon-AuthorizeOrder-P3,1,1,0,no,pdf:pointofnoentry-identidadcease-desistletter.pdf,1)(v) https://portal.tracebacks.org/api/public/atta 16 C.F.R. 3/9/2023 3/7/2023 6026799435 Amazon-AuthorizeOrder-P3 chments/1252749 § 310.4(b)(1)(v) https://portal.traceb
+17148643165,+1 (714) 864-3165,Amazon-AuthorizeOrder-P3,1,1,0,no,pdf:pointofnoentry-identidadcease-desistletter.pdf,1)(v) https://portal.tracebacks.org/api/public/atta 16 C.F.R. 3/9/2023 3/7/2023 7148643165 Amazon-AuthorizeOrder-P3 chments/1252743 § 310.4(b)(1)(v) https://portal.traceb
+17148646461,+1 (714) 864-6461,Amazon-AuthorizeOrder-P3,1,1,0,no,pdf:pointofnoentry-identidadcease-desistletter.pdf,1)(v) https://portal.tracebacks.org/api/public/atta 16 C.F.R. 3/9/2023 3/7/2023 7148646461 Amazon-AuthorizeOrder-P3 chments/1252739 § 310.4(b)(1)(v) 16 C.F.R. 3/9/2023 2/
+16514890009,+1 (651) 489-0009,,1,1,0,no,pdf:pointofnoentry-identidadcease-desistletter.pdf,AuthorizeOrder-P3 chments/1252739 § 310.4(b)(1)(v) 16 C.F.R. 3/9/2023 2/28/2023 6514890009 Utility-Impers-P1 § 310.4(b)(1)(v) https://portal.tracebacks.org/api/public/att
+17142909953,+1 (714) 290-9953,Authorized-Order-P2,1,1,0,no,pdf:pointofnoentry-identidadcease-desistletter.pdf,1)(v) https://portal.tracebacks.org/api/public/atta 16 C.F.R. 3/7/2023 3/6/2023 7142909953 Authorized-Order-P2 chments/1251119 § 310.4(b)(1)(v) https://portal.tracebacks.
+13042372132,+1 (304) 237-2132,Authorized-Order-P2,1,1,0,no,pdf:pointofnoentry-identidadcease-desistletter.pdf,1)(v) https://portal.tracebacks.org/api/public/atta 16 C.F.R. 3/7/2023 3/6/2023 3042372132 Authorized-Order-P2 chments/1251113 § 310.4(b)(1)(v) https://portal.tracebacks.
+18603898757,+1 (860) 389-8757,Authorized-Order-P2,1,1,0,no,pdf:pointofnoentry-identidadcease-desistletter.pdf,1)(v) https://portal.tracebacks.org/api/public/atta 16 C.F.R. 3/7/2023 3/6/2023 8603898757 Authorized-Order-P2 chments/1251111 § 310.4(b)(1)(v) https://portal.tracebacks.
+19186932466,+1 (918) 693-2466,Authorized-Order-P2,1,1,0,no,pdf:pointofnoentry-identidadcease-desistletter.pdf,1)(v) https://portal.tracebacks.org/api/public/atta 16 C.F.R. 3/7/2023 3/6/2023 9186932466 Authorized-Order-P2 chments/1251109 § 310.4(b)(1)(v) https://portal.tracebacks.
+18005179160,+1 (800) 517-9160,Chinese-PackageDelivery-P3,1,1,0,no,pdf:pointofnoentry-identidadcease-desistletter.pdf,1)(v) https://portal.tracebacks.org/api/public/atta 16 C.F.R. 1/4/2023 1/3/2023 8005179160 Chinese-PackageDelivery-P3 chments/1195631 § 310.4(b)(1)(v) https://portal.trac
+18003382853,+1 (800) 338-2853,Chinese-PackageDelivery-P3,1,1,0,no,pdf:pointofnoentry-identidadcease-desistletter.pdf,1)(v) https://portal.tracebacks.org/api/public/atta 16 C.F.R. 1/4/2023 1/3/2023 8003382853 Chinese-PackageDelivery-P3 chments/1195623 § 310.4(b)(1)(v) https://portal.trac
+12143620867,+1 (214) 362-0867,Amazon-AuthorizeOrder,1,1,0,no,pdf:pointofnoentry-identidadcease-desistletter.pdf,(v) https://portal.tracebacks.org/api/public/atta 16 C.F.R. 12/2/2022 12/1/2022 2143620867 Amazon-AuthorizeOrder chments/1159017 § 310.4(b)(1)(v) https://portal.traceback
+12023246376,+1 (202) 324-6376,Chinese-PackageDelivery-P3,1,1,0,no,pdf:pointofnoentry-identidadcease-desistletter.pdf,) https://portal.tracebacks.org/api/public/atta 16 C.F.R. 11/28/2022 11/17/2022 2023246376 Chinese-PackageDelivery-P3 chments/1137680 § 310.4(b)(1)(v) 16 C.F.R. 11/25/202
+17872044706,+1 (787) 204-4706,,1,1,0,no,pdf:pointofnoentry-identidadcease-desistletter.pdf,kageDelivery-P3 chments/1137680 § 310.4(b)(1)(v) 16 C.F.R. 11/25/2022 11/3/2022 7872044706 Financial-Impers-4 § 310.4(b)(1)(v) https://portal.tracebacks.org/api/public/at
+18179296757,+1 (817) 929-6757,Amazon-SuspiciousCharge-P1,1,1,0,no,pdf:pointofnoentry-identidadcease-desistletter.pdf,) https://portal.tracebacks.org/api/public/atta 16 C.F.R. 11/14/2022 11/10/2022 8179296757 Amazon-SuspiciousCharge-P1 chments/1129547 § 310.4(b)(1)(v) https://portal.trac
+15055067656,+1 (505) 506-7656,Amazon-AuthorizeOrder,1,1,0,no,pdf:pointofnoentry-identidadcease-desistletter.pdf,(v) https://portal.tracebacks.org/api/public/atta 16 C.F.R. 9/12/2022 8/21/2022 5055067656 Amazon-AuthorizeOrder chments/1006849 § 310.4(b)(1)(v) https://portal.traceback
+14253011617,+1 (425) 301-1617,Amazon-AuthorizeOrder,1,1,0,no,pdf:pointofnoentry-identidadcease-desistletter.pdf,(v) https://portal.tracebacks.org/api/public/atta 16 C.F.R. 8/23/2022 8/21/2022 4253011617 Amazon-AuthorizeOrder chments/1006875 § 310.4(b)(1)(v) https://portal.traceback
+19192722261,+1 (919) 272-2261,Amazon-AuthorizeOrder,1,1,0,no,pdf:pointofnoentry-identidadcease-desistletter.pdf,(v) https://portal.tracebacks.org/api/public/atta 16 C.F.R. 8/23/2022 8/21/2022 9192722261 Amazon-AuthorizeOrder chments/1006858 § 310.4(b)(1)(v) https://portal.traceback
+12036716660,+1 (203) 671-6660,Amazon-AuthorizeOrder,1,1,0,no,pdf:pointofnoentry-identidadcease-desistletter.pdf,(v) https://portal.tracebacks.org/api/public/atta 16 C.F.R. 8/23/2022 8/21/2022 2036716660 Amazon-AuthorizeOrder chments/1006854 § 310.4(b)(1)(v)
+14328482085,+1 (432) 848-2085,Amazon-AuthorizeOrder,1,1,0,no,pdf:pointofnoentry-idttelecomceasedesistletterfinaljms.pdf,olation https://portal2.tracebacks.org/api/public 16 C.F.R. 7/18/2022 7/16/2022 4328482085 Amazon-AuthorizeOrder /attachments/959872 310.4(b)(1)(v) https://portal2.traceb
+17738970197,+1 (773) 897-0197,CCIRR-P1FinancialImpers,1,1,0,no,pdf:pointofnoentry-idttelecomceasedesistletterfinaljms.pdf,(b)(1)(v) https://portal2.tracebacks.org/api/public 16 C.F.R. 3/3/2021 3/2/2021 7738970197 CCIRR-P1FinancialImpers /attachments/63409 310.4(b)(1)(v) https://portal2.trace
+12035948313,+1 (203) 594-8313,CCIRR-P1FinancialImpers,1,1,0,no,pdf:pointofnoentry-idttelecomceasedesistletterfinaljms.pdf,(b)(1)(v) https://portal2.tracebacks.org/api/public 16 C.F.R. 3/2/2021 3/1/2021 2035948313 CCIRR-P1FinancialImpers /attachments/62991 310.4(b)(1)(v) https://portal2.trace
+16473454738,+1 (647) 345-4738,CCIRR-P1FinancialImpers,1,1,0,no,pdf:pointofnoentry-idttelecomceasedesistletterfinaljms.pdf,)(1)(v) https://portal2.tracebacks.org/api/public 16 C.F.R. 2/22/2021 2/17/2021 6473454738 CCIRR-P1FinancialImpers /attachments/58332 310.4(b)(1)(v) https://portal2.trace
+12892325177,+1 (289) 232-5177,CCIRR-P1FinancialImpers,1,1,0,no,pdf:pointofnoentry-idttelecomceasedesistletterfinaljms.pdf,(b)(1)(v) https://portal2.tracebacks.org/api/public 16 C.F.R. 2/9/2021 2/4/2021 2892325177 CCIRR-P1FinancialImpers /attachments/48761 310.4(b)(1)(v) https://portal2.trace
+12892326309,+1 (289) 232-6309,CCIRR-P1FinancialImpers,1,1,0,no,pdf:pointofnoentry-idttelecomceasedesistletterfinaljms.pdf,(b)(1)(v) https://portal2.tracebacks.org/api/public 16 C.F.R. 2/5/2021 2/4/2021 2892326309 CCIRR-P1FinancialImpers /attachments/53078 310.4(b)(1)(v) https://portal2.trace
+14696382449,+1 (469) 638-2449,SSA-P1-TexasFraud (GovtImpers),1,1,0,no,pdf:pointofnoentry-idttelecomceasedesistletterfinaljms.pdf,)(1)(v) https://portal2.tracebacks.org/api/public 16 C.F.R. 1/22/2021 1/22/2021 4696382449 SSA-P1-TexasFraud (GovtImpers) /attachments/28745 310.4(b)(1)(v) https://portal
+16154001240,+1 (615) 400-1240,StudentLoan-FederalSuspension,1,1,0,no,pdf:pointofnoentry-idttelecomceasedesistletterfinaljms.pdf,)(1)(v) https://portal2.tracebacks.org/api/public 16 C.F.R. 1/20/2021 1/18/2021 6154001240 StudentLoan-FederalSuspension /attachments/28561 310.4(b)(1)(v) https://portal2
+12037054858,+1 (203) 705-4858,TestCall-StaySafeStayHome,1,1,0,no,pdf:pointofnoentry-idttelecomceasedesistletterfinaljms.pdf,)(1)(v) https://portal2.tracebacks.org/api/public 16 C.F.R. 1/19/2021 1/19/2021 2037054858 TestCall-StaySafeStayHome /attachments/28429 310.4(b)(1)(v)
+18884073634,+1 (888) 407-3634,Discount-DirecTV50,1,1,0,no,pdf:pointofnoentry-inboundcdletter.pdf,olation https://portal.tracebacks.org/api/public/ 16 C.F.R. 5/25/2022 5/24/2022 8884073634 Discount-DirecTV50 attachments/872754 § 310.4(b)(1)(v) https://portal.traceback
+18882802844,+1 (888) 280-2844,Discount-DirecTV50,1,1,0,no,pdf:pointofnoentry-inboundcdletter.pdf,)(1)(v) https://portal.tracebacks.org/api/public/ 16 C.F.R. 5/25/2022 5/24/2022 8882802844 Discount-DirecTV50 attachments/872746 § 310.4(b)(1)(v) https://portal.traceback
+19788080014,+1 (978) 808-0014,Discount-DirecTV50,1,1,0,no,pdf:pointofnoentry-inboundcdletter.pdf,)(1)(v) https://portal.tracebacks.org/api/public/ 16 C.F.R. 5/25/2022 5/24/2022 9788080014 Discount-DirecTV50 attachments/872740 § 310.4(b)(1)(v) https://portal.traceback
+18003775167,+1 (800) 377-5167,Discount-DirecTV50,1,1,0,no,pdf:pointofnoentry-inboundcdletter.pdf,)(1)(v) https://portal.tracebacks.org/api/public/ 16 C.F.R. 5/25/2022 5/23/2022 8003775167 Discount-DirecTV50 attachments/872726 § 310.4(b)(1)(v) https://portal.traceback
+19153942545,+1 (915) 394-2545,Legal-Consequences,1,1,0,no,pdf:pointofnoentry-inboundcdletter.pdf,b)(1)(v) https://portal.tracebacks.org/api/public/ 16 C.F.R. 5/12/2022 5/5/2022 9153942545 Legal-Consequences attachments/836678 § 310.4(b)(1)(v) https://portal.traceback
+19134027416,+1 (913) 402-7416,Legal-Consequences,1,1,0,no,pdf:pointofnoentry-inboundcdletter.pdf,b)(1)(v) https://portal.tracebacks.org/api/public/ 16 C.F.R. 5/12/2022 5/5/2022 9134027416 Legal-Consequences attachments/836672 § 310.4(b)(1)(v) https://portal.traceback
+12037342358,+1 (203) 734-2358,Discount-DirectTV50-P3,1,1,0,no,pdf:pointofnoentry-inboundcdletter.pdf,)(1)(v) https://portal.tracebacks.org/api/public/ 16 C.F.R. 12/9/2021 12/6/2021 2037342358 Discount-DirectTV50-P3 attachments/587318 § 310.4(b)(1)(v)
+14195472113,+1 (419) 547-2113,Utility Rebate,1,1,0,no,pdf:pointofnoentry-inteliquentwarningletter.pdf,"n https://portal.tracebacks.org/api/public/ 16 C.F.R. Jan 26, 2022 Jan 25, 2022 4195472113 Utility Rebate attachments/649854 § 310.4(b)(1)(v) https://portal.tracebacks.or"
+15715377731,+1 (571) 537-7731,Utility Rebate,1,1,0,no,pdf:pointofnoentry-inteliquentwarningletter.pdf,") https://portal.tracebacks.org/api/public/ 16 C.F.R. Jan 26, 2022 Jan 24, 2022 5715377731 Utility Rebate attachments/649846 § 310.4(b)(1)(v) Social Security https://port"
+18327713957,+1 (832) 771-3957,Administration Imposter,1,1,0,no,pdf:pointofnoentry-inteliquentwarningletter.pdf,"y https://portal.tracebacks.org/api/public/ 16 C.F.R. Jan 12, 2022 Jan 11, 2022 8327713957 Administration Imposter attachments/632024 § 310.4(b)(1)(v) Social Security htt"
+15163167769,+1 (516) 316-7769,Administration Imposter,1,1,0,no,pdf:pointofnoentry-inteliquentwarningletter.pdf,"y https://portal.tracebacks.org/api/public/ 16 C.F.R. Jan 12, 2022 Jan 11, 2022 5163167769 Administration Imposter attachments/632022 § 310.4(b)(1)(v) Social Security htt"
+16072986492,+1 (607) 298-6492,Administration Imposter,1,1,0,no,pdf:pointofnoentry-inteliquentwarningletter.pdf,"y https://portal.tracebacks.org/api/public/ 16 C.F.R. Jan 10, 2022 Jan 06, 2022 6072986492 Administration Imposter attachments/628180 § 310.4(b)(1)(v) https://portal.trac"
+14754415352,+1 (475) 441-5352,Auto Warranty,1,1,0,no,pdf:pointofnoentry-inteliquentwarningletter.pdf,") https://portal.tracebacks.org/api/public/ 16 C.F.R. Dec 21, 2021 Dec 20, 2021 4754415352 Auto Warranty attachments/609713 § 310.4(b)(1)(v) https://portal.tracebacks.org"
+18335028864,+1 (833) 502-8864,AT&T/DirecTV Imposter,1,1,0,no,pdf:pointofnoentry-inteliquentwarningletter.pdf,") https://portal.tracebacks.org/api/public/ 16 C.F.R. Nov 10, 2021 Nov 08, 2021 8335028864 AT&T/DirecTV Imposter attachments/554989 § 310.4(b)(1)(v) https://portal.traceb"
+18553669742,+1 (855) 366-9742,AT&T/DirecTV Imposter,1,1,0,no,pdf:pointofnoentry-inteliquentwarningletter.pdf,") https://portal.tracebacks.org/api/public/ 16 C.F.R. Nov 10, 2021 Nov 09, 2021 8553669742 AT&T/DirecTV Imposter attachments/554982 § 310.4(b)(1)(v) https://portal.traceb"
+17659975968,+1 (765) 997-5968,Student Loan Repayment,1,1,0,no,pdf:pointofnoentry-inteliquentwarningletter.pdf,") https://portal.tracebacks.org/api/public/ 16 C.F.R. Nov 08, 2021 Nov 03, 2021 7659975968 Student Loan Repayment attachments/552249 § 310.4(b)(1)(v) Credit Card Interest"
+13179227256,+1 (317) 922-7256,Reduction,1,1,0,no,pdf:pointofnoentry-inteliquentwarningletter.pdf,"e https://portal.tracebacks.org/api/public/ 16 C.F.R. Jan 06, 2021 Jan 06, 2021 3179227256 Reduction attachments/27572 § 310.4(b)(1)(v) https://portal.tracebacks.org/api/"
+18668777195,+1 (866) 877-7195,AT&T/DirecTV Imposter,1,1,0,no,pdf:pointofnoentry-inteliquentwarningletter.pdf,") https://portal.tracebacks.org/api/public/ 16 C.F.R. Nov 03, 2021 Nov 02, 2021 8668777195 AT&T/DirecTV Imposter attachments/547611 § 310.4(b)(1)(v) https://portal.traceb"
+18443949412,+1 (844) 394-9412,AT&T/DirecTV Imposter,1,1,0,no,pdf:pointofnoentry-inteliquentwarningletter.pdf,") https://portal.tracebacks.org/api/public/ 16 C.F.R. Nov 03, 2021 Nov 02, 2021 8443949412 AT&T/DirecTV Imposter attachments/547607 § 310.4(b)(1)(v) https://portal.traceb"
+18775596231,+1 (877) 559-6231,AT&T/DirecTV Imposter,1,1,0,no,pdf:pointofnoentry-inteliquentwarningletter.pdf,") https://portal.tracebacks.org/api/public/ 16 C.F.R. Nov 03, 2021 Nov 02, 2021 8775596231 AT&T/DirecTV Imposter attachments/547597 § 310.4(b)(1)(v) https://portal.traceb"
+18557108904,+1 (855) 710-8904,AT&T/DirecTV Imposter,1,1,0,no,pdf:pointofnoentry-inteliquentwarningletter.pdf,") https://portal.tracebacks.org/api/public/ 16 C.F.R. Nov 03, 2021 Nov 02, 2021 8557108904 AT&T/DirecTV Imposter attachments/547592 § 310.4(b)(1)(v) https://portal.traceb"
+18886296871,+1 (888) 629-6871,AT&T/DirecTV Imposter,1,1,0,no,pdf:pointofnoentry-inteliquentwarningletter.pdf,") https://portal.tracebacks.org/api/public/ 16 C.F.R. Nov 03, 2021 Nov 02, 2021 8886296871 AT&T/DirecTV Imposter attachments/547586 § 310.4(b)(1)(v) Page 1 of 3 https://p"
+18003130879,+1 (800) 313-0879,AT&T/DirecTV Imposter,1,1,0,no,pdf:pointofnoentry-inteliquentwarningletter.pdf,"3 https://portal.tracebacks.org/api/public/ 16 C.F.R. Nov 03, 2021 Nov 02, 2021 8003130879 AT&T/DirecTV Imposter attachments/547582 § 310.4(b)(1)(v) https://portal.traceb"
+12077059941,+1 (207) 705-9941,Legal Notice,1,1,0,no,pdf:pointofnoentry-inteliquentwarningletter.pdf,") https://portal.tracebacks.org/api/public/ 16 C.F.R. Oct 27, 2021 Oct 26, 2021 2077059941 Legal Notice attachments/539392 § 310.4(b)(1)(v) Credit Card Interest Rate http"
+19046058353,+1 (904) 605-8353,Reduction,1,1,0,no,pdf:pointofnoentry-inteliquentwarningletter.pdf,"e https://portal.tracebacks.org/api/public/ 16 C.F.R. Oct 25, 2021 Oct 22, 2021 9046058353 Reduction attachments/535204 § 310.4(b)(1)(v) Credit Card Interest Rate https:/"
+14053856283,+1 (405) 385-6283,Reduction,1,1,0,no,pdf:pointofnoentry-inteliquentwarningletter.pdf,"e https://portal.tracebacks.org/api/public/ 16 C.F.R. Oct 07, 2021 Oct 05, 2021 4053856283 Reduction attachments/497278 § 310.4(b)(1)(v) https://portal.tracebacks.org/api"
+18776718636,+1 (877) 671-8636,AT&T/DirecTV Imposter,1,1,0,no,pdf:pointofnoentry-inteliquentwarningletter.pdf,") https://portal.tracebacks.org/api/public/ 16 C.F.R. Sep 22, 2021 Sep 21, 2021 8776718636 AT&T/DirecTV Imposter attachments/465596 § 310.4(b)(1)(v) https://portal.traceb"
+13092206530,+1 (309) 220-6530,Hilton Hotels Imposter,1,1,0,no,pdf:pointofnoentry-inteliquentwarningletter.pdf,") https://portal.tracebacks.org/api/public/ 16 C.F.R. Jul 12, 2021 Jul 09, 2021 3092206530 Hilton Hotels Imposter attachments/269242 § 310.4(b)(1)(v) Social Security http"
+12176282375,+1 (217) 628-2375,Administration Imposter,1,1,0,no,pdf:pointofnoentry-inteliquentwarningletter.pdf,"y https://portal.tracebacks.org/api/public/ 16 C.F.R. Jun 25, 2021 Jun 23, 2021 2176282375 Administration Imposter attachments/241125 § 310.4(b)(1)(v) https://portal.trac"
+14104546337,+1 (410) 454-6337,Utility Rate Reduction,1,1,0,no,pdf:pointofnoentry-inteliquentwarningletter.pdf,") https://portal.tracebacks.org/api/public/ 16 C.F.R. Jun 23, 2021 Jun 22, 2021 4104546337 Utility Rate Reduction attachments/240204 § 310.4(b)(1)(v) https://portal.trace"
+14104645217,+1 (410) 464-5217,Utility Rate Reduction,1,1,0,no,pdf:pointofnoentry-inteliquentwarningletter.pdf,") https://portal.tracebacks.org/api/public/ 16 C.F.R. Jun 23, 2021 Jun 22, 2021 4104645217 Utility Rate Reduction attachments/240203 § 310.4(b)(1)(v) https://portal.trace"
+14145674412,+1 (414) 567-4412,Auto Warranty,1,1,0,no,pdf:pointofnoentry-inteliquentwarningletter.pdf,") https://portal.tracebacks.org/api/public/ 16 C.F.R. Jun 04, 2021 Jun 03, 2021 4145674412 Auto Warranty attachments/179182 § 310.4(b)(1)(v) https://portal.tracebacks.org"
+19543148943,+1 (954) 314-8943,Auto Warranty,1,1,0,no,pdf:pointofnoentry-inteliquentwarningletter.pdf,") https://portal.tracebacks.org/api/public/ 16 C.F.R. Jun 04, 2021 Jun 03, 2021 9543148943 Auto Warranty attachments/179172 § 310.4(b)(1)(v) Social Security https://porta"
+15042758559,+1 (504) 275-8559,Administration Imposter,1,1,0,no,pdf:pointofnoentry-inteliquentwarningletter.pdf,"y https://portal.tracebacks.org/api/public/ 16 C.F.R. Jun 02, 2021 Jun 01, 2021 5042758559 Administration Imposter attachments/173847 § 310.4(b)(1)(v) https://portal.trac"
+18044745687,+1 (804) 474-5687,Travel,1,1,0,no,pdf:pointofnoentry-inteliquentwarningletter.pdf,") https://portal.tracebacks.org/api/public/ 16 C.F.R. Jun 01, 2021 May 31, 2021 8044745687 Travel attachments/170111 § 310.4(b)(1)(v) https://portal.tracebacks.org/api/pu"
+19202456657,+1 (920) 245-6657,Auto Warranty,1,1,0,no,pdf:pointofnoentry-inteliquentwarningletter.pdf,") https://portal.tracebacks.org/api/public/ 16 C.F.R. Apr 21, 2021 Apr 19, 2021 9202456657 Auto Warranty attachments/102407 § 310.4(b)(1)(v) https://portal.tracebacks.org"
+17323079036,+1 (732) 307-9036,Auto Warranty,1,1,0,no,pdf:pointofnoentry-inteliquentwarningletter.pdf,") https://portal.tracebacks.org/api/public/ 16 C.F.R. Mar 12, 2021 Mar 11, 2021 7323079036 Auto Warranty attachments/66142 § 310.4(b)(1)(v) Credit Card Interest Rate http"
+12058786059,+1 (205) 878-6059,Auto Warranty,1,1,0,no,pdf:pointofnoentry-inteliquentwarningletter.pdf,"3 https://portal.tracebacks.org/api/public/ 16 C.F.R. Mar 02, 2021 Mar 01, 2021 2058786059 Auto Warranty attachments/63047 § 310.4(b)(1)(v) Credit Card Interest Rate http"
+19708760558,+1 (970) 876-0558,Reduction,1,1,0,no,pdf:pointofnoentry-inteliquentwarningletter.pdf,"e https://portal.tracebacks.org/api/public/ 16 C.F.R. Jan 12, 2021 Jan 11, 2021 9708760558 Reduction attachments/27991 § 310.4(b)(1)(v) https://portal.tracebacks.org/api/"
+18137473132,+1 (813) 747-3132,Utility Disconnection,1,1,0,no,pdf:pointofnoentry-inteliquentwarningletter.pdf,") https://portal.tracebacks.org/api/public/ 16 C.F.R. Feb 22, 2021 Feb 21, 2021 8137473132 Utility Disconnection attachments/59615 § 310.4(b)(1)(v) https://portal.traceba"
+12672724534,+1 (267) 272-4534,Auto Warranty,1,1,0,no,pdf:pointofnoentry-inteliquentwarningletter.pdf,") https://portal.tracebacks.org/api/public/ 16 C.F.R. Feb 18, 2021 Feb 17, 2021 2672724534 Auto Warranty attachments/58339 § 310.4(b)(1)(v) https://portal.tracebacks.org/"
+12568615109,+1 (256) 861-5109,Auto Warranty,1,1,0,no,pdf:pointofnoentry-inteliquentwarningletter.pdf,") https://portal.tracebacks.org/api/public/ 16 C.F.R. Feb 18, 2021 Feb 17, 2021 2568615109 Auto Warranty attachments/58335 § 310.4(b)(1)(v) https://portal.tracebacks.org/"
+13056026945,+1 (305) 602-6945,Auto Warranty,1,1,0,no,pdf:pointofnoentry-inteliquentwarningletter.pdf,") https://portal.tracebacks.org/api/public/ 16 C.F.R. Jan 12, 2021 Jan 12, 2021 3056026945 Auto Warranty attachments/28010 § 310.4(b)(1)(v) https://portal.tracebacks.org/"
+16019086292,+1 (601) 908-6292,Auto Warranty,1,1,0,no,pdf:pointofnoentry-inteliquentwarningletter.pdf,") https://portal.tracebacks.org/api/public/ 16 C.F.R. Feb 17, 2021 Feb 16, 2021 6019086292 Auto Warranty attachments/57706 § 310.4(b)(1)(v) Credit Card Interest Rate http"
+12083285290,+1 (208) 328-5290,Reduction,1,1,0,no,pdf:pointofnoentry-inteliquentwarningletter.pdf,"e https://portal.tracebacks.org/api/public/ 16 C.F.R. Feb 11, 2021 Feb 10, 2021 2083285290 Reduction attachments/55573 § 310.4(b)(1)(v) https://portal.tracebacks.org/api/"
+14127907119,+1 (412) 790-7119,Auto Warranty,1,1,0,no,pdf:pointofnoentry-inteliquentwarningletter.pdf,") https://portal.tracebacks.org/api/public/ 16 C.F.R. Feb 10, 2021 Feb 09, 2021 4127907119 Auto Warranty attachments/55024 § 310.4(b)(1)(v) Credit Card Interest Rate http"
+16052255192,+1 (605) 225-5192,Reduction,1,1,0,no,pdf:pointofnoentry-inteliquentwarningletter.pdf,"e https://portal.tracebacks.org/api/public/ 16 C.F.R. Feb 09, 2021 Feb 08, 2021 6052255192 Reduction attachments/54484 § 310.4(b)(1)(v) https://portal.tracebacks.org/api/"
+16204409797,+1 (620) 440-9797,Stay Safe Stay Home,1,1,0,no,pdf:pointofnoentry-inteliquentwarningletter.pdf,") https://portal.tracebacks.org/api/public/ 16 C.F.R. Feb 04, 2021 Feb 03, 2021 6204409797 Stay Safe Stay Home attachments/42657 § 310.4(b)(1)(v) https://portal.traceback"
+17044139763,+1 (704) 413-9763,Auto Warranty,1,1,0,no,pdf:pointofnoentry-inteliquentwarningletter.pdf,") https://portal.tracebacks.org/api/public/ 16 C.F.R. Jan 28, 2021 Jan 28, 2021 7044139763 Auto Warranty attachments/29211 § 310.4(b)(1)(v) Social Security https://portal"
+13605581348,+1 (360) 558-1348,Administration Imposter,1,1,0,no,pdf:pointofnoentry-inteliquentwarningletter.pdf,"y https://portal.tracebacks.org/api/public/ 16 C.F.R. Jan 13, 2021 Jan 11, 2021 3605581348 Administration Imposter attachments/28089 § 310.4(b)(1)(v) Page 3 of 3"
+12022131353,+1 (202) 213-1353,Discount-DirecTV50,1,1,0,no,pdf:pointofnoentry-jumpsolinccdletter.pdf,iolation https://portal.tracebacks.org/api/public/ 16 C.F.R. 7/1/2022 6/30/2022 2022131353 Discount-DirecTV50 attachments/942998 § 310.4(b)(1)(v) https://portal.traceback
+18455468112,+1 (845) 546-8112,Discount-DirecTV50,1,1,0,no,pdf:pointofnoentry-jumpsolinccdletter.pdf,b)(1)(v) https://portal.tracebacks.org/api/public/ 16 C.F.R. 7/1/2022 6/30/2022 8455468112 Discount-DirecTV50 attachments/942979 § 310.4(b)(1)(v) https://portal.traceback
+18444677448,+1 (844) 467-7448,Discount-DirecTV50,1,1,0,no,pdf:pointofnoentry-jumpsolinccdletter.pdf,b)(1)(v) https://portal.tracebacks.org/api/public/ 16 C.F.R. 7/1/2022 6/30/2022 8444677448 Discount-DirecTV50 attachments/942974 § 310.4(b)(1)(v) https://portal.traceback
+18003719560,+1 (800) 371-9560,Discount-DirecTV50,1,1,0,no,pdf:pointofnoentry-jumpsolinccdletter.pdf,b)(1)(v) https://portal.tracebacks.org/api/public/ 16 C.F.R. 7/1/2022 6/30/2022 8003719560 Discount-DirecTV50 attachments/942972 § 310.4(b)(1)(v) https://portal.traceback
+13053088716,+1 (305) 308-8716,Discount-DirecTV50,1,1,0,no,pdf:pointofnoentry-jumpsolinccdletter.pdf,b)(1)(v) https://portal.tracebacks.org/api/public/ 16 C.F.R. 7/1/2022 6/30/2022 3053088716 Discount-DirecTV50 attachments/942970 § 310.4(b)(1)(v) https://portal.traceback
+15205602924,+1 (520) 560-2924,Discount-DirecTV50,1,1,0,no,pdf:pointofnoentry-jumpsolinccdletter.pdf,b)(1)(v) https://portal.tracebacks.org/api/public/ 16 C.F.R. 7/1/2022 6/30/2022 5205602924 Discount-DirecTV50 attachments/942968 § 310.4(b)(1)(v) https://portal.traceback
+18008327014,+1 (800) 832-7014,Discount-DirecTV50,1,1,0,no,pdf:pointofnoentry-jumpsolinccdletter.pdf,)(1)(v) https://portal.tracebacks.org/api/public/ 16 C.F.R. 6/27/2022 6/21/2022 8008327014 Discount-DirecTV50 attachments/926801 § 310.4(b)(1)(v) https://portal.traceback
+18628881813,+1 (862) 888-1813,Discount-DirecTV50,1,1,0,no,pdf:pointofnoentry-jumpsolinccdletter.pdf,)(1)(v) https://portal.tracebacks.org/api/public/ 16 C.F.R. 5/26/2022 5/24/2022 8628881813 Discount-DirecTV50 attachments/872739 § 310.4(b)(1)(v) https://portal.traceback
+12152759933,+1 (215) 275-9933,Discount-DirecTV50,1,1,0,no,pdf:pointofnoentry-jumpsolinccdletter.pdf,b)(1)(v) https://portal.tracebacks.org/api/public/ 16 C.F.R. 5/16/2022 5/9/2022 2152759933 Discount-DirecTV50 attachments/841743 § 310.4(b)(1)(v) https://portal.traceback
+18083684747,+1 (808) 368-4747,Discount-DirecTV50,1,1,0,no,pdf:pointofnoentry-jumpsolinccdletter.pdf,b)(1)(v) https://portal.tracebacks.org/api/public/ 16 C.F.R. 5/16/2022 5/9/2022 8083684747 Discount-DirecTV50 attachments/841736 § 310.4(b)(1)(v) https://portal.traceback
+18552545950,+1 (855) 254-5950,Discount-DirecTV50,1,1,0,no,pdf:pointofnoentry-jumpsolinccdletter.pdf,b)(1)(v) https://portal.tracebacks.org/api/public/ 16 C.F.R. 5/11/2022 5/9/2022 8552545950 Discount-DirecTV50 attachments/841755 § 310.4(b)(1)(v) https://portal.traceback
+17273203065,+1 (727) 320-3065,Discount-DirecTV50,1,1,0,no,pdf:pointofnoentry-jumpsolinccdletter.pdf,b)(1)(v) https://portal.tracebacks.org/api/public/ 16 C.F.R. 5/11/2022 5/9/2022 7273203065 Discount-DirecTV50 attachments/841754 § 310.4(b)(1)(v) https://portal.traceback
+18282010222,+1 (828) 201-0222,Discount-DirecTV50,1,1,0,no,pdf:pointofnoentry-jumpsolinccdletter.pdf,b)(1)(v) https://portal.tracebacks.org/api/public/ 16 C.F.R. 5/10/2022 5/9/2022 8282010222 Discount-DirecTV50 attachments/841758 § 310.4(b)(1)(v)
+18004213270,+1 (800) 421-3270,Discount-DirecTV50,1,1,0,no,pdf:pointofnoentry-matrixtelecomcdletter.pdf,olation https://portal.tracebacks.org/api/public/ 16 C.F.R. 7/19/2022 7/18/2022 8004213270 Discount-DirecTV50 attachments/961432 § 310.4(b)(1)(v) https://portal.traceback
+17059579284,+1 (705) 957-9284,Amazon-AuthorizeOrder,1,1,0,no,pdf:pointofnoentry-matrixtelecomcdletter.pdf,)(1)(v) https://portal.tracebacks.org/api/public/ 16 C.F.R. 6/17/2022 6/15/2022 7059579284 Amazon-AuthorizeOrder attachments/917070 § 310.4(b)(1)(v) https://portal.traceb
+17137204408,+1 (713) 720-4408,SSA-P1-TexasFraud (GovtImpers),1,1,0,no,pdf:pointofnoentry-matrixtelecomcdletter.pdf,(b)(1)(v) https://portal.tracebacks.org/api/public/ 16 C.F.R. 5/4/2022 5/2/2022 7137204408 SSA-P1-TexasFraud (GovtImpers) attachments/833937 § 310.4(b)(1)(v) https://port
+18607431064,+1 (860) 743-1064,LegalDept-Action-P1,1,1,0,no,pdf:pointofnoentry-matrixtelecomcdletter.pdf,(b)(1)(v) https://portal.tracebacks.org/api/public/ 16 C.F.R. 5/3/2022 5/2/2022 8607431064 LegalDept-Action-P1 attachments/832644 § 310.4(b)(1)(v) https://portal.tracebac
+18703506854,+1 (870) 350-6854,LegalDept-Action-P1,1,1,0,no,pdf:pointofnoentry-matrixtelecomcdletter.pdf,(b)(1)(v) https://portal.tracebacks.org/api/public/ 16 C.F.R. 5/3/2022 5/2/2022 8703506854 LegalDept-Action-P1 attachments/832638 § 310.4(b)(1)(v) https://portal.tracebac
+14104802099,+1 (410) 480-2099,LegalDept-Action-P1,1,1,0,no,pdf:pointofnoentry-matrixtelecomcdletter.pdf,)(1)(v) https://portal.tracebacks.org/api/public/ 16 C.F.R. 4/28/2022 4/26/2022 4104802099 LegalDept-Action-P1 attachments/826868 § 310.4(b)(1)(v) https://portal.tracebac
+18176625506,+1 (817) 662-5506,SSA-P1-TexasFraud (GovtImpers),1,1,0,no,pdf:pointofnoentry-matrixtelecomcdletter.pdf,)(1)(v) https://portal.tracebacks.org/api/public/ 16 C.F.R. 4/27/2022 4/25/2022 8176625506 SSA-P1-TexasFraud (GovtImpers) attachments/825247 § 310.4(b)(1)(v) https://port
+14703432270,+1 (470) 343-2270,SSA-Suspended,1,1,0,no,pdf:pointofnoentry-matrixtelecomcdletter.pdf,)(1)(v) https://portal.tracebacks.org/api/public/ 16 C.F.R. 4/14/2022 4/13/2022 4703432270 SSA-Suspended attachments/810049 § 310.4(b)(1)(v) https://portal.tracebacks.org
+14026391845,+1 (402) 639-1845,SSA-Suspended,1,1,0,no,pdf:pointofnoentry-matrixtelecomcdletter.pdf,)(1)(v) https://portal.tracebacks.org/api/public/ 16 C.F.R. 4/14/2022 4/13/2022 4026391845 SSA-Suspended attachments/810047 § 310.4(b)(1)(v) https://portal.tracebacks.org
+18457415478,+1 (845) 741-5478,Amazon-SuspiciousCharge-P1,1,1,0,no,pdf:pointofnoentry-matrixtelecomcdletter.pdf,)(1)(v) https://portal.tracebacks.org/api/public/ 16 C.F.R. 3/30/2022 3/29/2022 8457415478 Amazon-SuspiciousCharge-P1 attachments/788977 § 310.4(b)(1)(v) https://portal.t
+12392743123,+1 (239) 274-3123,SSA-Suspended,1,1,0,no,pdf:pointofnoentry-matrixtelecomcdletter.pdf,)(1)(v) https://portal.tracebacks.org/api/public/ 16 C.F.R. 3/29/2022 3/25/2022 2392743123 SSA-Suspended attachments/787210 § 310.4(b)(1)(v) https://portal.tracebacks.org
+15133245221,+1 (513) 324-5221,SSA-Suspended,1,1,0,no,pdf:pointofnoentry-matrixtelecomcdletter.pdf,)(1)(v) https://portal.tracebacks.org/api/public/ 16 C.F.R. 3/29/2022 3/28/2022 5133245221 SSA-Suspended attachments/787206 § 310.4(b)(1)(v) https://portal.tracebacks.org
+18086853429,+1 (808) 685-3429,SSA-Suspended,1,1,0,no,pdf:pointofnoentry-matrixtelecomcdletter.pdf,)(1)(v) https://portal.tracebacks.org/api/public/ 16 C.F.R. 3/29/2022 3/25/2022 8086853429 SSA-Suspended attachments/787202 § 310.4(b)(1)(v) https://portal.tracebacks.org
+19547346818,+1 (954) 734-6818,Amazon-AuthorizeOrder,1,1,0,no,pdf:pointofnoentry-matrixtelecomcdletter.pdf,)(1)(v) https://portal.tracebacks.org/api/public/ 16 C.F.R. 3/24/2022 3/23/2022 9547346818 Amazon-AuthorizeOrder attachments/779106 § 310.4(b)(1)(v) Page 1 of 4 https://p
+17203646484,+1 (720) 364-6484,Amazon-AuthorizeOrder,1,1,0,no,pdf:pointofnoentry-matrixtelecomcdletter.pdf,1 of 4 https://portal.tracebacks.org/api/public/ 16 C.F.R. 3/24/2022 3/23/2022 7203646484 Amazon-AuthorizeOrder attachments/779104 § 310.4(b)(1)(v) https://portal.traceb
+14197874173,+1 (419) 787-4173,Amazon-AuthorizeOrder,1,1,0,no,pdf:pointofnoentry-matrixtelecomcdletter.pdf,)(1)(v) https://portal.tracebacks.org/api/public/ 16 C.F.R. 3/24/2022 3/23/2022 4197874173 Amazon-AuthorizeOrder attachments/779088 § 310.4(b)(1)(v) https://portal.traceb
+13366720203,+1 (336) 672-0203,Amazon-AuthorizeOrder,1,1,0,no,pdf:pointofnoentry-matrixtelecomcdletter.pdf,(b)(1)(v) https://portal.tracebacks.org/api/public/ 16 C.F.R. 3/7/2022 3/6/2022 3366720203 Amazon-AuthorizeOrder attachments/735428 § 310.4(b)(1)(v) https://portal.traceb
+18089962844,+1 (808) 996-2844,SSA-P1-TexasFraud (GovtImpers),1,1,0,no,pdf:pointofnoentry-matrixtelecomcdletter.pdf,)(1)(v) https://portal.tracebacks.org/api/public/ 16 C.F.R. 2/24/2022 2/15/2022 8089962844 SSA-P1-TexasFraud (GovtImpers) attachments/701101 § 310.4(b)(1)(v) https://port
+19188132599,+1 (918) 813-2599,LegalDept-Action-P1,1,1,0,no,pdf:pointofnoentry-matrixtelecomcdletter.pdf,)(1)(v) https://portal.tracebacks.org/api/public/ 16 C.F.R. 2/18/2022 2/16/2022 9188132599 LegalDept-Action-P1 attachments/702997 § 310.4(b)(1)(v) https://portal.tracebac
+19088928164,+1 (908) 892-8164,Amazon-SuspiciousCharge,1,1,0,no,pdf:pointofnoentry-matrixtelecomcdletter.pdf,)(1)(v) https://portal.tracebacks.org/api/public/ 16 C.F.R. 2/17/2022 2/14/2022 9088928164 Amazon-SuspiciousCharge attachments/701181 § 310.4(b)(1)(v) https://portal.trac
+16026479410,+1 (602) 647-9410,Amazon-SuspiciousCharge,1,1,0,no,pdf:pointofnoentry-matrixtelecomcdletter.pdf,)(1)(v) https://portal.tracebacks.org/api/public/ 16 C.F.R. 2/17/2022 2/11/2022 6026479410 Amazon-SuspiciousCharge attachments/701172 § 310.4(b)(1)(v) https://portal.trac
+19728952449,+1 (972) 895-2449,SSA-P1-TexasFraud (GovtImpers),1,1,0,no,pdf:pointofnoentry-matrixtelecomcdletter.pdf,)(1)(v) https://portal.tracebacks.org/api/public/ 16 C.F.R. 2/17/2022 2/16/2022 9728952449 SSA-P1-TexasFraud (GovtImpers) attachments/701116 § 310.4(b)(1)(v) https://port
+19149006595,+1 (914) 900-6595,SSA-P1-TexasFraud (GovtImpers),1,1,0,no,pdf:pointofnoentry-matrixtelecomcdletter.pdf,)(1)(v) https://portal.tracebacks.org/api/public/ 16 C.F.R. 2/17/2022 2/16/2022 9149006595 SSA-P1-TexasFraud (GovtImpers) attachments/701115 § 310.4(b)(1)(v) https://port
+18552754145,+1 (855) 275-4145,Amazon-SuspiciousCharge-P1,1,1,0,no,pdf:pointofnoentry-matrixtelecomcdletter.pdf,)(1)(v) https://portal.tracebacks.org/api/public/ 16 C.F.R. 2/16/2022 2/14/2022 8552754145 Amazon-SuspiciousCharge-P1 attachments/698022 § 310.4(b)(1)(v) https://portal.t
+13107330806,+1 (310) 733-0806,SSA-KindlyPressOne,1,1,0,no,pdf:pointofnoentry-matrixtelecomcdletter.pdf,)(1)(v) https://portal.tracebacks.org/api/public/ 16 C.F.R. 2/16/2022 2/11/2022 3107330806 SSA-KindlyPressOne attachments/694449 § 310.4(b)(1)(v) https://portal.traceback
+16187568728,+1 (618) 756-8728,SSA-KindlyPressOne,1,1,0,no,pdf:pointofnoentry-matrixtelecomcdletter.pdf,)(1)(v) https://portal.tracebacks.org/api/public/ 16 C.F.R. 2/15/2022 2/14/2022 6187568728 SSA-KindlyPressOne attachments/694463 § 310.4(b)(1)(v) https://portal.traceback
+16187664367,+1 (618) 766-4367,SSA-KindlyPressOne,1,1,0,no,pdf:pointofnoentry-matrixtelecomcdletter.pdf,)(1)(v) https://portal.tracebacks.org/api/public/ 16 C.F.R. 2/15/2022 2/14/2022 6187664367 SSA-KindlyPressOne attachments/694459 § 310.4(b)(1)(v) https://portal.traceback
+13107580018,+1 (310) 758-0018,SSA-KindlyPressOne,1,1,0,no,pdf:pointofnoentry-matrixtelecomcdletter.pdf,)(1)(v) https://portal.tracebacks.org/api/public/ 16 C.F.R. 2/15/2022 2/11/2022 3107580018 SSA-KindlyPressOne attachments/694448 § 310.4(b)(1)(v) https://portal.traceback
+17154242957,+1 (715) 424-2957,LegalDept-Action-P1,1,1,0,no,pdf:pointofnoentry-matrixtelecomcdletter.pdf,(b)(1)(v) https://portal.tracebacks.org/api/public/ 16 C.F.R. 2/8/2022 2/7/2022 7154242957 LegalDept-Action-P1 attachments/675291 § 310.4(b)(1)(v) Page 2 of 4 https://por
+18022791281,+1 (802) 279-1281,Amazon-SuspiciousCharge-P1,1,1,0,no,pdf:pointofnoentry-matrixtelecomcdletter.pdf,2 of 4 https://portal.tracebacks.org/api/public/ 16 C.F.R. 1/31/2022 1/29/2022 8022791281 Amazon-SuspiciousCharge-P1 attachments/658455 § 310.4(b)(1)(v) https://portal.t
+12105912003,+1 (210) 591-2003,LegalDept-Action-P1,1,1,0,no,pdf:pointofnoentry-matrixtelecomcdletter.pdf,)(1)(v) https://portal.tracebacks.org/api/public/ 16 C.F.R. 1/28/2022 1/27/2022 2105912003 LegalDept-Action-P1 attachments/654679 § 310.4(b)(1)(v) https://portal.tracebac
+18022234122,+1 (802) 223-4122,LegalDept-Action-P1,1,1,0,no,pdf:pointofnoentry-matrixtelecomcdletter.pdf,)(1)(v) https://portal.tracebacks.org/api/public/ 16 C.F.R. 1/28/2022 1/27/2022 8022234122 LegalDept-Action-P1 attachments/654664 § 310.4(b)(1)(v) https://portal.tracebac
+18022991031,+1 (802) 299-1031,LegalDept-Action-P1,1,1,0,no,pdf:pointofnoentry-matrixtelecomcdletter.pdf,)(1)(v) https://portal.tracebacks.org/api/public/ 16 C.F.R. 1/28/2022 1/27/2022 8022991031 LegalDept-Action-P1 attachments/654662 § 310.4(b)(1)(v) https://portal.tracebac
+12702457093,+1 (270) 245-7093,Amazon-AuthorizeOrder,1,1,0,no,pdf:pointofnoentry-matrixtelecomcdletter.pdf,)(1)(v) https://portal.tracebacks.org/api/public/ 16 C.F.R. 1/27/2022 1/26/2022 2702457093 Amazon-AuthorizeOrder attachments/651829 § 310.4(b)(1)(v) https://portal.traceb
+12702453924,+1 (270) 245-3924,Amazon-AuthorizeOrder,1,1,0,no,pdf:pointofnoentry-matrixtelecomcdletter.pdf,)(1)(v) https://portal.tracebacks.org/api/public/ 16 C.F.R. 1/27/2022 1/26/2022 2702453924 Amazon-AuthorizeOrder attachments/651826 § 310.4(b)(1)(v) https://portal.traceb
+18643229532,+1 (864) 322-9532,SSA-KindlyPressOne,1,1,0,no,pdf:pointofnoentry-matrixtelecomcdletter.pdf,)(1)(v) https://portal.tracebacks.org/api/public/ 16 C.F.R. 1/21/2022 1/20/2022 8643229532 SSA-KindlyPressOne attachments/643822 § 310.4(b)(1)(v) https://portal.traceback
+16055538657,+1 (605) 553-8657,Amazon-SuspiciousCharge,1,1,0,no,pdf:pointofnoentry-matrixtelecomcdletter.pdf,)(1)(v) https://portal.tracebacks.org/api/public/ 16 C.F.R. 1/20/2022 1/18/2022 6055538657 Amazon-SuspiciousCharge attachments/642460 § 310.4(b)(1)(v) https://portal.trac
+19729662383,+1 (972) 966-2383,Amazon-AuthorizeOrder,1,1,0,no,pdf:pointofnoentry-matrixtelecomcdletter.pdf,)(1)(v) https://portal.tracebacks.org/api/public/ 16 C.F.R. 1/18/2022 1/17/2022 9729662383 Amazon-AuthorizeOrder attachments/638997 § 310.4(b)(1)(v) https://portal.traceb
+19315348127,+1 (931) 534-8127,SSA-Suspended,1,1,0,no,pdf:pointofnoentry-matrixtelecomcdletter.pdf,)(1)(v) https://portal.tracebacks.org/api/public/ 16 C.F.R. 1/18/2022 1/17/2022 9315348127 SSA-Suspended attachments/638878 § 310.4(b)(1)(v) https://portal.tracebacks.org
+19542901944,+1 (954) 290-1944,SSA-P1-TexasFraud (GovtImpers),1,1,0,no,pdf:pointofnoentry-matrixtelecomcdletter.pdf,(b)(1)(v) https://portal.tracebacks.org/api/public/ 16 C.F.R. 1/7/2022 1/6/2022 9542901944 SSA-P1-TexasFraud (GovtImpers) attachments/625971 § 310.4(b)(1)(v) https://port
+18023391426,+1 (802) 339-1426,SSA-P1-TexasFraud (GovtImpers),1,1,0,no,pdf:pointofnoentry-matrixtelecomcdletter.pdf,1)(v) https://portal.tracebacks.org/api/public/ 16 C.F.R. 11/16/2021 11/10/2021 8023391426 SSA-P1-TexasFraud (GovtImpers) attachments/560646 § 310.4(b)(1)(v) https://port
+15174203380,+1 (517) 420-3380,Legal-Enforcement-Notice,1,1,0,no,pdf:pointofnoentry-matrixtelecomcdletter.pdf,1)(v) https://portal.tracebacks.org/api/public/ 16 C.F.R. 10/14/2021 10/13/2021 5174203380 Legal-Enforcement-Notice attachments/516514 § 310.4(b)(1)(v) https://portal.tra
+14153857566,+1 (415) 385-7566,Utility-30MinDisconnect,1,1,0,no,pdf:pointofnoentry-matrixtelecomcdletter.pdf,)(1)(v) https://portal.tracebacks.org/api/public/ 16 C.F.R. 9/23/2021 9/22/2021 4153857566 Utility-30MinDisconnect attachments/468416 § 310.4(b)(1)(v) https://portal.trac
+12023904589,+1 (202) 390-4589,SSA-KindlyPressOne,1,1,0,no,pdf:pointofnoentry-matrixtelecomcdletter.pdf,)(1)(v) https://portal.tracebacks.org/api/public/ 16 C.F.R. 9/21/2021 9/20/2021 2023904589 SSA-KindlyPressOne attachments/463190 § 310.4(b)(1)(v) Page 3 of 4 https://port
+18177359573,+1 (817) 735-9573,CBP-GovtImpers,1,1,0,no,pdf:pointofnoentry-matrixtelecomcdletter.pdf,3 of 4 https://portal.tracebacks.org/api/public/ 16 C.F.R. 9/16/2021 9/14/2021 8177359573 CBP-GovtImpers attachments/453391 § 310.4(b)(1)(v) https://portal.tracebacks.or
+19292729625,+1 (929) 272-9625,SSA-Suspended,1,1,0,no,pdf:pointofnoentry-matrixtelecomcdletter.pdf,(b)(1)(v) https://portal.tracebacks.org/api/public/ 16 C.F.R. 4/5/2021 4/2/2021 9292729625 SSA-Suspended attachments/88357 § 310.4(b)(1)(v) SSA-P1-BenefitsCanceled https:
+12023971980,+1 (202) 397-1980,(GovtImpers),1,1,0,no,pdf:pointofnoentry-matrixtelecomcdletter.pdf,Canceled https://portal.tracebacks.org/api/public/ 16 C.F.R. 4/1/2021 3/31/2021 2023971980 (GovtImpers) attachments/84210 § 310.4(b)(1)(v) https://portal.tracebacks.org/a
+18556328879,+1 (855) 632-8879,Apple-iCloud-AccountBreached,1,1,0,no,pdf:pointofnoentry-matrixtelecomcdletter.pdf,(b)(1)(v) https://portal.tracebacks.org/api/public/ 16 C.F.R. 2/4/2021 2/2/2021 8556328879 Apple-iCloud-AccountBreached attachments/31932 § 310.4(b)(1)(v) Page 4 of 4
+17862461846,+1 (786) 246-1846,Amazon-AuthorizeOrder,1,1,0,no,pdf:pointofnoentry-oneeyecdletter.pdf,iolation https://portal.tracebacks.org/api/public 16 C.F.R. 7/18/2022 7/17/2022 7862461846 Amazon-AuthorizeOrder /attachments/959879 § 310.4(b)(1)(v) https://portal.trace
+18174204528,+1 (817) 420-4528,Amazon-AuthorizeOrder,1,1,0,no,pdf:pointofnoentry-oneeyecdletter.pdf,b)(1)(v) https://portal.tracebacks.org/api/public 16 C.F.R. 7/18/2022 7/17/2022 8174204528 Amazon-AuthorizeOrder /attachments/959875 § 310.4(b)(1)(v) https://portal.trace
+18436549533,+1 (843) 654-9533,Amazon-AuthorizeOrder-P3,1,1,0,no,pdf:pointofnoentry-oneeyecdletter.pdf,4(b)(1)(v) https://portal.tracebacks.org/api/public 16 C.F.R. 7/6/2022 7/1/2022 8436549533 Amazon-AuthorizeOrder-P3 /attachments/947231 § 310.4(b)(1)(v) https://portal.tr
+19107262747,+1 (910) 726-2747,Authorized-Order,1,1,0,no,pdf:pointofnoentry-oneeyecdletter.pdf,b)(1)(v) https://portal.tracebacks.org/api/public 16 C.F.R. 6/29/2022 6/27/2022 9107262747 Authorized-Order /attachments/936704 § 310.4(b)(1)(v) https://portal.tracebacks
+18438730361,+1 (843) 873-0361,Authorized-Order,1,1,0,no,pdf:pointofnoentry-oneeyecdletter.pdf,b)(1)(v) https://portal.tracebacks.org/api/public 16 C.F.R. 6/29/2022 6/27/2022 8438730361 Authorized-Order /attachments/936702 § 310.4(b)(1)(v) https://portal.tracebacks
+19195688952,+1 (919) 568-8952,Amazon-AuthorizeOrder,1,1,0,no,pdf:pointofnoentry-oneeyecdletter.pdf,b)(1)(v) https://portal.tracebacks.org/api/public 16 C.F.R. 6/27/2022 6/26/2022 9195688952 Amazon-AuthorizeOrder /attachments/933376 § 310.4(b)(1)(v) SSA-P1-TexasFraud ht
+12133812823,+1 (213) 381-2823,(GovtImpers),1,1,0,no,pdf:pointofnoentry-oneeyecdletter.pdf,xasFraud https://portal.tracebacks.org/api/public 16 C.F.R. 6/24/2022 6/16/2022 2133812823 (GovtImpers) /attachments/929951 § 310.4(b)(1)(v) https://portal.tracebacks.org
+17329974367,+1 (732) 997-4367,Authorized-Order,1,1,0,no,pdf:pointofnoentry-oneeyecdletter.pdf,b)(1)(v) https://portal.tracebacks.org/api/public 16 C.F.R. 6/23/2022 6/22/2022 7329974367 Authorized-Order /attachments/927215 § 310.4(b)(1)(v) https://portal.tracebacks
+16605823562,+1 (660) 582-3562,Authorized-Order,1,1,0,no,pdf:pointofnoentry-oneeyecdletter.pdf,b)(1)(v) https://portal.tracebacks.org/api/public 16 C.F.R. 6/23/2022 6/22/2022 6605823562 Authorized-Order /attachments/927213 § 310.4(b)(1)(v) https://portal.tracebacks
+12074875604,+1 (207) 487-5604,Authorized-Order,1,1,0,no,pdf:pointofnoentry-oneeyecdletter.pdf,b)(1)(v) https://portal.tracebacks.org/api/public 16 C.F.R. 6/23/2022 6/21/2022 2074875604 Authorized-Order /attachments/927211 § 310.4(b)(1)(v) https://portal.tracebacks
+12396429256,+1 (239) 642-9256,Legal-Consequences,1,1,0,no,pdf:pointofnoentry-oneeyecdletter.pdf,b)(1)(v) https://portal.tracebacks.org/api/public 16 C.F.R. 6/22/2022 6/21/2022 2396429256 Legal-Consequences /attachments/926755 § 310.4(b)(1)(v) https://portal.tracebac
+17575561774,+1 (757) 556-1774,Amazon-AuthorizeOrder,1,1,0,no,pdf:pointofnoentry-oneeyecdletter.pdf,b)(1)(v) https://portal.tracebacks.org/api/public 16 C.F.R. 6/17/2022 6/14/2022 7575561774 Amazon-AuthorizeOrder /attachments/917096 § 310.4(b)(1)(v) https://portal.trace
+13155248461,+1 (315) 524-8461,Amazon-AuthorizeOrder,1,1,0,no,pdf:pointofnoentry-oneeyecdletter.pdf,b)(1)(v) https://portal.tracebacks.org/api/public 16 C.F.R. 6/17/2022 6/15/2022 3155248461 Amazon-AuthorizeOrder /attachments/917076 § 310.4(b)(1)(v) https://portal.trace
+19407351527,+1 (940) 735-1527,Amazon-AuthorizeOrder,1,1,0,no,pdf:pointofnoentry-oneeyecdletter.pdf,b)(1)(v) https://portal.tracebacks.org/api/public 16 C.F.R. 6/16/2022 6/14/2022 9407351527 Amazon-AuthorizeOrder /attachments/917091 § 310.4(b)(1)(v) https://portal.trace
+12178240230,+1 (217) 824-0230,Authorized-Order,1,1,0,no,pdf:pointofnoentry-oneeyecdletter.pdf,b)(1)(v) https://portal.tracebacks.org/api/public 16 C.F.R. 5/20/2022 5/18/2022 2178240230 Authorized-Order /attachments/864704 § 310.4(b)(1)(v) Page 1 of 4 https://porta
+12178936363,+1 (217) 893-6363,Authorized-Order,1,1,0,no,pdf:pointofnoentry-oneeyecdletter.pdf,e 1 of 4 https://portal.tracebacks.org/api/public 16 C.F.R. 5/20/2022 5/18/2022 2178936363 Authorized-Order /attachments/864700 § 310.4(b)(1)(v) https://portal.tracebacks
+12154818770,+1 (215) 481-8770,Authorized-Order,1,1,0,no,pdf:pointofnoentry-oneeyecdletter.pdf,b)(1)(v) https://portal.tracebacks.org/api/public 16 C.F.R. 5/20/2022 5/17/2022 2154818770 Authorized-Order /attachments/864696 § 310.4(b)(1)(v) https://portal.tracebacks
+16092683121,+1 (609) 268-3121,Amazon-AuthorizeOrder-P3,1,1,0,no,pdf:pointofnoentry-oneeyecdletter.pdf,(b)(1)(v) https://portal.tracebacks.org/api/public 16 C.F.R. 5/16/2022 5/9/2022 6092683121 Amazon-AuthorizeOrder-P3 /attachments/848914 § 310.4(b)(1)(v) https://portal.tr
+12488510928,+1 (248) 851-0928,Amazon-AuthorizeOrder-P3,1,1,0,no,pdf:pointofnoentry-oneeyecdletter.pdf,(b)(1)(v) https://portal.tracebacks.org/api/public 16 C.F.R. 5/16/2022 5/9/2022 2488510928 Amazon-AuthorizeOrder-P3 /attachments/848900 § 310.4(b)(1)(v) https://portal.tr
+13096947221,+1 (309) 694-7221,Amazon-AuthorizeOrder,1,1,0,no,pdf:pointofnoentry-oneeyecdletter.pdf,b)(1)(v) https://portal.tracebacks.org/api/public 16 C.F.R. 4/26/2022 4/25/2022 3096947221 Amazon-AuthorizeOrder /attachments/823641 § 310.4(b)(1)(v) https://portal.trace
+14042895109,+1 (404) 289-5109,Amazon-AuthorizeOrder-P3,1,1,0,no,pdf:pointofnoentry-oneeyecdletter.pdf,b)(1)(v) https://portal.tracebacks.org/api/public 16 C.F.R. 4/22/2022 4/20/2022 4042895109 Amazon-AuthorizeOrder-P3 /attachments/819752 § 310.4(b)(1)(v) https://portal.tr
+13374392190,+1 (337) 439-2190,Amazon-AuthorizeOrder-P3,1,1,0,no,pdf:pointofnoentry-oneeyecdletter.pdf,b)(1)(v) https://portal.tracebacks.org/api/public 16 C.F.R. 4/22/2022 4/20/2022 3374392190 Amazon-AuthorizeOrder-P3 /attachments/819751 § 310.4(b)(1)(v) https://portal.tr
+19037811845,+1 (903) 781-1845,Amazon-AuthorizeOrder-P3,1,1,0,no,pdf:pointofnoentry-oneeyecdletter.pdf,b)(1)(v) https://portal.tracebacks.org/api/public 16 C.F.R. 4/22/2022 4/20/2022 9037811845 Amazon-AuthorizeOrder-P3 /attachments/819750 § 310.4(b)(1)(v) https://portal.tr
+13012080378,+1 (301) 208-0378,Amazon-AuthorizeOrder-P3,1,1,0,no,pdf:pointofnoentry-oneeyecdletter.pdf,(b)(1)(v) https://portal.tracebacks.org/api/public 16 C.F.R. 4/4/2022 3/29/2022 3012080378 Amazon-AuthorizeOrder-P3 /attachments/792353 § 310.4(b)(1)(v) https://portal.tr
+12073648869,+1 (207) 364-8869,Amazon-AuthorizeOrder-P3,1,1,0,no,pdf:pointofnoentry-oneeyecdletter.pdf,(b)(1)(v) https://portal.tracebacks.org/api/public 16 C.F.R. 4/1/2022 3/30/2022 2073648869 Amazon-AuthorizeOrder-P3 /attachments/792366 § 310.4(b)(1)(v) https://portal.tr
+17272643135,+1 (727) 264-3135,Amazon-AuthorizeOrder-P3,1,1,0,no,pdf:pointofnoentry-oneeyecdletter.pdf,4(b)(1)(v) https://portal.tracebacks.org/api/public 16 C.F.R. 3/8/2022 3/4/2022 7272643135 Amazon-AuthorizeOrder-P3 /attachments/739597 § 310.4(b)(1)(v) https://portal.tr
+16154134637,+1 (615) 413-4637,Amazon-AuthorizeOrder-P3,1,1,0,no,pdf:pointofnoentry-oneeyecdletter.pdf,4(b)(1)(v) https://portal.tracebacks.org/api/public 16 C.F.R. 3/8/2022 3/4/2022 6154134637 Amazon-AuthorizeOrder-P3 /attachments/739593 § 310.4(b)(1)(v) https://portal.tr
+14234810426,+1 (423) 481-0426,Amazon-AuthorizeOrder-P3,1,1,0,no,pdf:pointofnoentry-oneeyecdletter.pdf,4(b)(1)(v) https://portal.tracebacks.org/api/public 16 C.F.R. 3/8/2022 3/4/2022 4234810426 Amazon-AuthorizeOrder-P3 /attachments/739591 § 310.4(b)(1)(v) https://portal.tr
+13322305965,+1 (332) 230-5965,Amazon-AuthorizeOrder,1,1,0,no,pdf:pointofnoentry-oneeyecdletter.pdf,b)(1)(v) https://portal.tracebacks.org/api/public 16 C.F.R. 2/22/2022 2/18/2022 3322305965 Amazon-AuthorizeOrder /attachments/707388 § 310.4(b)(1)(v) https://portal.trace
+12097572290,+1 (209) 757-2290,Amazon-UnathorizedCharge,1,1,0,no,pdf:pointofnoentry-oneeyecdletter.pdf,4(b)(1)(v) https://portal.tracebacks.org/api/public 16 C.F.R. 2/4/2022 2/1/2022 2097572290 Amazon-UnathorizedCharge /attachments/668392 § 310.4(b)(1)(v) https://portal.tr
+12232999169,+1 (223) 299-9169,Amazon-UnathorizedCharge,1,1,0,no,pdf:pointofnoentry-oneeyecdletter.pdf,4(b)(1)(v) https://portal.tracebacks.org/api/public 16 C.F.R. 2/4/2022 2/1/2022 2232999169 Amazon-UnathorizedCharge /attachments/668391 § 310.4(b)(1)(v) Page 2 of 4 https
+19088444198,+1 (908) 844-4198,Amazon-UnathorizedCharge,1,1,0,no,pdf:pointofnoentry-oneeyecdletter.pdf,age 2 of 4 https://portal.tracebacks.org/api/public 16 C.F.R. 2/4/2022 2/1/2022 9088444198 Amazon-UnathorizedCharge /attachments/668386 § 310.4(b)(1)(v) https://portal.tr
+14062158143,+1 (406) 215-8143,Amazon-UnathorizedCharge,1,1,0,no,pdf:pointofnoentry-oneeyecdletter.pdf,4(b)(1)(v) https://portal.tracebacks.org/api/public 16 C.F.R. 2/4/2022 2/1/2022 4062158143 Amazon-UnathorizedCharge /attachments/668384 § 310.4(b)(1)(v) https://portal.tr
+12172831341,+1 (217) 283-1341,Amazon-UnathorizedCharge,1,1,0,no,pdf:pointofnoentry-oneeyecdletter.pdf,4(b)(1)(v) https://portal.tracebacks.org/api/public 16 C.F.R. 2/4/2022 2/1/2022 2172831341 Amazon-UnathorizedCharge /attachments/668383 § 310.4(b)(1)(v) https://portal.tr
+12232999147,+1 (223) 299-9147,Amazon-UnathorizedCharge,1,1,0,no,pdf:pointofnoentry-oneeyecdletter.pdf,4(b)(1)(v) https://portal.tracebacks.org/api/public 16 C.F.R. 2/4/2022 2/1/2022 2232999147 Amazon-UnathorizedCharge /attachments/668378 § 310.4(b)(1)(v) https://portal.tr
+17197155182,+1 (719) 715-5182,Amazon-UnathorizedCharge,1,1,0,no,pdf:pointofnoentry-oneeyecdletter.pdf,4(b)(1)(v) https://portal.tracebacks.org/api/public 16 C.F.R. 2/4/2022 2/1/2022 7197155182 Amazon-UnathorizedCharge /attachments/668377 § 310.4(b)(1)(v) https://portal.tr
+12626378597,+1 (262) 637-8597,Amazon-UnathorizedCharge,1,1,0,no,pdf:pointofnoentry-oneeyecdletter.pdf,4(b)(1)(v) https://portal.tracebacks.org/api/public 16 C.F.R. 2/4/2022 2/1/2022 2626378597 Amazon-UnathorizedCharge /attachments/668376 § 310.4(b)(1)(v) https://portal.tr
+12626971387,+1 (262) 697-1387,Amazon-UnathorizedCharge,1,1,0,no,pdf:pointofnoentry-oneeyecdletter.pdf,(b)(1)(v) https://portal.tracebacks.org/api/public 16 C.F.R. 2/4/2022 1/31/2022 2626971387 Amazon-UnathorizedCharge /attachments/668375 § 310.4(b)(1)(v) https://portal.tr
+12764450519,+1 (276) 445-0519,Amazon-SuspiciousCharge,1,1,0,no,pdf:pointofnoentry-oneeyecdletter.pdf,(b)(1)(v) https://portal.tracebacks.org/api/public 16 C.F.R. 2/2/2022 1/29/2022 2764450519 Amazon-SuspiciousCharge /attachments/660873 § 310.4(b)(1)(v) https://portal.tra
+12678330484,+1 (267) 833-0484,Amazon-SuspiciousCharge,1,1,0,no,pdf:pointofnoentry-oneeyecdletter.pdf,(b)(1)(v) https://portal.tracebacks.org/api/public 16 C.F.R. 2/1/2022 1/29/2022 2678330484 Amazon-SuspiciousCharge /attachments/660875 § 310.4(b)(1)(v) https://portal.tra
+13093063307,+1 (309) 306-3307,Amazon-SuspiciousCharge-P1,1,1,0,no,pdf:pointofnoentry-oneeyecdletter.pdf,b)(1)(v) https://portal.tracebacks.org/api/public 16 C.F.R. 1/31/2022 1/29/2022 3093063307 Amazon-SuspiciousCharge-P1 /attachments/658486 § 310.4(b)(1)(v) https://portal.
+14698131592,+1 (469) 813-1592,Amazon-SuspiciousCharge-P1,1,1,0,no,pdf:pointofnoentry-oneeyecdletter.pdf,b)(1)(v) https://portal.tracebacks.org/api/public 16 C.F.R. 1/31/2022 1/29/2022 4698131592 Amazon-SuspiciousCharge-P1 /attachments/658474 § 310.4(b)(1)(v) https://portal.
+13312404139,+1 (331) 240-4139,Amazon-SuspiciousCharge-P1,1,1,0,no,pdf:pointofnoentry-oneeyecdletter.pdf,b)(1)(v) https://portal.tracebacks.org/api/public 16 C.F.R. 1/31/2022 1/29/2022 3312404139 Amazon-SuspiciousCharge-P1 /attachments/658461 § 310.4(b)(1)(v) https://portal.
+14435085738,+1 (443) 508-5738,Amazon-SuspiciousCharge-P1,1,1,0,no,pdf:pointofnoentry-oneeyecdletter.pdf,b)(1)(v) https://portal.tracebacks.org/api/public 16 C.F.R. 1/31/2022 1/29/2022 4435085738 Amazon-SuspiciousCharge-P1 /attachments/658456 § 310.4(b)(1)(v) https://portal.
+14707809083,+1 (470) 780-9083,Amazon-AuthorizeOrder,1,1,0,no,pdf:pointofnoentry-oneeyecdletter.pdf,b)(1)(v) https://portal.tracebacks.org/api/public 16 C.F.R. 1/27/2022 1/26/2022 4707809083 Amazon-AuthorizeOrder /attachments/651838 § 310.4(b)(1)(v) https://portal.trace
+13866039964,+1 (386) 603-9964,Amazon-AuthorizeOrder,1,1,0,no,pdf:pointofnoentry-oneeyecdletter.pdf,b)(1)(v) https://portal.tracebacks.org/api/public 16 C.F.R. 1/27/2022 1/25/2022 3866039964 Amazon-AuthorizeOrder /attachments/651816 § 310.4(b)(1)(v) https://portal.trace
+13312489933,+1 (331) 248-9933,Amazon-SuspiciousCharge-P1,1,1,0,no,pdf:pointofnoentry-oneeyecdletter.pdf,b)(1)(v) https://portal.tracebacks.org/api/public 16 C.F.R. 1/14/2022 1/13/2022 3312489933 Amazon-SuspiciousCharge-P1 /attachments/635470 § 310.4(b)(1)(v) Page 3 of 4 htt
+13219889568,+1 (321) 988-9568,Amazon-AuthorizeOrder,1,1,0,no,pdf:pointofnoentry-oneeyecdletter.pdf,ge 3 of 4 https://portal.tracebacks.org/api/public 16 C.F.R. 1/10/2022 1/4/2022 3219889568 Amazon-AuthorizeOrder /attachments/624207 § 310.4(b)(1)(v) https://portal.trace
+14702967990,+1 (470) 296-7990,Amazon-SuspiciousCharge-P1,1,1,0,no,pdf:pointofnoentry-oneeyecdletter.pdf,)(1)(v) https://portal.tracebacks.org/api/public 16 C.F.R. 12/13/2021 12/9/2021 4702967990 Amazon-SuspiciousCharge-P1 /attachments/591033 § 310.4(b)(1)(v) https://portal.
+12402190989,+1 (240) 219-0989,Amazon-AuthorizeOrder,1,1,0,no,pdf:pointofnoentry-oneeyecdletter.pdf,(1)(v) https://portal.tracebacks.org/api/public 16 C.F.R. 11/19/2021 11/16/2021 2402190989 Amazon-AuthorizeOrder /attachments/565733 § 310.4(b)(1)(v) Page 4 of 4
+17652948817,+1 (765) 294-8817,Financial-Impers-6,1,1,0,no,pdf:pointofnoentry-peerlessceasedesistletterfinaljms.pdf,olation https://portal2.tracebacks.org/api/public/ 16 C.F.R. 2/1/2023 1/18/2023 7652948817 Financial-Impers-6 attachments/1222041 310.4(b)(1)(v) https://portal2.traceback
+17045313350,+1 (704) 531-3350,Financial-Impers-6,1,1,0,no,pdf:pointofnoentry-peerlessceasedesistletterfinaljms.pdf,(1)(v) https://portal2.tracebacks.org/api/public/ 16 C.F.R. 1/31/2023 1/31/2023 7045313350 Financial-Impers-6 attachments/1222036 310.4(b)(1)(v) https://portal2.traceback
+12522248455,+1 (252) 224-8455,Medicare-Advisor,1,1,0,no,pdf:pointofnoentry-peerlessceasedesistletterfinaljms.pdf,b)(1)(v) https://portal2.tracebacks.org/api/public/ 16 C.F.R. 1/5/2023 1/3/2023 2522248455 Medicare-Advisor attachments/1195733 310.4(b)(1)(v) https://portal2.tracebacks.
+18582074263,+1 (858) 207-4263,Authorized-Order,1,1,0,no,pdf:pointofnoentry-peerlessceasedesistletterfinaljms.pdf,(1)(v) https://portal2.tracebacks.org/api/public/ 16 C.F.R. 11/4/2022 11/2/2022 8582074263 Authorized-Order attachments/1116690 310.4(b)(1)(v) https://portal2.tracebacks.
+19168469902,+1 (916) 846-9902,Authorized-Order,1,1,0,no,pdf:pointofnoentry-peerlessceasedesistletterfinaljms.pdf,)(v) https://portal2.tracebacks.org/api/public/ 16 C.F.R. 10/26/2022 10/21/2022 9168469902 Authorized-Order attachments/1098320 310.4(b)(1)(v) https://portal2.tracebacks.
+18187368831,+1 (818) 736-8831,Authorized-Order,1,1,0,no,pdf:pointofnoentry-peerlessceasedesistletterfinaljms.pdf,)(v) https://portal2.tracebacks.org/api/public/ 16 C.F.R. 10/26/2022 10/20/2022 8187368831 Authorized-Order attachments/1098322 310.4(b)(1)(v) https://portal2.tracebacks.
+19176282443,+1 (917) 628-2443,AutoWarranty-ExtendOrReinst,1,1,0,no,pdf:pointofnoentry-peerlessceasedesistletterfinaljms.pdf,b)(1)(v) https://portal2.tracebacks.org/api/public/ 16 C.F.R. 7/8/2022 7/7/2022 9176282443 AutoWarranty-ExtendOrReinst attachments/949069 310.4(b)(1)(v) https://portal2.t
+17066004470,+1 (706) 600-4470,StudentLoan-HardshipProgram,1,1,0,no,pdf:pointofnoentry-peerlessceasedesistletterfinaljms.pdf,)(v) https://portal2.tracebacks.org/api/public/ 16 C.F.R. 11/23/2021 11/18/2021 7066004470 StudentLoan-HardshipProgram attachments/568938 310.4(b)(1)(v) https://portal2.t
+12768704323,+1 (276) 870-4323,Legal-Enforcement-Notice,1,1,0,no,pdf:pointofnoentry-peerlessceasedesistletterfinaljms.pdf,1)(v) https://portal2.tracebacks.org/api/public/ 16 C.F.R. 11/1/2021 10/28/2021 2768704323 Legal-Enforcement-Notice attachments/544698 310.4(b)(1)(v) https://portal2.trac
+13616081038,+1 (361) 608-1038,Legal-Enforcement-Notice,1,1,0,no,pdf:pointofnoentry-peerlessceasedesistletterfinaljms.pdf,1)(v) https://portal2.tracebacks.org/api/public/ 16 C.F.R. 11/1/2021 10/29/2021 3616081038 Legal-Enforcement-Notice attachments/544712 310.4(b)(1)(v) https://portal2.trac
+19183440660,+1 (918) 344-0660,Legal-Enforcement-Notice,1,1,0,no,pdf:pointofnoentry-peerlessceasedesistletterfinaljms.pdf,1)(v) https://portal2.tracebacks.org/api/public/ 16 C.F.R. 11/1/2021 10/29/2021 9183440660 Legal-Enforcement-Notice attachments/544714 310.4(b)(1)(v) https://portal2.trac
+15703969654,+1 (570) 396-9654,Legal-Enforcement-Notice,1,1,0,no,pdf:pointofnoentry-peerlessceasedesistletterfinaljms.pdf,1)(v) https://portal2.tracebacks.org/api/public/ 16 C.F.R. 11/1/2021 10/29/2021 5703969654 Legal-Enforcement-Notice attachments/544717 310.4(b)(1)(v) https://portal2.trac
+17722051139,+1 (772) 205-1139,Legal-Enforcement-Notice,1,1,0,no,pdf:pointofnoentry-peerlessceasedesistletterfinaljms.pdf,1)(v) https://portal2.tracebacks.org/api/public/ 16 C.F.R. 11/1/2021 10/29/2021 7722051139 Legal-Enforcement-Notice attachments/544724 310.4(b)(1)(v) https://portal2.trac
+15413102442,+1 (541) 310-2442,Legal-Enforcement-Notice,1,1,0,no,pdf:pointofnoentry-peerlessceasedesistletterfinaljms.pdf,1)(v) https://portal2.tracebacks.org/api/public/ 16 C.F.R. 11/1/2021 10/29/2021 5413102442 Legal-Enforcement-Notice attachments/544726 310.4(b)(1)(v) https://portal2.trac
+16017613447,+1 (601) 761-3447,Legal-Enforcement-Notice,1,1,0,no,pdf:pointofnoentry-peerlessceasedesistletterfinaljms.pdf,)(v) https://portal2.tracebacks.org/api/public/ 16 C.F.R. 10/20/2021 10/19/2021 6017613447 Legal-Enforcement-Notice attachments/527760 310.4(b)(1)(v) https://portal2.trac
+12603163544,+1 (260) 316-3544,Legal-Enforcement-Notice,1,1,0,no,pdf:pointofnoentry-peerlessceasedesistletterfinaljms.pdf,)(v) https://portal2.tracebacks.org/api/public/ 16 C.F.R. 10/20/2021 10/19/2021 2603163544 Legal-Enforcement-Notice attachments/527763 310.4(b)(1)(v) https://portal2.trac
+18454920549,+1 (845) 492-0549,Legal-Enforcement-Notice,1,1,0,no,pdf:pointofnoentry-peerlessceasedesistletterfinaljms.pdf,)(v) https://portal2.tracebacks.org/api/public/ 16 C.F.R. 10/20/2021 10/19/2021 8454920549 Legal-Enforcement-Notice attachments/527765 310.4(b)(1)(v) https://portal2.trac
+15189298834,+1 (518) 929-8834,Legal-Enforcement-Notice,1,1,0,no,pdf:pointofnoentry-peerlessceasedesistletterfinaljms.pdf,)(v) https://portal2.tracebacks.org/api/public/ 16 C.F.R. 10/20/2021 10/19/2021 5189298834 Legal-Enforcement-Notice attachments/527767 310.4(b)(1)(v) https://portal2.trac
+12707440791,+1 (270) 744-0791,Amazon-AuthorizeOrder,1,1,0,no,pdf:pointofnoentry-peerlessceasedesistletterfinaljms.pdf,)(v) https://portal2.tracebacks.org/api/public/ 16 C.F.R. 10/20/2021 10/19/2021 2707440791 Amazon-AuthorizeOrder attachments/527865 310.4(b)(1)(v) https://portal2.traceba
+19092311658,+1 (909) 231-1658,Legal-Enforcement-Notice,1,1,0,no,pdf:pointofnoentry-peerlessceasedesistletterfinaljms.pdf,)(v) https://portal2.tracebacks.org/api/public/ 16 C.F.R. 10/14/2021 10/13/2021 9092311658 Legal-Enforcement-Notice attachments/516508 310.4(b)(1)(v) https://portal2.trac
+16622550990,+1 (662) 255-0990,Legal-Enforcement-Notice,1,1,0,no,pdf:pointofnoentry-peerlessceasedesistletterfinaljms.pdf,)(v) https://portal2.tracebacks.org/api/public/ 16 C.F.R. 10/14/2021 10/13/2021 6622550990 Legal-Enforcement-Notice attachments/516512 310.4(b)(1)(v) https://portal2.trac
+19729525851,+1 (972) 952-5851,CBP-GovtImpers,1,1,0,no,pdf:pointofnoentry-peerlessceasedesistletterfinaljms.pdf,(1)(v) https://portal2.tracebacks.org/api/public/ 16 C.F.R. 9/16/2021 9/15/2021 9729525851 CBP-GovtImpers attachments/453395 310.4(b)(1)(v) https://portal2.tracebacks.org
+17865589145,+1 (786) 558-9145,Legal-Enforcement-Notice,1,1,0,no,pdf:pointofnoentry-peerlessceasedesistletterfinaljms.pdf,b)(1)(v) https://portal2.tracebacks.org/api/public/ 16 C.F.R. 9/7/2021 9/3/2021 7865589145 Legal-Enforcement-Notice attachments/431149 310.4(b)(1)(v) https://portal2.trac
+19285296342,+1 (928) 529-6342,CCIRR-VisaAlert,1,1,0,no,pdf:pointofnoentry-peerlessceasedesistletterfinaljms.pdf,(1)(v) https://portal2.tracebacks.org/api/public/ 16 C.F.R. 8/27/2021 8/26/2021 9285296342 CCIRR-VisaAlert attachments/397023 310.4(b)(1)(v) https://portal2.tracebacks.or
+18508861036,+1 (850) 886-1036,DebtRelief-ZeroTax,1,1,0,no,pdf:pointofnoentry-peerlessceasedesistletterfinaljms.pdf,(1)(v) https://portal2.tracebacks.org/api/public/ 16 C.F.R. 8/24/2021 8/19/2021 8508861036 DebtRelief-ZeroTax attachments/383765 310.4(b)(1)(v) https://portal2.tracebacks
+14754719588,+1 (475) 471-9588,DebtRelief-ZeroTax,1,1,0,no,pdf:pointofnoentry-peerlessceasedesistletterfinaljms.pdf,(1)(v) https://portal2.tracebacks.org/api/public/ 16 C.F.R. 8/24/2021 8/19/2021 4754719588 DebtRelief-ZeroTax attachments/383768 310.4(b)(1)(v) https://portal2.tracebacks
+12709713277,+1 (270) 971-3277,DebtRelief-ZeroTax,1,1,0,no,pdf:pointofnoentry-peerlessceasedesistletterfinaljms.pdf,(1)(v) https://portal2.tracebacks.org/api/public/ 16 C.F.R. 8/24/2021 8/18/2021 2709713277 DebtRelief-ZeroTax attachments/383771 310.4(b)(1)(v) https://portal2.tracebacks
+13189033299,+1 (318) 903-3299,DebtRelief-ZeroTax,1,1,0,no,pdf:pointofnoentry-peerlessceasedesistletterfinaljms.pdf,(1)(v) https://portal2.tracebacks.org/api/public/ 16 C.F.R. 8/24/2021 8/17/2021 3189033299 DebtRelief-ZeroTax attachments/383774 310.4(b)(1)(v) https://portal2.tracebacks
+12293588543,+1 (229) 358-8543,DebtRelief-ZeroTax,1,1,0,no,pdf:pointofnoentry-peerlessceasedesistletterfinaljms.pdf,(1)(v) https://portal2.tracebacks.org/api/public/ 16 C.F.R. 8/24/2021 8/17/2021 2293588543 DebtRelief-ZeroTax attachments/383777 310.4(b)(1)(v) https://portal2.tracebacks
+14632323112,+1 (463) 232-3112,DebtRelief-ZeroTax,1,1,0,no,pdf:pointofnoentry-peerlessceasedesistletterfinaljms.pdf,(1)(v) https://portal2.tracebacks.org/api/public/ 16 C.F.R. 8/24/2021 8/17/2021 4632323112 DebtRelief-ZeroTax attachments/383781 310.4(b)(1)(v) https://portal2.tracebacks
+12293588540,+1 (229) 358-8540,StudentLoan-USCenterDebtRelief,1,1,0,no,pdf:pointofnoentry-peerlessceasedesistletterfinaljms.pdf,(1)(v) https://portal2.tracebacks.org/api/public/ 16 C.F.R. 8/16/2021 8/11/2021 2293588540 StudentLoan-USCenterDebtRelief attachments/368913 310.4(b)(1)(v) https://portal
+12293609074,+1 (229) 360-9074,StudentLoan-HardshipProgram,1,1,0,no,pdf:pointofnoentry-peerlessceasedesistletterfinaljms.pdf,(1)(v) https://portal2.tracebacks.org/api/public/ 16 C.F.R. 8/12/2021 8/10/2021 2293609074 StudentLoan-HardshipProgram attachments/360169 310.4(b)(1)(v) https://portal2.t
+19705988302,+1 (970) 598-8302,StudentLoan-HardshipProgram,1,1,0,no,pdf:pointofnoentry-peerlessceasedesistletterfinaljms.pdf,(1)(v) https://portal2.tracebacks.org/api/public/ 16 C.F.R. 8/12/2021 8/10/2021 9705988302 StudentLoan-HardshipProgram attachments/360178 310.4(b)(1)(v) https://portal2.t
+12293597733,+1 (229) 359-7733,IRS-ProcessingCenter,1,1,0,no,pdf:pointofnoentry-peerlessceasedesistletterfinaljms.pdf,(1)(v) https://portal2.tracebacks.org/api/public/ 16 C.F.R. 8/12/2021 8/11/2021 2293597733 IRS-ProcessingCenter attachments/360182 310.4(b)(1)(v) https://portal2.tracebac
+16063703133,+1 (606) 370-3133,IRS-ProcessingCenter,1,1,0,no,pdf:pointofnoentry-peerlessceasedesistletterfinaljms.pdf,(1)(v) https://portal2.tracebacks.org/api/public/ 16 C.F.R. 8/12/2021 8/10/2021 6063703133 IRS-ProcessingCenter attachments/360186 310.4(b)(1)(v) https://portal2.tracebac
+12293597891,+1 (229) 359-7891,IRS-ProcessingCenter,1,1,0,no,pdf:pointofnoentry-peerlessceasedesistletterfinaljms.pdf,(1)(v) https://portal2.tracebacks.org/api/public/ 16 C.F.R. 8/12/2021 8/10/2021 2293597891 IRS-ProcessingCenter attachments/360189 310.4(b)(1)(v) https://portal2.tracebac
+19284767934,+1 (928) 476-7934,IRS-ProcessingCenter,1,1,0,no,pdf:pointofnoentry-peerlessceasedesistletterfinaljms.pdf,(1)(v) https://portal2.tracebacks.org/api/public/ 16 C.F.R. 8/12/2021 8/10/2021 9284767934 IRS-ProcessingCenter attachments/360192 310.4(b)(1)(v) https://portal2.tracebac
+15089157809,+1 (508) 915-7809,AutoWarranty-Extend2,1,1,0,no,pdf:pointofnoentry-peerlessceasedesistletterfinaljms.pdf,(1)(v) https://portal2.tracebacks.org/api/public/ 16 C.F.R. 7/29/2021 7/28/2021 5089157809 AutoWarranty-Extend2 attachments/307162 310.4(b)(1)(v) https://portal2.tracebac
+14069577686,+1 (406) 957-7686,StudentLoan-HardshipProgram,1,1,0,no,pdf:pointofnoentry-peerlessceasedesistletterfinaljms.pdf,(1)(v) https://portal2.tracebacks.org/api/public/ 16 C.F.R. 7/29/2021 7/26/2021 4069577686 StudentLoan-HardshipProgram attachments/307201 310.4(b)(1)(v) https://portal2.t
+17578248259,+1 (757) 824-8259,AutoWarranty-ExtendOrReinst,1,1,0,no,pdf:pointofnoentry-peerlessceasedesistletterfinaljms.pdf,(1)(v) https://portal2.tracebacks.org/api/public/ 16 C.F.R. 7/22/2021 7/20/2021 7578248259 AutoWarranty-ExtendOrReinst attachments/291120 310.4(b)(1)(v) https://portal2.t
+17179711630,+1 (717) 971-1630,AutoWarranty-ExtendOrReinst,1,1,0,no,pdf:pointofnoentry-peerlessceasedesistletterfinaljms.pdf,(1)(v) https://portal2.tracebacks.org/api/public/ 16 C.F.R. 7/21/2021 7/20/2021 7179711630 AutoWarranty-ExtendOrReinst attachments/291121 310.4(b)(1)(v) https://portal2.t
+16159122987,+1 (615) 912-2987,StudentLoan-HardshipProgram,1,1,0,no,pdf:pointofnoentry-peerlessceasedesistletterfinaljms.pdf,(1)(v) https://portal2.tracebacks.org/api/public/ 16 C.F.R. 7/19/2021 7/15/2021 6159122987 StudentLoan-HardshipProgram attachments/286367 310.4(b)(1)(v) https://portal2.t
+19094361864,+1 (909) 436-1864,IRS-ProcessingCenter,1,1,0,no,pdf:pointofnoentry-peerlessceasedesistletterfinaljms.pdf,(1)(v) https://portal2.tracebacks.org/api/public/ 16 C.F.R. 7/19/2021 7/15/2021 9094361864 IRS-ProcessingCenter attachments/286399 310.4(b)(1)(v) https://portal2.tracebac
+19094362916,+1 (909) 436-2916,IRS-ProcessingCenter,1,1,0,no,pdf:pointofnoentry-peerlessceasedesistletterfinaljms.pdf,(1)(v) https://portal2.tracebacks.org/api/public/ 16 C.F.R. 7/19/2021 7/15/2021 9094362916 IRS-ProcessingCenter attachments/286402 310.4(b)(1)(v) https://portal2.tracebac
+19094401396,+1 (909) 440-1396,IRS-ProcessingCenter,1,1,0,no,pdf:pointofnoentry-peerlessceasedesistletterfinaljms.pdf,(1)(v) https://portal2.tracebacks.org/api/public/ 16 C.F.R. 7/19/2021 7/15/2021 9094401396 IRS-ProcessingCenter attachments/286408 310.4(b)(1)(v) https://portal2.tracebac
+17659348382,+1 (765) 934-8382,DebtRelief-COVID-19Payment,1,1,0,no,pdf:pointofnoentry-peerlessceasedesistletterfinaljms.pdf,(1)(v) https://portal2.tracebacks.org/api/public/ 16 C.F.R. 7/14/2021 7/12/2021 7659348382 DebtRelief-COVID-19Payment attachments/274450 310.4(b)(1)(v) https://portal2.tr
+16067073784,+1 (606) 707-3784,DebtRelief-COVID-19Payment,1,1,0,no,pdf:pointofnoentry-peerlessceasedesistletterfinaljms.pdf,(1)(v) https://portal2.tracebacks.org/api/public/ 16 C.F.R. 7/14/2021 7/12/2021 6067073784 DebtRelief-COVID-19Payment attachments/274452 310.4(b)(1)(v) https://portal2.tr
+15413766743,+1 (541) 376-6743,FedReserv-Impers,1,1,0,no,pdf:pointofnoentry-peerlessceasedesistletterfinaljms.pdf,(1)(v) https://portal2.tracebacks.org/api/public/ 16 C.F.R. 7/14/2021 7/12/2021 5413766743 FedReserv-Impers attachments/280171 310.4(b)(1)(v) https://portal2.tracebacks.o
+15205323435,+1 (520) 532-3435,DebtRelief-COVID-19Payment,1,1,0,no,pdf:pointofnoentry-peerlessceasedesistletterfinaljms.pdf,(1)(v) https://portal2.tracebacks.org/api/public/ 16 C.F.R. 7/13/2021 7/12/2021 5205323435 DebtRelief-COVID-19Payment attachments/274448 310.4(b)(1)(v) https://portal2.tr
+18707148614,+1 (870) 714-8614,DebtRelief-COVID-19Payment,1,1,0,no,pdf:pointofnoentry-peerlessceasedesistletterfinaljms.pdf,(1)(v) https://portal2.tracebacks.org/api/public/ 16 C.F.R. 7/13/2021 7/12/2021 8707148614 DebtRelief-COVID-19Payment attachments/274453 310.4(b)(1)(v) https://portal2.tr
+16065174231,+1 (606) 517-4231,DebtRelief-COVID-19Payment,1,1,0,no,pdf:pointofnoentry-peerlessceasedesistletterfinaljms.pdf,(1)(v) https://portal2.tracebacks.org/api/public/ 16 C.F.R. 7/13/2021 7/12/2021 6065174231 DebtRelief-COVID-19Payment attachments/274460 310.4(b)(1)(v) https://portal2.tr
+17088319138,+1 (708) 831-9138,DebtRelief-COVID-19Payment,1,1,0,no,pdf:pointofnoentry-peerlessceasedesistletterfinaljms.pdf,(1)(v) https://portal2.tracebacks.org/api/public/ 16 C.F.R. 7/13/2021 7/12/2021 7088319138 DebtRelief-COVID-19Payment attachments/274461 310.4(b)(1)(v) TaxReduction- http
+15618102566,+1 (561) 810-2566,IRSSuspendedCollection,1,1,0,no,pdf:pointofnoentry-peerlessceasedesistletterfinaljms.pdf,ction- https://portal2.tracebacks.org/api/public/ 16 C.F.R. 6/16/2021 6/14/2021 5618102566 IRSSuspendedCollection attachments/211189 310.4(b)(1)(v) TaxReduction- https://
+19705508029,+1 (970) 550-8029,IRSSuspendedCollection,1,1,0,no,pdf:pointofnoentry-peerlessceasedesistletterfinaljms.pdf,ction- https://portal2.tracebacks.org/api/public/ 16 C.F.R. 6/15/2021 6/14/2021 9705508029 IRSSuspendedCollection attachments/211191 310.4(b)(1)(v) TaxReduction- https://
+17196012040,+1 (719) 601-2040,IRSSuspendedCollection,1,1,0,no,pdf:pointofnoentry-peerlessceasedesistletterfinaljms.pdf,ction- https://portal2.tracebacks.org/api/public/ 16 C.F.R. 6/15/2021 6/14/2021 7196012040 IRSSuspendedCollection attachments/211193 310.4(b)(1)(v) https://portal2.traceb
+17472124080,+1 (747) 212-4080,StudentLoan - New Changes,1,1,0,no,pdf:pointofnoentry-peerlessceasedesistletterfinaljms.pdf,b)(1)(v) https://portal2.tracebacks.org/api/public/ 16 C.F.R. 4/8/2021 4/7/2021 7472124080 StudentLoan - New Changes attachments/94040 310.4(b)(1)(v) https://portal2.trac
+18708602170,+1 (870) 860-2170,StudentLoan - New Changes,1,1,0,no,pdf:pointofnoentry-peerlessceasedesistletterfinaljms.pdf,b)(1)(v) https://portal2.tracebacks.org/api/public/ 16 C.F.R. 4/5/2021 4/2/2021 8708602170 StudentLoan - New Changes attachments/88405 310.4(b)(1)(v) https://portal2.trac
+19717997951,+1 (971) 799-7951,StudentLoan - New Changes,1,1,0,no,pdf:pointofnoentry-peerlessceasedesistletterfinaljms.pdf,b)(1)(v) https://portal2.tracebacks.org/api/public/ 16 C.F.R. 4/5/2021 4/2/2021 9717997951 StudentLoan - New Changes attachments/88408 310.4(b)(1)(v) https://portal2.trac
+14054585775,+1 (405) 458-5775,SSA-Suspended,1,1,0,no,pdf:pointofnoentry-peerlessceasedesistletterfinaljms.pdf,(1)(v) https://portal2.tracebacks.org/api/public/ 16 C.F.R. 3/22/2021 3/19/2021 4054585775 SSA-Suspended attachments/70649 310.4(b)(1)(v) https://portal2.tracebacks.org/a
+14172355705,+1 (417) 235-5705,Apple-iCloud-AccountBreached,1,1,0,no,pdf:pointofnoentry-peerlessceasedesistletterfinaljms.pdf,(1)(v) https://portal2.tracebacks.org/api/public/ 16 C.F.R. 3/19/2021 3/18/2021 4172355705 Apple-iCloud-AccountBreached attachments/69469 310.4(b)(1)(v) https://portal2.t
+17576094116,+1 (757) 609-4116,CCIRR-P1FinancialImpers,1,1,0,no,pdf:pointofnoentry-peerlessceasedesistletterfinaljms.pdf,b)(1)(v) https://portal2.tracebacks.org/api/public/ 16 C.F.R. 3/9/2021 3/3/2021 7576094116 CCIRR-P1FinancialImpers attachments/63709 310.4(b)(1)(v) https://portal2.traceb
+18038286161,+1 (803) 828-6161,CCIRR-P1FinancialImpers,1,1,0,no,pdf:pointofnoentry-peerlessceasedesistletterfinaljms.pdf,b)(1)(v) https://portal2.tracebacks.org/api/public/ 16 C.F.R. 3/6/2021 3/4/2021 8038286161 CCIRR-P1FinancialImpers attachments/64039 310.4(b)(1)(v) https://portal2.traceb
+19147614182,+1 (914) 761-4182,Utility-30MinDisconnect,1,1,0,no,pdf:pointofnoentry-peerlessceasedesistletterfinaljms.pdf,b)(1)(v) https://portal2.tracebacks.org/api/public/ 16 C.F.R. 3/3/2021 3/2/2021 9147614182 Utility-30MinDisconnect attachments/63417 310.4(b)(1)(v) https://portal2.traceb
+19143443207,+1 (914) 344-3207,Utility-30MinDisconnect,1,1,0,no,pdf:pointofnoentry-peerlessceasedesistletterfinaljms.pdf,b)(1)(v) https://portal2.tracebacks.org/api/public/ 16 C.F.R. 3/3/2021 3/2/2021 9143443207 Utility-30MinDisconnect attachments/63418 310.4(b)(1)(v) https://portal2.traceb
+17323086705,+1 (732) 308-6705,Utility-30MinDisconnect,1,1,0,no,pdf:pointofnoentry-peerlessceasedesistletterfinaljms.pdf,(1)(v) https://portal2.tracebacks.org/api/public/ 16 C.F.R. 2/26/2021 2/25/2021 7323086705 Utility-30MinDisconnect attachments/61836 310.4(b)(1)(v) https://portal2.traceb
+15042858495,+1 (504) 285-8495,AutoWarranty-ExtendOrReinst,1,1,0,no,pdf:pointofnoentry-peerlessceasedesistletterfinaljms.pdf,(1)(v) https://portal2.tracebacks.org/api/public/ 16 C.F.R. 2/26/2021 2/25/2021 5042858495 AutoWarranty-ExtendOrReinst attachments/61845 310.4(b)(1)(v) https://portal2.tr
+15137692110,+1 (513) 769-2110,Utility-30MinDisconnect,1,1,0,no,pdf:pointofnoentry-peerlessceasedesistletterfinaljms.pdf,(1)(v) https://portal2.tracebacks.org/api/public/ 16 C.F.R. 2/25/2021 2/24/2021 5137692110 Utility-30MinDisconnect attachments/61292 310.4(b)(1)(v) https://portal2.traceb
+15135866150,+1 (513) 586-6150,Utility-30MinDisconnect,1,1,0,no,pdf:pointofnoentry-peerlessceasedesistletterfinaljms.pdf,(1)(v) https://portal2.tracebacks.org/api/public/ 16 C.F.R. 2/25/2021 2/24/2021 5135866150 Utility-30MinDisconnect attachments/61293 310.4(b)(1)(v) https://portal2.traceb
+19086845418,+1 (908) 684-5418,Utility-30MinDisconnect,1,1,0,no,pdf:pointofnoentry-peerlessceasedesistletterfinaljms.pdf,(1)(v) https://portal2.tracebacks.org/api/public/ 16 C.F.R. 2/25/2021 2/24/2021 9086845418 Utility-30MinDisconnect attachments/61296 310.4(b)(1)(v) https://portal2.traceb
+18623476930,+1 (862) 347-6930,Utility-30MinDisconnect,1,1,0,no,pdf:pointofnoentry-peerlessceasedesistletterfinaljms.pdf,(1)(v) https://portal2.tracebacks.org/api/public/ 16 C.F.R. 2/24/2021 2/23/2021 8623476930 Utility-30MinDisconnect attachments/60696 310.4(b)(1)(v) https://portal2.traceb
+17038631924,+1 (703) 863-1924,Apple-iCloud-AccountBreached,1,1,0,no,pdf:pointofnoentry-peerlessceasedesistletterfinaljms.pdf,(1)(v) https://portal2.tracebacks.org/api/public/ 16 C.F.R. 2/20/2021 2/18/2021 7038631924 Apple-iCloud-AccountBreached attachments/58893 310.4(b)(1)(v) https://portal2.t
+13036193296,+1 (303) 619-3296,SSA-CalltheSSA,1,1,0,no,pdf:pointofnoentry-peerlessceasedesistletterfinaljms.pdf,(1)(v) https://portal2.tracebacks.org/api/public/ 16 C.F.R. 2/11/2021 2/10/2021 3036193296 SSA-CalltheSSA attachments/55586 310.4(b)(1)(v) https://portal2.tracebacks.org/
+12033448337,+1 (203) 344-8337,AutoWarranty-ExtendOrReinst,1,1,0,no,pdf:pointofnoentry-peerlessceasedesistletterfinaljms.pdf,(1)(v) https://portal2.tracebacks.org/api/public/ 16 C.F.R. 1/25/2021 1/25/2021 2033448337 AutoWarranty-ExtendOrReinst attachments/28848 310.4(b)(1)(v) https://portal2.tr
+14088848130,+1 (408) 884-8130,CCIRR-Various,1,1,0,no,pdf:pointofnoentry-peerlessceasedesistletterfinaljms.pdf,(1)(v) https://portal2.tracebacks.org/api/public/ 16 C.F.R. 1/20/2021 1/20/2021 4088848130 CCIRR-Various attachments/28549 310.4(b)(1)(v) https://portal2.tracebacks.org/a
+16062123053,+1 (606) 212-3053,Solar-TheSolarProject,1,1,0,no,pdf:pointofnoentry-peerlessceasedesistletterfinaljms.pdf,(1)(v) https://portal2.tracebacks.org/api/public/ 16 C.F.R. 1/13/2021 1/13/2021 6062123053 Solar-TheSolarProject attachments/28073 310.4(b)(1)(v) https://portal2.tracebac
+13015343888,+1 (301) 534-3888,CCIRR-VisaAlert,1,1,0,no,pdf:pointofnoentry-peerlessceasedesistletterfinaljms.pdf,b)(1)(v) https://portal2.tracebacks.org/api/public/ 16 C.F.R. 1/7/2021 1/6/2021 3015343888 CCIRR-VisaAlert attachments/27570 310.4(b)(1)(v)
+12297742571,+1 (229) 774-2571,Auto Warranty,1,1,0,no,pdf:pointofnoentry-rscomwarningletter.pdf,"n https://portal.tracebacks.org/api/public/ 16 C.F.R. Mar 03, 2022 Mar 01, 2022 2297742571 Auto Warranty attachments/727866 § 310.4(b)(1)(v) Internal Revenue Service http"
+19035321060,+1 (903) 532-1060,Imposter,1,1,0,no,pdf:pointofnoentry-rscomwarningletter.pdf,"e https://portal.tracebacks.org/api/public/ 16 C.F.R. Feb 24, 2022 Feb 21, 2022 9035321060 Imposter attachments/711079 § 310.4(b)(1)(v) Internal Revenue Service https://p"
+13184964212,+1 (318) 496-4212,Imposter,1,1,0,no,pdf:pointofnoentry-rscomwarningletter.pdf,"e https://portal.tracebacks.org/api/public/ 16 C.F.R. Feb 25, 2022 Feb 22, 2022 3184964212 Imposter attachments/711074 § 310.4(b)(1)(v) Internal Revenue Service https://p"
+13185773988,+1 (318) 577-3988,Imposter,1,1,0,no,pdf:pointofnoentry-rscomwarningletter.pdf,"e https://portal.tracebacks.org/api/public/ 16 C.F.R. Feb 24, 2022 Feb 22, 2022 3185773988 Imposter attachments/711073 § 310.4(b)(1)(v) Internal Revenue Service https://p"
+13526557483,+1 (352) 655-7483,Imposter,1,1,0,no,pdf:pointofnoentry-rscomwarningletter.pdf,"e https://portal.tracebacks.org/api/public/ 16 C.F.R. Feb 24, 2022 Feb 21, 2022 3526557483 Imposter attachments/711072 § 310.4(b)(1)(v) Internal Revenue Service https://p"
+12317073387,+1 (231) 707-3387,Imposter,1,1,0,no,pdf:pointofnoentry-rscomwarningletter.pdf,"e https://portal.tracebacks.org/api/public/ 16 C.F.R. Feb 25, 2022 Feb 21, 2022 2317073387 Imposter attachments/711071 § 310.4(b)(1)(v) https://portal.tracebacks.org/api/"
+19382223655,+1 (938) 222-3655,Amazon Imposter,1,1,0,no,pdf:pointofnoentry-rscomwarningletter.pdf,") https://portal.tracebacks.org/api/public/ 16 C.F.R. Feb 18, 2022 Feb 11, 2022 9382223655 Amazon Imposter attachments/701175 § 310.4(b)(1)(v) https://portal.tracebacks.o"
+12709286607,+1 (270) 928-6607,Student Loan Repayment,1,1,0,no,pdf:pointofnoentry-rscomwarningletter.pdf,") https://portal.tracebacks.org/api/public/ 16 C.F.R. Feb 07, 2022 Feb 03, 2022 2709286607 Student Loan Repayment attachments/668574 § 310.4(b)(1)(v) https://portal.trace"
+17087290581,+1 (708) 729-0581,Student Loan Repayment,1,1,0,no,pdf:pointofnoentry-rscomwarningletter.pdf,") https://portal.tracebacks.org/api/public/ 16 C.F.R. Feb 01, 2022 Jan 26, 2022 7087290581 Student Loan Repayment attachments/660776 § 310.4(b)(1)(v) https://portal.trace"
+13527401878,+1 (352) 740-1878,Student Loan Repayment,1,1,0,no,pdf:pointofnoentry-rscomwarningletter.pdf,") https://portal.tracebacks.org/api/public/ 16 C.F.R. Feb 01, 2022 Jan 24, 2022 3527401878 Student Loan Repayment attachments/660772 § 310.4(b)(1)(v) https://portal.trace"
+12102763714,+1 (210) 276-3714,Auto Warranty,1,1,0,no,pdf:pointofnoentry-rscomwarningletter.pdf,") https://portal.tracebacks.org/api/public/ 16 C.F.R. Jan 19, 2022 Jan 17, 2022 2102763714 Auto Warranty attachments/640819 § 310.4(b)(1)(v) https://portal.tracebacks.org"
+12076004668,+1 (207) 600-4668,Auto Warranty,1,1,0,no,pdf:pointofnoentry-rscomwarningletter.pdf,") https://portal.tracebacks.org/api/public/ 16 C.F.R. Jan 08, 2022 Jan 03, 2022 2076004668 Auto Warranty attachments/625984 § 310.4(b)(1)(v) Social Security https://porta"
+12068295987,+1 (206) 829-5987,Administration Imposter,1,1,0,no,pdf:pointofnoentry-rscomwarningletter.pdf,"y https://portal.tracebacks.org/api/public/ 16 C.F.R. Jan 05, 2021 Jan 04, 2021 2068295987 Administration Imposter attachments/27488 § 310.4(b)(1)(v) https://portal.trace"
+16058585466,+1 (605) 858-5466,Auto Warranty,1,1,0,no,pdf:pointofnoentry-rscomwarningletter.pdf,") https://portal.tracebacks.org/api/public/ 16 C.F.R. Dec 01, 2021 Nov 12, 2021 6058585466 Auto Warranty attachments/560776 § 310.4(b)(1)(v) https://portal.tracebacks.org"
+17127598176,+1 (712) 759-8176,Auto Warranty,1,1,0,no,pdf:pointofnoentry-rscomwarningletter.pdf,") https://portal.tracebacks.org/api/public/ 16 C.F.R. Dec 01, 2021 Nov 12, 2021 7127598176 Auto Warranty attachments/560772 § 310.4(b)(1)(v) https://portal.tracebacks.org"
+14582378484,+1 (458) 237-8484,Auto Warranty,1,1,0,no,pdf:pointofnoentry-rscomwarningletter.pdf,") https://portal.tracebacks.org/api/public/ 16 C.F.R. Dec 01, 2021 Nov 12, 2021 4582378484 Auto Warranty attachments/560769 § 310.4(b)(1)(v) Social Security https://porta"
+19793019097,+1 (979) 301-9097,Administration Imposter,1,1,0,no,pdf:pointofnoentry-rscomwarningletter.pdf,"y https://portal.tracebacks.org/api/public/ 16 C.F.R. Jan 11, 2021 Jan 07, 2021 9793019097 Administration Imposter attachments/27689 § 310.4(b)(1)(v) Credit Card Interest"
+15125698562,+1 (512) 569-8562,Reduction,1,1,0,no,pdf:pointofnoentry-rscomwarningletter.pdf,"e https://portal.tracebacks.org/api/public/ 16 C.F.R. Oct 18, 2021 Oct 14, 2021 5125698562 Reduction attachments/520132 § 310.4(b)(1)(v) Credit Card Interest Rate https:/"
+12697209024,+1 (269) 720-9024,Reduction,1,1,0,no,pdf:pointofnoentry-rscomwarningletter.pdf,"e https://portal.tracebacks.org/api/public/ 16 C.F.R. Oct 18, 2021 Oct 14, 2021 2697209024 Reduction attachments/520130 § 310.4(b)(1)(v) Credit Card Interest Rate https:/"
+12604438159,+1 (260) 443-8159,Reduction,1,1,0,no,pdf:pointofnoentry-rscomwarningletter.pdf,"e https://portal.tracebacks.org/api/public/ 16 C.F.R. Oct 18, 2021 Oct 14, 2021 2604438159 Reduction attachments/520125 § 310.4(b)(1)(v) Page 2 of 4 Credit Card Interest"
+17608057267,+1 (760) 805-7267,Reduction,1,1,0,no,pdf:pointofnoentry-rscomwarningletter.pdf,"e https://portal.tracebacks.org/api/public/ 16 C.F.R. Oct 18, 2021 Oct 14, 2021 7608057267 Reduction attachments/520122 § 310.4(b)(1)(v) Credit Card Interest Rate https:/"
+17652673204,+1 (765) 267-3204,Reduction,1,1,0,no,pdf:pointofnoentry-rscomwarningletter.pdf,"e https://portal.tracebacks.org/api/public/ 16 C.F.R. Oct 18, 2021 Oct 14, 2021 7652673204 Reduction attachments/520121 § 310.4(b)(1)(v) Credit Card Interest Rate https:/"
+14074923012,+1 (407) 492-3012,Reduction,1,1,0,no,pdf:pointofnoentry-rscomwarningletter.pdf,"e https://portal.tracebacks.org/api/public/ 16 C.F.R. Oct 18, 2021 Oct 14, 2021 4074923012 Reduction attachments/520116 § 310.4(b)(1)(v) Credit Card Interest Rate https:/"
+17652435546,+1 (765) 243-5546,Reduction,1,1,0,no,pdf:pointofnoentry-rscomwarningletter.pdf,"e https://portal.tracebacks.org/api/public/ 16 C.F.R. Oct 18, 2021 Oct 14, 2021 7652435546 Reduction attachments/520113 § 310.4(b)(1)(v) Credit Card Interest Rate https:/"
+14127372214,+1 (412) 737-2214,Reduction,1,1,0,no,pdf:pointofnoentry-rscomwarningletter.pdf,"e https://portal.tracebacks.org/api/public/ 16 C.F.R. Oct 18, 2021 Oct 14, 2021 4127372214 Reduction attachments/520112 § 310.4(b)(1)(v) Credit Card Interest Rate https:/"
+15027419571,+1 (502) 741-9571,Reduction,1,1,0,no,pdf:pointofnoentry-rscomwarningletter.pdf,"e https://portal.tracebacks.org/api/public/ 16 C.F.R. Oct 18, 2021 Oct 14, 2021 5027419571 Reduction attachments/520107 § 310.4(b)(1)(v) Social Security https://portal.tr"
+12243508540,+1 (224) 350-8540,Student Loan Repayment,1,1,0,no,pdf:pointofnoentry-rscomwarningletter.pdf,") https://portal.tracebacks.org/api/public/ 16 C.F.R. Aug 19, 2021 Aug 16, 2021 2243508540 Student Loan Repayment attachments/375998 § 310.4(b)(1)(v) U.S. Customs and Bor"
+19706783897,+1 (970) 678-3897,Student Loan Repayment,1,1,0,no,pdf:pointofnoentry-rscomwarningletter.pdf,") https://portal.tracebacks.org/api/public/ 16 C.F.R. Aug 13, 2021 Aug 10, 2021 9706783897 Student Loan Repayment attachments/360172 § 310.4(b)(1)(v) https://portal.trace"
+13088334418,+1 (308) 833-4418,Student Loan Repayment,1,1,0,no,pdf:pointofnoentry-rscomwarningletter.pdf,") https://portal.tracebacks.org/api/public/ 16 C.F.R. Jul 29, 2021 Jul 27, 2021 3088334418 Student Loan Repayment attachments/307198 § 310.4(b)(1)(v) Internal Revenue Ser"
+13028047255,+1 (302) 804-7255,Imposter,1,1,0,no,pdf:pointofnoentry-rscomwarningletter.pdf,"e https://portal.tracebacks.org/api/public/ 16 C.F.R. Jul 19, 2021 Jul 15, 2021 3028047255 Imposter attachments/286405 § 310.4(b)(1)(v) https://portal.tracebacks.org/api/"
+19094361622,+1 (909) 436-1622,Student Loan Repayment,1,1,0,no,pdf:pointofnoentry-rscomwarningletter.pdf,") https://portal.tracebacks.org/api/public/ 16 C.F.R. Jul 19, 2021 Jul 15, 2021 9094361622 Student Loan Repayment attachments/286370 § 310.4(b)(1)(v) Page 3 of 4 https://"
+19094401426,+1 (909) 440-1426,Student Loan Repayment,1,1,0,no,pdf:pointofnoentry-rscomwarningletter.pdf,"4 https://portal.tracebacks.org/api/public/ 16 C.F.R. Jul 19, 2021 Jul 15, 2021 9094401426 Student Loan Repayment attachments/286364 § 310.4(b)(1)(v) https://portal.trace"
+12547200371,+1 (254) 720-0371,Student Loan Repayment,1,1,0,no,pdf:pointofnoentry-rscomwarningletter.pdf,") https://portal.tracebacks.org/api/public/ 16 C.F.R. Jul 19, 2021 Jul 16, 2021 2547200371 Student Loan Repayment attachments/286360 § 310.4(b)(1)(v) https://portal.trace"
+12295453260,+1 (229) 545-3260,COVID-19 Relief,1,1,0,no,pdf:pointofnoentry-rscomwarningletter.pdf,") https://portal.tracebacks.org/api/public/ 16 C.F.R. Jul 13, 2021 Jul 12, 2021 2295453260 COVID-19 Relief attachments/274458 § 310.4(b)(1)(v) Social Security https://por"
+15016677260,+1 (501) 667-7260,Imposter,1,1,0,no,pdf:pointofnoentry-rscomwarningletter.pdf,"e https://portal.tracebacks.org/api/public/ 16 C.F.R. Jun 15, 2021 Jun 14, 2021 5016677260 Imposter attachments/211195 § 310.4(b)(1)(v) Internal Revenue Service https://p"
+15025202285,+1 (502) 520-2285,Imposter,1,1,0,no,pdf:pointofnoentry-rscomwarningletter.pdf,"e https://portal.tracebacks.org/api/public/ 16 C.F.R. Jun 15, 2021 Jun 14, 2021 5025202285 Imposter attachments/211187 § 310.4(b)(1)(v) Social Security https://portal.tra"
+12678341185,+1 (267) 834-1185,Auto Warranty,1,1,0,no,pdf:pointofnoentry-rscomwarningletter.pdf,") https://portal.tracebacks.org/api/public/ 16 C.F.R. Apr 14, 2021 Apr 07, 2021 2678341185 Auto Warranty attachments/93991 § 310.4(b)(1)(v) https://portal.tracebacks.org/"
+13173862184,+1 (317) 386-2184,Utility Rate Reduction,1,1,0,no,pdf:pointofnoentry-rscomwarningletter.pdf,") https://portal.tracebacks.org/api/public/ 16 C.F.R. Mar 25, 2021 Mar 23, 2021 3173862184 Utility Rate Reduction attachments/73729 § 310.4(b)(1)(v) https://portal.traceb"
+17043975559,+1 (704) 397-5559,Auto Warranty,1,1,0,no,pdf:pointofnoentry-rscomwarningletter.pdf,") https://portal.tracebacks.org/api/public/ 16 C.F.R. Mar 22, 2021 Mar 19, 2021 7043975559 Auto Warranty attachments/70587 § 310.4(b)(1)(v) https://portal.tracebacks.org/"
+18036721267,+1 (803) 672-1267,Auto Warranty,1,1,0,no,pdf:pointofnoentry-rscomwarningletter.pdf,") https://portal.tracebacks.org/api/public/ 16 C.F.R. Mar 17, 2021 Mar 16, 2021 8036721267 Auto Warranty attachments/68523 § 310.4(b)(1)(v) https://portal.tracebacks.org/"
+17788550773,+1 (778) 855-0773,Stay Safe Stay Home,1,1,0,no,pdf:pointofnoentry-rscomwarningletter.pdf,") https://portal.tracebacks.org/api/public/ 16 C.F.R. Jan 28, 2021 Jan 28, 2021 7788550773 Stay Safe Stay Home attachments/29207 § 310.4(b)(1)(v) https://portal.traceback"
+18049439866,+1 (804) 943-9866,Authorized-Order-P2,1,1,0,no,pdf:pointofnoentry-tata-cease-desist-letter.pdf,n https://portal.tracebacks.org/api/public/atta 16 C.F.R. 10/12/2023 10/11/2023 18049439866 Authorized-Order-P2 chments/1388325 § 310.4(b)(1)(v) https://portal.tracebacks.
+12174083391,+1 (217) 408-3391,Amazon-AuthorizeOrder-P3,1,1,0,no,pdf:pointofnoentry-tata-cease-desist-letter.pdf,1)(v) https://portal.tracebacks.org/api/public/atta 16 C.F.R. 9/7/2023 9/5/2023 12174083391 Amazon-AuthorizeOrder-P3 chments/1365824 § 310.4(b)(1)(v) https://portal.traceb
+17705964703,+1 (770) 596-4703,Utility-Impers-P2,1,1,0,no,pdf:pointofnoentry-tata-cease-desist-letter.pdf,1)(v) https://portal.tracebacks.org/api/public/atta 16 C.F.R. 9/6/2023 9/5/2023 17705964703 Utility-Impers-P2 chments/1365680 § 310.4(b)(1)(v) https://portal.tracebacks.or
+17345504338,+1 (734) 550-4338,Utility-Impers-P2,1,1,0,no,pdf:pointofnoentry-tata-cease-desist-letter.pdf,1)(v) https://portal.tracebacks.org/api/public/atta 16 C.F.R. 9/6/2023 9/5/2023 17345504338 Utility-Impers-P2 chments/1365678 § 310.4(b)(1)(v) https://portal.tracebacks.or
+13134775439,+1 (313) 477-5439,Utility-Impers-P2,1,1,0,no,pdf:pointofnoentry-tata-cease-desist-letter.pdf,1)(v) https://portal.tracebacks.org/api/public/atta 16 C.F.R. 9/6/2023 9/5/2023 13134775439 Utility-Impers-P2 chments/1365672 § 310.4(b)(1)(v) 16 C.F.R. 8/28/2023 8/23/202
+12064154985,+1 (206) 415-4985,Utility-Impers-P2,1,1,0,no,pdf:pointofnoentry-tata-cease-desist-letter.pdf,(v) https://portal.tracebacks.org/api/public/atta 16 C.F.R. 8/18/2023 8/17/2023 12064154985 Utility-Impers-P2 chments/1361751 § 310.4(b)(1)(v) https://portal.tracebacks.or
+17574247457,+1 (757) 424-7457,Utility-Impers-P2,1,1,0,no,pdf:pointofnoentry-tata-cease-desist-letter.pdf,(v) https://portal.tracebacks.org/api/public/atta 16 C.F.R. 8/18/2023 8/17/2023 17574247457 Utility-Impers-P2 chments/1361747 § 310.4(b)(1)(v) https://portal.tracebacks.or
+17575267247,+1 (757) 526-7247,Utility-Impers-P2,1,1,0,no,pdf:pointofnoentry-tata-cease-desist-letter.pdf,(v) https://portal.tracebacks.org/api/public/atta 16 C.F.R. 8/18/2023 8/17/2023 17575267247 Utility-Impers-P2 chments/1361745 § 310.4(b)(1)(v) https://portal.tracebacks.or
+15618428228,+1 (561) 842-8228,Utility-Impers-P2,1,1,0,no,pdf:pointofnoentry-tata-cease-desist-letter.pdf,(v) https://portal.tracebacks.org/api/public/atta 16 C.F.R. 8/18/2023 8/17/2023 15618428228 Utility-Impers-P2 chments/1361739 § 310.4(b)(1)(v) https://portal.tracebacks.or
+15134765884,+1 (513) 476-5884,Utility-Impers-P2,1,1,0,no,pdf:pointofnoentry-tata-cease-desist-letter.pdf,(v) https://portal.tracebacks.org/api/public/atta 16 C.F.R. 8/15/2023 8/12/2023 15134765884 Utility-Impers-P2 chments/1360305 § 310.4(b)(1)(v) https://portal.tracebacks.or
+12083882323,+1 (208) 388-2323,Utility-Impers-P2,1,1,0,no,pdf:pointofnoentry-tata-cease-desist-letter.pdf,(v) https://portal.tracebacks.org/api/public/atta 16 C.F.R. 8/14/2023 8/12/2023 12083882323 Utility-Impers-P2 chments/1360311 § 310.4(b)(1)(v) https://portal.tracebacks.or
+18006722231,+1 (800) 672-2231,Utility-Impers-P2,1,1,0,no,pdf:pointofnoentry-tata-cease-desist-letter.pdf,(v) https://portal.tracebacks.org/api/public/atta 16 C.F.R. 8/14/2023 8/12/2023 18006722231 Utility-Impers-P2 chments/1360309 § 310.4(b)(1)(v) https://portal.tracebacks.or
+18043445440,+1 (804) 344-5440,Utility-Impers-P2,1,1,0,no,pdf:pointofnoentry-tata-cease-desist-letter.pdf,(v) https://portal.tracebacks.org/api/public/atta 16 C.F.R. 8/14/2023 8/12/2023 18043445440 Utility-Impers-P2 chments/1360307 § 310.4(b)(1)(v) 16 C.F.R. 8/8/2023 7/28/2023
+18004321000,+1 (800) 432-1000,,1,1,0,no,pdf:pointofnoentry-tata-cease-desist-letter.pdf,Utility-Impers-P2 chments/1360307 § 310.4(b)(1)(v) 16 C.F.R. 8/8/2023 7/28/2023 18004321000 Financial-Impers-2 § 310.4(b)(1)(v) 16 C.F.R. 7/21/2023 7/8/2023 18008693557 Fi
+18005727173,+1 (800) 572-7173,Chinese-Exit-Entry,1,1,0,no,pdf:pointofnoentry-tata-cease-desist-letter.pdf,1)(v) https://portal.tracebacks.org/api/public/atta 16 C.F.R. 7/6/2023 7/3/2023 18005727173 Chinese-Exit-Entry chments/1338818 § 310.4(b)(1)(v) https://portal.tracebacks.o
+17705926608,+1 (770) 592-6608,Amazon-Various-P3,1,1,0,no,pdf:pointofnoentry-tata-cease-desist-letter.pdf,(v) https://portal.tracebacks.org/api/public/atta 16 C.F.R. 5/30/2023 5/27/2023 17705926608 Amazon-Various-P3 chments/1326261 § 310.4(b)(1)(v) https://portal.tracebacks.or
+12105222626,+1 (210) 522-2626,Amazon-Various-P3,1,1,0,no,pdf:pointofnoentry-tata-cease-desist-letter.pdf,(v) https://portal.tracebacks.org/api/public/atta 16 C.F.R. 5/24/2023 5/23/2023 12105222626 Amazon-Various-P3 chments/1323673 § 310.4(b)(1)(v) https://portal.tracebacks.or
+13096913653,+1 (309) 691-3653,Utility-30MinDisconnect,1,1,0,no,pdf:pointofnoentry-tata-cease-desist-letter.pdf,1)(v) https://portal.tracebacks.org/api/public/atta 16 C.F.R. 5/3/2023 5/2/2023 13096913653 Utility-30MinDisconnect chments/1296721 § 310.4(b)(1)(v) https://portal.traceba
+12313861006,+1 (231) 386-1006,Utility-30MinDisconnect,1,1,0,no,pdf:pointofnoentry-tata-cease-desist-letter.pdf,)(v) https://portal.tracebacks.org/api/public/atta 16 C.F.R. 5/1/2023 4/28/2023 12313861006 Utility-30MinDisconnect chments/1294786 § 310.4(b)(1)(v) https://portal.traceba
+18136293717,+1 (813) 629-3717,CBP-GovtImpers-P2,1,1,0,no,pdf:pointofnoentry-tata-cease-desist-letter.pdf,(v) https://portal.tracebacks.org/api/public/atta 16 C.F.R. 4/25/2023 4/21/2023 8136293717 CBP-GovtImpers-P2 chments/1285663 § 310.4(b)(1)(v) 16 C.F.R. 4/3/2023 3/21/2023
+18009895006,+1 (800) 989-5006,,1,1,0,no,pdf:pointofnoentry-tata-cease-desist-letter.pdf,CBP-GovtImpers-P2 chments/1285663 § 310.4(b)(1)(v) 16 C.F.R. 4/3/2023 3/21/2023 8009895006 Chinese-PackageDelivery-P4 § 310.4(b)(1)(v) 16 C.F.R. 3/28/2023 3/27/2023 86989
+18698994872,+1 (869) 899-4872,,1,1,0,no,pdf:pointofnoentry-tata-cease-desist-letter.pdf,95006 Chinese-PackageDelivery-P4 § 310.4(b)(1)(v) 16 C.F.R. 3/28/2023 3/27/2023 8698994872 Verizon-Phishing § 310.4(b)(1)(v) 16 C.F.R. 3/24/2023 3/24/2023 8668994872 Veri
+17055329906,+1 (705) 532-9906,Financial-Impers-4,1,1,0,no,pdf:pointofnoentry-tata-cease-desist-letter.pdf,(v) https://portal.tracebacks.org/api/public/atta 16 C.F.R. 2/28/2023 2/27/2023 7055329906 Financial-Impers-4 chments/1246788 § 310.4(b)(1)(v) https://portal.tracebacks.o
+15798868397,+1 (579) 886-8397,Financial-Impers-4,1,1,0,no,pdf:pointofnoentry-tata-cease-desist-letter.pdf,(v) https://portal.tracebacks.org/api/public/atta 16 C.F.R. 2/28/2023 2/27/2023 5798868397 Financial-Impers-4 chments/1246782 § 310.4(b)(1)(v) https://portal.tracebacks.o
+15798868931,+1 (579) 886-8931,Financial-Impers-4,1,1,0,no,pdf:pointofnoentry-tata-cease-desist-letter.pdf,(v) https://portal.tracebacks.org/api/public/atta 16 C.F.R. 2/28/2023 2/24/2023 5798868931 Financial-Impers-4 chments/1246779 § 310.4(b)(1)(v) https://portal.tracebacks.o
+12163310163,+1 (216) 331-0163,CBP-GovtImpers-P2,1,1,0,no,pdf:pointofnoentry-tata-cease-desist-letter.pdf,(v) https://portal.tracebacks.org/api/public/atta 16 C.F.R. 2/24/2023 2/21/2023 2163310163 CBP-GovtImpers-P2 chments/1243234 § 310.4(b)(1)(v) https://portal.tracebacks.or
+12163310147,+1 (216) 331-0147,CBP-GovtImpers-P2,1,1,0,no,pdf:pointofnoentry-tata-cease-desist-letter.pdf,(v) https://portal.tracebacks.org/api/public/atta 16 C.F.R. 2/23/2023 2/21/2023 2163310147 CBP-GovtImpers-P2 chments/1243242 § 310.4(b)(1)(v) https://portal.tracebacks.or
+16465687381,+1 (646) 568-7381,Amazon-AuthorizeOrder t,1,1,0,no,pdf:pointofnoentry-telcastnetworkceasedesistletterfinaljms.pdf,ation https://portal2.tracebacks.org/api/public/a 16 C.F.R. 8/24/2022 8/22/2022 6465687381 Amazon-AuthorizeOrder ttachments/1006872 310.4(b)(1)(v) https://portal2.traceba
+19403498115,+1 (940) 349-8115,AutoWarrantyExtend t,1,1,0,no,pdf:pointofnoentry-telcastnetworkceasedesistletterfinaljms.pdf,(v) https://portal2.tracebacks.org/api/public/a 16 C.F.R. 11/16/2021 11/11/2021 9403498115 AutoWarrantyExtend ttachments/560748 310.4(b)(1)(v) https://portal2.tracebacks.
+15419377770,+1 (541) 937-7770,AutoWarrantyExtend t,1,1,0,no,pdf:pointofnoentry-telcastnetworkceasedesistletterfinaljms.pdf,(v) https://portal2.tracebacks.org/api/public/a 16 C.F.R. 11/16/2021 11/11/2021 5419377770 AutoWarrantyExtend ttachments/560754 310.4(b)(1)(v) https://portal2.tracebacks.
+18453860945,+1 (845) 386-0945,Solar-EnergyAdvocates t,1,1,0,no,pdf:pointofnoentry-telcastnetworkceasedesistletterfinaljms.pdf,1)(v) https://portal2.tracebacks.org/api/public/a 16 C.F.R. 9/19/2021 9/13/2021 8453860945 Solar-EnergyAdvocates ttachments/447377 310.4(b)(1)(v) https://portal2.tracebac
+15752169376,+1 (575) 216-9376,Solar-EnergyAdvocates t,1,1,0,no,pdf:pointofnoentry-telcastnetworkceasedesistletterfinaljms.pdf,1)(v) https://portal2.tracebacks.org/api/public/a 16 C.F.R. 9/17/2021 9/13/2021 5752169376 Solar-EnergyAdvocates ttachments/447375 310.4(b)(1)(v) https://portal2.tracebac
+16015944925,+1 (601) 594-4925,SSA-P1-TexasFraud (GovtImpers) t,1,1,0,no,pdf:pointofnoentry-telcastnetworkceasedesistletterfinaljms.pdf,1)(v) https://portal2.tracebacks.org/api/public/a 16 C.F.R. 3/13/2021 3/11/2021 6015944925 SSA-P1-TexasFraud (GovtImpers) ttachments/66151 310.4(b)(1)(v) https://portal2.
+12527134705,+1 (252) 713-4705,AutoWarranty-ExtendOrReinst t,1,1,0,no,pdf:pointofnoentry-telcastnetworkceasedesistletterfinaljms.pdf,(1)(v) https://portal2.tracebacks.org/api/public/a 16 C.F.R. 3/11/2021 3/9/2021 2527134705 AutoWarranty-ExtendOrReinst ttachments/65173 310.4(b)(1)(v) https://portal2.tra
+19144606078,+1 (914) 460-6078,AutoWarranty-ExtendOrReinst t,1,1,0,no,pdf:pointofnoentry-telcastnetworkceasedesistletterfinaljms.pdf,(1)(v) https://portal2.tracebacks.org/api/public/a 16 C.F.R. 3/10/2021 3/9/2021 9144606078 AutoWarranty-ExtendOrReinst ttachments/65171 310.4(b)(1)(v) https://portal2.tra
+13474737164,+1 (347) 473-7164,AutoWarranty-ExtendOrReinst t,1,1,0,no,pdf:pointofnoentry-telcastnetworkceasedesistletterfinaljms.pdf,)(1)(v) https://portal2.tracebacks.org/api/public/a 16 C.F.R. 3/5/2021 3/4/2021 3474737164 AutoWarranty-ExtendOrReinst ttachments/64023 310.4(b)(1)(v)
+14092694582,+1 (409) 269-4582,StudentLoan-ProcessingCenter,1,1,0,no,pdf:pointofnoentry-telcentrisceasedesistletterfinaljms.pdf,tion https://portal2.tracebacks.org/api/public/ 16 C.F.R. 12/21/2022 12/20/2022 4092694582 StudentLoan-ProcessingCenter attachments/1183779 310.4(b)(1)(v) https://portal2
+12293548990,+1 (229) 354-8990,StudentLoan-ProcessingCenter,1,1,0,no,pdf:pointofnoentry-telcentrisceasedesistletterfinaljms.pdf,)(v) https://portal2.tracebacks.org/api/public/ 16 C.F.R. 12/21/2022 12/20/2022 2293548990 StudentLoan-ProcessingCenter attachments/1183793 310.4(b)(1)(v) https://portal2
+12038886127,+1 (203) 888-6127,Utility-30MinDisconnect,1,1,0,no,pdf:pointofnoentry-telcentrisceasedesistletterfinaljms.pdf,)(v) https://portal2.tracebacks.org/api/public/ 16 C.F.R. 10/27/2022 10/26/2022 2038886127 Utility-30MinDisconnect attachments/1100694 310.4(b)(1)(v) https://portal2.trac
+16143009785,+1 (614) 300-9785,Utility-30MinDisconnect,1,1,0,no,pdf:pointofnoentry-telcentrisceasedesistletterfinaljms.pdf,)(v) https://portal2.tracebacks.org/api/public/ 16 C.F.R. 10/27/2022 10/26/2022 6143009785 Utility-30MinDisconnect attachments/1100697 310.4(b)(1)(v) https://portal2.trac
+13262225019,+1 (326) 222-5019,SSA-Suspended,1,1,0,no,pdf:pointofnoentry-telcentrisceasedesistletterfinaljms.pdf,(1)(v) https://portal2.tracebacks.org/api/public/ 16 C.F.R. 7/27/2022 7/26/2022 3262225019 SSA-Suspended attachments/974385 310.4(b)(1)(v) https://portal2.tracebacks.org/
+15205270501,+1 (520) 527-0501,SSA-Suspended,1,1,0,no,pdf:pointofnoentry-telcentrisceasedesistletterfinaljms.pdf,(1)(v) https://portal2.tracebacks.org/api/public/ 16 C.F.R. 7/27/2022 7/26/2022 5205270501 SSA-Suspended attachments/974387 310.4(b)(1)(v) https://portal2.tracebacks.org/
+18033881517,+1 (803) 388-1517,SSA-Suspended,1,1,0,no,pdf:pointofnoentry-telcentrisceasedesistletterfinaljms.pdf,)(1)(v) https://portal2.tracebacks.org/api/public/ 16 C.F.R. 2/17/2022 2/5/2022 8033881517 SSA-Suspended attachments/688077 310.4(b)(1)(v) https://portal2.tracebacks.org/
+16157665214,+1 (615) 766-5214,CCIRR-VisaAlert,1,1,0,no,pdf:pointofnoentry-telcentrisceasedesistletterfinaljms.pdf,(1)(v) https://portal2.tracebacks.org/api/public/ 16 C.F.R. 12/3/2021 12/2/2021 6157665214 CCIRR-VisaAlert attachments/579548 310.4(b)(1)(v) https://portal2.tracebacks.or
+14845785720,+1 (484) 578-5720,Amazon-AuthorizeOrder,1,1,0,no,pdf:pointofnoentry-telcentrisceasedesistletterfinaljms.pdf,)(v) https://portal2.tracebacks.org/api/public/ 16 C.F.R. 11/19/2021 11/18/2021 4845785720 Amazon-AuthorizeOrder attachments/565718 310.4(b)(1)(v) https://portal2.traceba
+18168881463,+1 (816) 888-1463,Utility-30MinDisconnect,1,1,0,no,pdf:pointofnoentry-telcentrisceasedesistletterfinaljms.pdf,)(v) https://portal2.tracebacks.org/api/public/ 16 C.F.R. 10/15/2021 10/14/2021 8168881463 Utility-30MinDisconnect attachments/520019 310.4(b)(1)(v) https://portal2.trace
+18133353576,+1 (813) 335-3576,Utility-30MinDisconnect,1,1,0,no,pdf:pointofnoentry-telcentrisceasedesistletterfinaljms.pdf,)(v) https://portal2.tracebacks.org/api/public/ 16 C.F.R. 10/15/2021 10/14/2021 8133353576 Utility-30MinDisconnect attachments/520027 310.4(b)(1)(v) https://portal2.trace
+13053938506,+1 (305) 393-8506,Amazon-AuthorizeOrder,1,1,0,no,pdf:pointofnoentry-telcentrisceasedesistletterfinaljms.pdf,(1)(v) https://portal2.tracebacks.org/api/public/ 16 C.F.R. 10/8/2021 10/7/2021 3053938506 Amazon-AuthorizeOrder attachments/500486 310.4(b)(1)(v) https://portal2.traceba
+17024025555,+1 (702) 402-5555,Utility-30MinDisconnect,1,1,0,no,pdf:pointofnoentry-telcentrisceasedesistletterfinaljms.pdf,)(1)(v) https://portal2.tracebacks.org/api/public/ 16 C.F.R. 8/2/2021 7/31/2021 7024025555 Utility-30MinDisconnect attachments/314151 310.4(b)(1)(v) https://portal2.trace
+19107928296,+1 (910) 792-8296,Utility-30MinDisconnect,1,1,0,no,pdf:pointofnoentry-telcentrisceasedesistletterfinaljms.pdf,b)(1)(v) https://portal2.tracebacks.org/api/public/ 16 C.F.R. 3/9/2021 3/8/2021 9107928296 Utility-30MinDisconnect attachments/64732 310.4(b)(1)(v) https://portal2.traceb
+14088847419,+1 (408) 884-7419,Apple-iCloud-AccountBreached,1,1,0,no,pdf:pointofnoentry-telcentrisceasedesistletterfinaljms.pdf,(1)(v) https://portal2.tracebacks.org/api/public/ 16 C.F.R. 1/15/2021 1/15/2021 4088847419 Apple-iCloud-AccountBreached attachments/28354 310.4(b)(1)(v)
+13176195396,+1 (317) 619-5396,Amazon-SuspiciousCharge,1,1,0,no,pdf:pointofnoentry-telecomfirmcdletter.pdf,olation https://portal.tracebacks.org/api/public/ 16 C.F.R. 6/14/2022 6/11/2022 3176195396 Amazon-SuspiciousCharge attachments/892648 § 310.4(b)(1)(v) https://portal.trac
+18669758649,+1 (866) 975-8649,Discount-DirecTV50,1,1,0,no,pdf:pointofnoentry-telecomfirmcdletter.pdf,)(1)(v) https://portal.tracebacks.org/api/public/ 16 C.F.R. 5/25/2022 5/24/2022 8669758649 Discount-DirecTV50 attachments/872743 § 310.4(b)(1)(v) https://portal.traceback
+18883723371,+1 (888) 372-3371,Discount-DirecTV50,1,1,0,no,pdf:pointofnoentry-telecomfirmcdletter.pdf,)(1)(v) https://portal.tracebacks.org/api/public/ 16 C.F.R. 5/25/2022 5/24/2022 8883723371 Discount-DirecTV50 attachments/872731 § 310.4(b)(1)(v) https://portal.traceback
+14166592851,+1 (416) 659-2851,Amazon-SuspiciousCharge-P1,1,1,0,no,pdf:pointofnoentry-telecomfirmcdletter.pdf,b)(1)(v) https://portal.tracebacks.org/api/public/ 16 C.F.R. 5/17/2022 5/6/2022 4166592851 Amazon-SuspiciousCharge-P1 attachments/838915 § 310.4(b)(1)(v) https://portal.t
+13364586370,+1 (336) 458-6370,LegalDept-Action-P1,1,1,0,no,pdf:pointofnoentry-telecomfirmcdletter.pdf,b)(1)(v) https://portal.tracebacks.org/api/public/ 16 C.F.R. 5/12/2022 5/2/2022 3364586370 LegalDept-Action-P1 attachments/832645 § 310.4(b)(1)(v) https://portal.tracebac
+15877594998,+1 (587) 759-4998,Amazon-SuspiciousCharge-P1,1,1,0,no,pdf:pointofnoentry-telecomfirmcdletter.pdf,(b)(1)(v) https://portal.tracebacks.org/api/public/ 16 C.F.R. 5/9/2022 5/5/2022 5877594998 Amazon-SuspiciousCharge-P1 attachments/838935 § 310.4(b)(1)(v) https://portal.t
+13368596647,+1 (336) 859-6647,Amazon-SuspiciousCharge-P1,1,1,0,no,pdf:pointofnoentry-telecomfirmcdletter.pdf,(b)(1)(v) https://portal.tracebacks.org/api/public/ 16 C.F.R. 5/9/2022 5/7/2022 3368596647 Amazon-SuspiciousCharge-P1 attachments/838932 § 310.4(b)(1)(v) https://portal.t
+15877599703,+1 (587) 759-9703,Amazon-SuspiciousCharge-P1,1,1,0,no,pdf:pointofnoentry-telecomfirmcdletter.pdf,(b)(1)(v) https://portal.tracebacks.org/api/public/ 16 C.F.R. 5/9/2022 5/5/2022 5877599703 Amazon-SuspiciousCharge-P1 attachments/838927 § 310.4(b)(1)(v) https://portal.t
+19177790674,+1 (917) 779-0674,Legal-Consequences,1,1,0,no,pdf:pointofnoentry-telecomfirmcdletter.pdf,(b)(1)(v) https://portal.tracebacks.org/api/public/ 16 C.F.R. 5/6/2022 5/5/2022 9177790674 Legal-Consequences attachments/836686 § 310.4(b)(1)(v) https://portal.traceback
+18337532536,+1 (833) 753-2536,Amazon-SuspiciousCharge-P1,1,1,0,no,pdf:pointofnoentry-telecomfirmcdletter.pdf,)(1)(v) https://portal.tracebacks.org/api/public/ 16 C.F.R. 4/20/2022 4/19/2022 8337532536 Amazon-SuspiciousCharge-P1 attachments/817194 § 310.4(b)(1)(v) https://portal.t
+17033003964,+1 (703) 300-3964,Amazon-SuspiciousCharge-P1,1,1,0,no,pdf:pointofnoentry-telecomfirmcdletter.pdf,(b)(1)(v) https://portal.tracebacks.org/api/public/ 16 C.F.R. 4/8/2022 4/7/2022 7033003964 Amazon-SuspiciousCharge-P1 attachments/800137 § 310.4(b)(1)(v)
+12202003719,+1 (220) 200-3719,Administration Imposter,1,1,0,no,pdf:pointofnoentry-whisltelecomwarningletter_1.pdf,"y https://portal.tracebacks.org/api/public/ 16 C.F.R. Jan 11, 2022 Jan 10, 2022 2202003719 Administration Imposter attachments/630214 § 310.4(b)(1)(v) Social Security htt"
+18055104843,+1 (805) 510-4843,Administration Imposter,1,1,0,no,pdf:pointofnoentry-whisltelecomwarningletter_1.pdf,"y https://portal.tracebacks.org/api/public/ 16 C.F.R. Jan 11, 2022 Jan 10, 2022 8055104843 Administration Imposter attachments/630207 § 310.4(b)(1)(v) Social Security htt"
+17866997516,+1 (786) 699-7516,Administration Imposter,1,1,0,no,pdf:pointofnoentry-whisltelecomwarningletter_1.pdf,"y https://portal.tracebacks.org/api/public/ 16 C.F.R. Jan 11, 2022 Jan 10, 2022 7866997516 Administration Imposter attachments/630205 § 310.4(b)(1)(v) Social Security htt"
+12202003729,+1 (220) 200-3729,Administration Imposter,1,1,0,no,pdf:pointofnoentry-whisltelecomwarningletter_1.pdf,"y https://portal.tracebacks.org/api/public/ 16 C.F.R. Jan 11, 2022 Jan 10, 2022 2202003729 Administration Imposter attachments/630203 § 310.4(b)(1)(v) Social Security htt"
+12602504769,+1 (260) 250-4769,Administration Imposter,1,1,0,no,pdf:pointofnoentry-whisltelecomwarningletter_1.pdf,"y https://portal.tracebacks.org/api/public/ 16 C.F.R. Jan 11, 2022 Jan 10, 2022 2602504769 Administration Imposter attachments/630201 § 310.4(b)(1)(v) Social Security htt"
+12703985359,+1 (270) 398-5359,Administration Imposter,1,1,0,no,pdf:pointofnoentry-whisltelecomwarningletter_1.pdf,"y https://portal.tracebacks.org/api/public/ 16 C.F.R. Jan 11, 2022 Jan 10, 2022 2703985359 Administration Imposter attachments/630200 § 310.4(b)(1)(v) https://portal.trac"
+18029891890,+1 (802) 989-1890,Amazon Imposter,1,1,0,no,pdf:pointofnoentry-whisltelecomwarningletter_1.pdf,") https://portal.tracebacks.org/api/public/ 16 C.F.R. Dec 10, 2021 Dec 08, 2021 8029891890 Amazon Imposter attachments/591007 § 310.4(b)(1)(v) https://portal.tracebacks.o"
+16624580663,+1 (662) 458-0663,Amazon Imposter,1,1,0,no,pdf:pointofnoentry-whisltelecomwarningletter_1.pdf,") https://portal.tracebacks.org/api/public/ 16 C.F.R. Nov 19, 2021 Nov 17, 2021 6624580663 Amazon Imposter attachments/565712 § 310.4(b)(1)(v) Law Enforcement Agency http"
+15179305151,+1 (517) 930-5151,Imposter,1,1,0,no,pdf:pointofnoentry-whisltelecomwarningletter_1.pdf,"y https://portal.tracebacks.org/api/public/ 16 C.F.R. Nov 17, 2021 Nov 12, 2021 5179305151 Imposter attachments/562333 § 310.4(b)(1)(v) https://portal.tracebacks.org/api/"
+12087554189,+1 (208) 755-4189,Amazon Imposter,1,1,0,no,pdf:pointofnoentry-whisltelecomwarningletter_1.pdf,") https://portal.tracebacks.org/api/public/ 16 C.F.R. Nov 13, 2021 Nov 11, 2021 2087554189 Amazon Imposter attachments/557672 § 310.4(b)(1)(v) Social Security https://por"
+14016387563,+1 (401) 638-7563,Administration Imposter,1,1,0,no,pdf:pointofnoentry-whisltelecomwarningletter_1.pdf,"y https://portal.tracebacks.org/api/public/ 16 C.F.R. Oct 26, 2021 Oct 25, 2021 4016387563 Administration Imposter attachments/537352 § 310.4(b)(1)(v) Social Security htt"
+15732734473,+1 (573) 273-4473,Administration Imposter,1,1,0,no,pdf:pointofnoentry-whisltelecomwarningletter_1.pdf,"y https://portal.tracebacks.org/api/public/ 16 C.F.R. Oct 26, 2021 Oct 25, 2021 5732734473 Administration Imposter attachments/537344 § 310.4(b)(1)(v) Page 1 of 6 Social"
+17746668682,+1 (774) 666-8682,Administration Imposter,1,1,0,no,pdf:pointofnoentry-whisltelecomwarningletter_1.pdf,"y https://portal.tracebacks.org/api/public/ 16 C.F.R. Oct 26, 2021 Oct 25, 2021 7746668682 Administration Imposter attachments/537337 § 310.4(b)(1)(v) Social Security htt"
+14353953449,+1 (435) 395-3449,Administration Imposter,1,1,0,no,pdf:pointofnoentry-whisltelecomwarningletter_1.pdf,"y https://portal.tracebacks.org/api/public/ 16 C.F.R. Oct 26, 2021 Oct 25, 2021 4353953449 Administration Imposter attachments/537335 § 310.4(b)(1)(v) Social Security htt"
+14243100554,+1 (424) 310-0554,Administration Imposter,1,1,0,no,pdf:pointofnoentry-whisltelecomwarningletter_1.pdf,"y https://portal.tracebacks.org/api/public/ 16 C.F.R. Oct 26, 2021 Oct 25, 2021 4243100554 Administration Imposter attachments/537334 § 310.4(b)(1)(v) Social Security htt"
+14023134383,+1 (402) 313-4383,Administration Imposter,1,1,0,no,pdf:pointofnoentry-whisltelecomwarningletter_1.pdf,"y https://portal.tracebacks.org/api/public/ 16 C.F.R. Oct 26, 2021 Oct 25, 2021 4023134383 Administration Imposter attachments/537329 § 310.4(b)(1)(v) Social Security htt"
+14157044852,+1 (415) 704-4852,Administration Imposter,1,1,0,no,pdf:pointofnoentry-whisltelecomwarningletter_1.pdf,"y https://portal.tracebacks.org/api/public/ 16 C.F.R. Oct 26, 2021 Oct 25, 2021 4157044852 Administration Imposter attachments/537327 § 310.4(b)(1)(v) Social Security htt"
+15637238492,+1 (563) 723-8492,Administration Imposter,1,1,0,no,pdf:pointofnoentry-whisltelecomwarningletter_1.pdf,"y https://portal.tracebacks.org/api/public/ 16 C.F.R. Oct 26, 2021 Oct 25, 2021 5637238492 Administration Imposter attachments/537325 § 310.4(b)(1)(v) Law Enforcement Age"
+13157649785,+1 (315) 764-9785,Imposter,1,1,0,no,pdf:pointofnoentry-whisltelecomwarningletter_1.pdf,"y https://portal.tracebacks.org/api/public/ 16 C.F.R. Oct 19, 2021 Oct 18, 2021 3157649785 Imposter attachments/525244 § 310.4(b)(1)(v) https://portal.tracebacks.org/api/"
+15163961832,+1 (516) 396-1832,Legal Notice,1,1,0,no,pdf:pointofnoentry-whisltelecomwarningletter_1.pdf,") https://portal.tracebacks.org/api/public/ 16 C.F.R. Oct 19, 2021 Oct 18, 2021 5163961832 Legal Notice attachments/525243 § 310.4(b)(1)(v) https://portal.tracebacks.org/"
+16072944288,+1 (607) 294-4288,Legal Notice,1,1,0,no,pdf:pointofnoentry-whisltelecomwarningletter_1.pdf,") https://portal.tracebacks.org/api/public/ 16 C.F.R. Oct 19, 2021 Oct 18, 2021 6072944288 Legal Notice attachments/525236 § 310.4(b)(1)(v) https://portal.tracebacks.org/"
+12129166960,+1 (212) 916-6960,Legal Notice,1,1,0,no,pdf:pointofnoentry-whisltelecomwarningletter_1.pdf,") https://portal.tracebacks.org/api/public/ 16 C.F.R. Oct 19, 2021 Oct 18, 2021 2129166960 Legal Notice attachments/525229 § 310.4(b)(1)(v) https://portal.tracebacks.org/"
+19172637853,+1 (917) 263-7853,Legal Notice,1,1,0,no,pdf:pointofnoentry-whisltelecomwarningletter_1.pdf,") https://portal.tracebacks.org/api/public/ 16 C.F.R. Oct 20, 2021 Oct 18, 2021 9172637853 Legal Notice attachments/525225 § 310.4(b)(1)(v) https://portal.tracebacks.org/"
+13477731206,+1 (347) 773-1206,Legal Notice,1,1,0,no,pdf:pointofnoentry-whisltelecomwarningletter_1.pdf,") https://portal.tracebacks.org/api/public/ 16 C.F.R. Oct 19, 2021 Oct 18, 2021 3477731206 Legal Notice attachments/525220 § 310.4(b)(1)(v) Social Security https://portal"
+14243100580,+1 (424) 310-0580,Administration Imposter,1,1,0,no,pdf:pointofnoentry-whisltelecomwarningletter_1.pdf,"y https://portal.tracebacks.org/api/public/ 16 C.F.R. Oct 20, 2021 Oct 18, 2021 4243100580 Administration Imposter attachments/525153 § 310.4(b)(1)(v) Social Security htt"
+12088740451,+1 (208) 874-0451,Administration Imposter,1,1,0,no,pdf:pointofnoentry-whisltelecomwarningletter_1.pdf,"y https://portal.tracebacks.org/api/public/ 16 C.F.R. Oct 20, 2021 Oct 18, 2021 2088740451 Administration Imposter attachments/525151 § 310.4(b)(1)(v) Social Security htt"
+16787197941,+1 (678) 719-7941,Administration Imposter,1,1,0,no,pdf:pointofnoentry-whisltelecomwarningletter_1.pdf,"y https://portal.tracebacks.org/api/public/ 16 C.F.R. Oct 19, 2021 Oct 18, 2021 6787197941 Administration Imposter attachments/525149 § 310.4(b)(1)(v) Social Security htt"
+13602260071,+1 (360) 226-0071,Administration Imposter,1,1,0,no,pdf:pointofnoentry-whisltelecomwarningletter_1.pdf,"y https://portal.tracebacks.org/api/public/ 16 C.F.R. Oct 19, 2021 Oct 18, 2021 3602260071 Administration Imposter attachments/525147 § 310.4(b)(1)(v) Page 2 of 6 Social"
+19047855234,+1 (904) 785-5234,Administration Imposter,1,1,0,no,pdf:pointofnoentry-whisltelecomwarningletter_1.pdf,"y https://portal.tracebacks.org/api/public/ 16 C.F.R. Oct 19, 2021 Oct 18, 2021 9047855234 Administration Imposter attachments/525145 § 310.4(b)(1)(v) Social Security htt"
+18506048580,+1 (850) 604-8580,Administration Imposter,1,1,0,no,pdf:pointofnoentry-whisltelecomwarningletter_1.pdf,"y https://portal.tracebacks.org/api/public/ 16 C.F.R. Oct 19, 2021 Oct 18, 2021 8506048580 Administration Imposter attachments/525141 § 310.4(b)(1)(v) Social Security htt"
+19135381089,+1 (913) 538-1089,Administration Imposter,1,1,0,no,pdf:pointofnoentry-whisltelecomwarningletter_1.pdf,"y https://portal.tracebacks.org/api/public/ 16 C.F.R. Oct 19, 2021 Oct 18, 2021 9135381089 Administration Imposter attachments/525138 § 310.4(b)(1)(v) Social Security htt"
+19202913769,+1 (920) 291-3769,Administration Imposter,1,1,0,no,pdf:pointofnoentry-whisltelecomwarningletter_1.pdf,"y https://portal.tracebacks.org/api/public/ 16 C.F.R. Oct 19, 2021 Oct 18, 2021 9202913769 Administration Imposter attachments/525137 § 310.4(b)(1)(v) Social Security htt"
+13043640179,+1 (304) 364-0179,Administration Imposter,1,1,0,no,pdf:pointofnoentry-whisltelecomwarningletter_1.pdf,"y https://portal.tracebacks.org/api/public/ 16 C.F.R. Oct 19, 2021 Oct 18, 2021 3043640179 Administration Imposter attachments/525136 § 310.4(b)(1)(v) Social Security htt"
+17472471876,+1 (747) 247-1876,Administration Imposter,1,1,0,no,pdf:pointofnoentry-whisltelecomwarningletter_1.pdf,"y https://portal.tracebacks.org/api/public/ 16 C.F.R. Oct 19, 2021 Oct 18, 2021 7472471876 Administration Imposter attachments/525135 § 310.4(b)(1)(v) Social Security htt"
+14016387832,+1 (401) 638-7832,Administration Imposter,1,1,0,no,pdf:pointofnoentry-whisltelecomwarningletter_1.pdf,"y https://portal.tracebacks.org/api/public/ 16 C.F.R. Oct 19, 2021 Oct 18, 2021 4016387832 Administration Imposter attachments/525134 § 310.4(b)(1)(v) Social Security htt"
+15744983169,+1 (574) 498-3169,Administration Imposter,1,1,0,no,pdf:pointofnoentry-whisltelecomwarningletter_1.pdf,"y https://portal.tracebacks.org/api/public/ 16 C.F.R. Oct 19, 2021 Oct 18, 2021 5744983169 Administration Imposter attachments/525129 § 310.4(b)(1)(v) Social Security htt"
+15342204008,+1 (534) 220-4008,Administration Imposter,1,1,0,no,pdf:pointofnoentry-whisltelecomwarningletter_1.pdf,"y https://portal.tracebacks.org/api/public/ 16 C.F.R. Oct 19, 2021 Oct 18, 2021 5342204008 Administration Imposter attachments/525128 § 310.4(b)(1)(v) https://portal.trac"
+12075590807,+1 (207) 559-0807,Legal Notice,1,1,0,no,pdf:pointofnoentry-whisltelecomwarningletter_1.pdf,") https://portal.tracebacks.org/api/public/ 16 C.F.R. Oct 13, 2021 Oct 12, 2021 2075590807 Legal Notice attachments/509708 § 310.4(b)(1)(v) https://portal.tracebacks.org/"
+19287658601,+1 (928) 765-8601,Legal Notice,1,1,0,no,pdf:pointofnoentry-whisltelecomwarningletter_1.pdf,") https://portal.tracebacks.org/api/public/ 16 C.F.R. Oct 13, 2021 Oct 12, 2021 9287658601 Legal Notice attachments/509700 § 310.4(b)(1)(v) https://portal.tracebacks.org/"
+19186122118,+1 (918) 612-2118,Legal Notice,1,1,0,no,pdf:pointofnoentry-whisltelecomwarningletter_1.pdf,") https://portal.tracebacks.org/api/public/ 16 C.F.R. Oct 13, 2021 Oct 12, 2021 9186122118 Legal Notice attachments/509689 § 310.4(b)(1)(v) https://portal.tracebacks.org/"
+16094868234,+1 (609) 486-8234,Legal Notice,1,1,0,no,pdf:pointofnoentry-whisltelecomwarningletter_1.pdf,") https://portal.tracebacks.org/api/public/ 16 C.F.R. Oct 13, 2021 Oct 12, 2021 6094868234 Legal Notice attachments/509676 § 310.4(b)(1)(v) Social Security https://portal"
+12085375688,+1 (208) 537-5688,Administration Imposter,1,1,0,no,pdf:pointofnoentry-whisltelecomwarningletter_1.pdf,"y https://portal.tracebacks.org/api/public/ 16 C.F.R. Oct 13, 2021 Oct 12, 2021 2085375688 Administration Imposter attachments/509616 § 310.4(b)(1)(v) Page 3 of 6 Social"
+13854855272,+1 (385) 485-5272,Administration Imposter,1,1,0,no,pdf:pointofnoentry-whisltelecomwarningletter_1.pdf,"y https://portal.tracebacks.org/api/public/ 16 C.F.R. Oct 13, 2021 Oct 12, 2021 3854855272 Administration Imposter attachments/509614 § 310.4(b)(1)(v) Social Security htt"
+12194913486,+1 (219) 491-3486,Administration Imposter,1,1,0,no,pdf:pointofnoentry-whisltelecomwarningletter_1.pdf,"y https://portal.tracebacks.org/api/public/ 16 C.F.R. Oct 13, 2021 Oct 12, 2021 2194913486 Administration Imposter attachments/509610 § 310.4(b)(1)(v) Social Security htt"
+15342203955,+1 (534) 220-3955,Administration Imposter,1,1,0,no,pdf:pointofnoentry-whisltelecomwarningletter_1.pdf,"y https://portal.tracebacks.org/api/public/ 16 C.F.R. Oct 13, 2021 Oct 12, 2021 5342203955 Administration Imposter attachments/509608 § 310.4(b)(1)(v) Social Security htt"
+13365518603,+1 (336) 551-8603,Administration Imposter,1,1,0,no,pdf:pointofnoentry-whisltelecomwarningletter_1.pdf,"y https://portal.tracebacks.org/api/public/ 16 C.F.R. Oct 14, 2021 Oct 12, 2021 3365518603 Administration Imposter attachments/509603 § 310.4(b)(1)(v) Social Security htt"
+12085375515,+1 (208) 537-5515,Administration Imposter,1,1,0,no,pdf:pointofnoentry-whisltelecomwarningletter_1.pdf,"y https://portal.tracebacks.org/api/public/ 16 C.F.R. Oct 14, 2021 Oct 12, 2021 2085375515 Administration Imposter attachments/509601 § 310.4(b)(1)(v) Social Security htt"
+14172610959,+1 (417) 261-0959,Administration Imposter,1,1,0,no,pdf:pointofnoentry-whisltelecomwarningletter_1.pdf,"y https://portal.tracebacks.org/api/public/ 16 C.F.R. Oct 13, 2021 Oct 12, 2021 4172610959 Administration Imposter attachments/509600 § 310.4(b)(1)(v) Social Security htt"
+17472471870,+1 (747) 247-1870,Administration Imposter,1,1,0,no,pdf:pointofnoentry-whisltelecomwarningletter_1.pdf,"y https://portal.tracebacks.org/api/public/ 16 C.F.R. Oct 13, 2021 Oct 12, 2021 7472471870 Administration Imposter attachments/509598 § 310.4(b)(1)(v) Social Security htt"
+12088740441,+1 (208) 874-0441,Administration Imposter,1,1,0,no,pdf:pointofnoentry-whisltelecomwarningletter_1.pdf,"y https://portal.tracebacks.org/api/public/ 16 C.F.R. Oct 14, 2021 Oct 12, 2021 2088740441 Administration Imposter attachments/509597 § 310.4(b)(1)(v) Social Security htt"
+17866997233,+1 (786) 699-7233,Administration Imposter,1,1,0,no,pdf:pointofnoentry-whisltelecomwarningletter_1.pdf,"y https://portal.tracebacks.org/api/public/ 16 C.F.R. Oct 13, 2021 Oct 12, 2021 7866997233 Administration Imposter attachments/509596 § 310.4(b)(1)(v) Social Security htt"
+18564245007,+1 (856) 424-5007,Administration Imposter,1,1,0,no,pdf:pointofnoentry-whisltelecomwarningletter_1.pdf,"y https://portal.tracebacks.org/api/public/ 16 C.F.R. Sep 23, 2021 Sep 20, 2021 8564245007 Administration Imposter attachments/468425 § 310.4(b)(1)(v) Law Enforcement Age"
+13133809356,+1 (313) 380-9356,Imposter,1,1,0,no,pdf:pointofnoentry-whisltelecomwarningletter_1.pdf,"y https://portal.tracebacks.org/api/public/ 16 C.F.R. Sep 21, 2021 Sep 20, 2021 3133809356 Imposter attachments/463271 § 310.4(b)(1)(v) Law Enforcement Agency https://por"
+17742719929,+1 (774) 271-9929,Imposter,1,1,0,no,pdf:pointofnoentry-whisltelecomwarningletter_1.pdf,"y https://portal.tracebacks.org/api/public/ 16 C.F.R. Sep 21, 2021 Sep 20, 2021 7742719929 Imposter attachments/463267 § 310.4(b)(1)(v) Law Enforcement Agency https://por"
+14018961933,+1 (401) 896-1933,Imposter,1,1,0,no,pdf:pointofnoentry-whisltelecomwarningletter_1.pdf,"y https://portal.tracebacks.org/api/public/ 16 C.F.R. Sep 21, 2021 Sep 20, 2021 4018961933 Imposter attachments/463263 § 310.4(b)(1)(v) U.S. Customs and Border https://po"
+16095355399,+1 (609) 535-5399,Protection,1,1,0,no,pdf:pointofnoentry-whisltelecomwarningletter_1.pdf,"r https://portal.tracebacks.org/api/public/ 16 C.F.R. Sep 16, 2021 Sep 15, 2021 6095355399 Protection attachments/453396 § 310.4(b)(1)(v) Law Enforcement Agency https://p"
+12257721935,+1 (225) 772-1935,Imposter,1,1,0,no,pdf:pointofnoentry-whisltelecomwarningletter_1.pdf,"y https://portal.tracebacks.org/api/public/ 16 C.F.R. Sep 15, 2021 Sep 14, 2021 2257721935 Imposter attachments/450349 § 310.4(b)(1)(v) Social Security https://portal.tra"
+15054631701,+1 (505) 463-1701,Administration Imposter,1,1,0,no,pdf:pointofnoentry-whisltelecomwarningletter_1.pdf,"y https://portal.tracebacks.org/api/public/ 16 C.F.R. Sep 14, 2021 Sep 13, 2021 5054631701 Administration Imposter attachments/447428 § 310.4(b)(1)(v) Page 4 of 6 U.S. Cu"
+17755276085,+1 (775) 527-6085,Protection,1,1,0,no,pdf:pointofnoentry-whisltelecomwarningletter_1.pdf,"r https://portal.tracebacks.org/api/public/ 16 C.F.R. Sep 08, 2021 Sep 07, 2021 7755276085 Protection attachments/435069 § 310.4(b)(1)(v) Social Security https://portal.t"
+16467215156,+1 (646) 721-5156,Administration Imposter,1,1,0,no,pdf:pointofnoentry-whisltelecomwarningletter_1.pdf,"y https://portal.tracebacks.org/api/public/ 16 C.F.R. Sep 07, 2021 Sep 03, 2021 6467215156 Administration Imposter attachments/431124 § 310.4(b)(1)(v) Social Security htt"
+16313003174,+1 (631) 300-3174,Administration Imposter,1,1,0,no,pdf:pointofnoentry-whisltelecomwarningletter_1.pdf,"y https://portal.tracebacks.org/api/public/ 16 C.F.R. Sep 07, 2021 Sep 03, 2021 6313003174 Administration Imposter attachments/431119 § 310.4(b)(1)(v) Social Security htt"
+14795614248,+1 (479) 561-4248,Administration Imposter,1,1,0,no,pdf:pointofnoentry-whisltelecomwarningletter_1.pdf,"y https://portal.tracebacks.org/api/public/ 16 C.F.R. Sep 07, 2021 Sep 03, 2021 4795614248 Administration Imposter attachments/431117 § 310.4(b)(1)(v) Social Security htt"
+16419908786,+1 (641) 990-8786,Administration Imposter,1,1,0,no,pdf:pointofnoentry-whisltelecomwarningletter_1.pdf,"y https://portal.tracebacks.org/api/public/ 16 C.F.R. Sep 07, 2021 Sep 03, 2021 6419908786 Administration Imposter attachments/431112 § 310.4(b)(1)(v) Social Security htt"
+15083142606,+1 (508) 314-2606,Administration Imposter,1,1,0,no,pdf:pointofnoentry-whisltelecomwarningletter_1.pdf,"y https://portal.tracebacks.org/api/public/ 16 C.F.R. Sep 07, 2021 Sep 03, 2021 5083142606 Administration Imposter attachments/431108 § 310.4(b)(1)(v) Social Security htt"
+19722065922,+1 (972) 206-5922,Administration Imposter,1,1,0,no,pdf:pointofnoentry-whisltelecomwarningletter_1.pdf,"y https://portal.tracebacks.org/api/public/ 16 C.F.R. Aug 25, 2021 Aug 24, 2021 9722065922 Administration Imposter attachments/387225 § 310.4(b)(1)(v) Social Security htt"
+17135879280,+1 (713) 587-9280,Administration Imposter,1,1,0,no,pdf:pointofnoentry-whisltelecomwarningletter_1.pdf,"y https://portal.tracebacks.org/api/public/ 16 C.F.R. Aug 25, 2021 Aug 24, 2021 7135879280 Administration Imposter attachments/387224 § 310.4(b)(1)(v) U.S. Customs and Bo"
+19494277290,+1 (949) 427-7290,Protection,1,1,0,no,pdf:pointofnoentry-whisltelecomwarningletter_1.pdf,"r https://portal.tracebacks.org/api/public/ 16 C.F.R. Aug 09, 2021 Aug 07, 2021 9494277290 Protection attachments/334382 § 310.4(b)(1)(v) Social Security https://portal.t"
+16619127768,+1 (661) 912-7768,Administration Imposter,1,1,0,no,pdf:pointofnoentry-whisltelecomwarningletter_1.pdf,"y https://portal.tracebacks.org/api/public/ 16 C.F.R. Jul 30, 2021 Jul 28, 2021 6619127768 Administration Imposter attachments/310647 § 310.4(b)(1)(v) Credit Card Interes"
+15415348419,+1 (541) 534-8419,Reduction,1,1,0,no,pdf:pointofnoentry-whisltelecomwarningletter_1.pdf,"e https://portal.tracebacks.org/api/public/ 16 C.F.R. Jul 13, 2021 Jul 12, 2021 5415348419 Reduction attachments/274443 § 310.4(b)(1)(v) https://portal.tracebacks.org/api"
+17069815195,+1 (706) 981-5195,Auto Warranty,1,1,0,no,pdf:pointofnoentry-whisltelecomwarningletter_1.pdf,") https://portal.tracebacks.org/api/public/ 16 C.F.R. Jul 07, 2021 Jul 06, 2021 7069815195 Auto Warranty attachments/260545 § 310.4(b)(1)(v) https://portal.tracebacks.org"
+17175849868,+1 (717) 584-9868,Auto Warranty,1,1,0,no,pdf:pointofnoentry-whisltelecomwarningletter_1.pdf,") https://portal.tracebacks.org/api/public/ 16 C.F.R. Jul 07, 2021 Jul 06, 2021 7175849868 Auto Warranty attachments/260538 § 310.4(b)(1)(v) https://portal.tracebacks.org"
+19803521517,+1 (980) 352-1517,Auto Warranty,1,1,0,no,pdf:pointofnoentry-whisltelecomwarningletter_1.pdf,") https://portal.tracebacks.org/api/public/ 16 C.F.R. Jun 07, 2021 Jun 03, 2021 9803521517 Auto Warranty attachments/179188 § 310.4(b)(1)(v) Social Security https://porta"
+16156896773,+1 (615) 689-6773,Administration Imposter,1,1,0,no,pdf:pointofnoentry-whisltelecomwarningletter_1.pdf,"y https://portal.tracebacks.org/api/public/ 16 C.F.R. Jun 02, 2021 Jun 01, 2021 6156896773 Administration Imposter attachments/173845 § 310.4(b)(1)(v) https://portal.trac"
+19738321131,+1 (973) 832-1131,Auto Warranty,1,1,0,no,pdf:pointofnoentry-whisltelecomwarningletter_1.pdf,") https://portal.tracebacks.org/api/public/ 16 C.F.R. Apr 21, 2021 Apr 19, 2021 9738321131 Auto Warranty attachments/102406 § 310.4(b)(1)(v) Page 5 of 6 https://portal.tr"
+17044139318,+1 (704) 413-9318,Auto Warranty,1,1,0,no,pdf:pointofnoentry-whisltelecomwarningletter_1.pdf,"6 https://portal.tracebacks.org/api/public/ 16 C.F.R. Apr 06, 2021 Apr 05, 2021 7044139318 Auto Warranty attachments/90397 § 310.4(b)(1)(v) Credit Card Interest Rate http"
+13218638597,+1 (321) 863-8597,Reduction,1,1,0,no,pdf:pointofnoentry-whisltelecomwarningletter_1.pdf,"e https://portal.tracebacks.org/api/public/ 16 C.F.R. Mar 19, 2021 Mar 15, 2021 3218638597 Reduction attachments/67730 § 310.4(b)(1)(v) Social Security https://portal.tra"
+15126588569,+1 (512) 658-8569,Administration Imposter,1,1,0,no,pdf:pointofnoentry-whisltelecomwarningletter_1.pdf,"y https://portal.tracebacks.org/api/public/ 16 C.F.R. Mar 13, 2021 Mar 11, 2021 5126588569 Administration Imposter attachments/66148 § 310.4(b)(1)(v) Social Security http"
+13097389302,+1 (309) 738-9302,Administration Imposter,1,1,0,no,pdf:pointofnoentry-whisltelecomwarningletter_1.pdf,"y https://portal.tracebacks.org/api/public/ 16 C.F.R. Mar 12, 2021 Mar 11, 2021 3097389302 Administration Imposter attachments/66147 § 310.4(b)(1)(v) https://portal.trace"
+15719504950,+1 (571) 950-4950,Marriot Hotels Imposter,1,1,0,no,pdf:pointofnoentry-whisltelecomwarningletter_1.pdf,") https://portal.tracebacks.org/api/public/ 16 C.F.R. Mar 11, 2021 Jan 18, 2021 5719504950 Marriot Hotels Imposter attachments/65635 § 310.4(b)(1)(v) https://portal.trace"
+13304334630,+1 (330) 433-4630,Apple Imposter,1,1,0,no,pdf:pointofnoentry-whisltelecomwarningletter_1.pdf,") https://portal.tracebacks.org/api/public/ 16 C.F.R. Feb 24, 2021 Feb 22, 2021 3304334630 Apple Imposter attachments/60167 § 310.4(b)(1)(v) https://portal.tracebacks.org"
+18142679540,+1 (814) 267-9540,Apple Imposter,1,1,0,no,pdf:pointofnoentry-whisltelecomwarningletter_1.pdf,") https://portal.tracebacks.org/api/public/ 16 C.F.R. Feb 21, 2021 Feb 18, 2021 8142679540 Apple Imposter attachments/58891 § 310.4(b)(1)(v) https://portal.tracebacks.org"
+12525456725,+1 (252) 545-6725,Apple Imposter,1,1,0,no,pdf:pointofnoentry-whisltelecomwarningletter_1.pdf,") https://portal.tracebacks.org/api/public/ 16 C.F.R. Feb 17, 2021 Feb 16, 2021 2525456725 Apple Imposter attachments/57751 § 310.4(b)(1)(v) https://portal.tracebacks.org"
+15134070493,+1 (513) 407-0493,Stay Safe Stay Home,1,1,0,no,pdf:pointofnoentry-whisltelecomwarningletter_1.pdf,") https://portal.tracebacks.org/api/public/ 16 C.F.R. Jan 28, 2021 Jan 28, 2021 5134070493 Stay Safe Stay Home attachments/29205 § 310.4(b)(1)(v) Page 6 of 6"
+16012853780,+1 (601) 285-3780,Amazon-SuspiciousCharge-P1,1,1,0,no,pdf:range-telecom.pdf,iolation https://portal2.tracebacks.org/api/public/ 16 C.F.R. 7/7/2022 7/6/2022 6012853780 Amazon-SuspiciousCharge-P1 attachments/948016 310.4(b)(1)(v) https://portal2.tr
+18043770351,+1 (804) 377-0351,Travel-Brand-Impers,1,1,0,no,pdf:range-telecom.pdf,(1)(v) https://portal2.tracebacks.org/api/public/ 16 C.F.R. 4/22/2022 4/20/2022 8043770351 Travel-Brand-Impers attachments/819788 310.4(b)(1)(v) https://portal2.traceback
+15105887766,+1 (510) 588-7766,SSA-P2-Impers,1,1,0,no,pdf:range-telecom.pdf,b)(1)(v) https://portal2.tracebacks.org/api/public/ 16 C.F.R. 4/6/2022 4/5/2022 5105887766 SSA-P2-Impers attachments/797786 310.4(b)(1)(v) https://portal2.tracebacks.org/
+19302020008,+1 (930) 202-0008,SSA-P2-Impers,1,1,0,no,pdf:range-telecom.pdf,b)(1)(v) https://portal2.tracebacks.org/api/public/ 16 C.F.R. 4/6/2022 4/4/2022 9302020008 SSA-P2-Impers attachments/797787 310.4(b)(1)(v) https://portal2.tracebacks.org/
+19254884128,+1 (925) 488-4128,Travel-Brand-Impers,1,1,0,no,pdf:range-telecom.pdf,b)(1)(v) https://portal2.tracebacks.org/api/public/ 16 C.F.R. 3/8/2022 3/4/2022 9254884128 Travel-Brand-Impers attachments/735557 310.4(b)(1)(v) https://portal2.traceback
+16628783754,+1 (662) 878-3754,Amazon-AuthorizeOrder,1,1,0,no,pdf:range-telecom.pdf,(1)(v) https://portal2.tracebacks.org/api/public/ 16 C.F.R. 2/25/2022 2/21/2022 6628783754 Amazon-AuthorizeOrder attachments/707395 310.4(b)(1)(v) https://portal2.traceba
+15415686319,+1 (541) 568-6319,Amazon-AuthorizeOrder,1,1,0,no,pdf:range-telecom.pdf,(1)(v) https://portal2.tracebacks.org/api/public/ 16 C.F.R. 2/22/2022 2/21/2022 5415686319 Amazon-AuthorizeOrder attachments/707390 310.4(b)(1)(v) https://portal2.traceba
+16014142112,+1 (601) 414-2112,Amazon-AuthorizeOrder,1,1,0,no,pdf:range-telecom.pdf,(1)(v) https://portal2.tracebacks.org/api/public/ 16 C.F.R. 2/22/2022 2/20/2022 6014142112 Amazon-AuthorizeOrder attachments/707393 310.4(b)(1)(v) https://portal2.traceba
+14432459888,+1 (443) 245-9888,Amazon-AuthorizeOrder,1,1,0,no,pdf:range-telecom.pdf,(1)(v) https://portal2.tracebacks.org/api/public/ 16 C.F.R. 2/22/2022 2/21/2022 4432459888 Amazon-AuthorizeOrder attachments/707405 310.4(b)(1)(v) https://portal2.traceba
+17085942375,+1 (708) 594-2375,Amazon-AuthorizeOrder,1,1,0,no,pdf:range-telecom.pdf,(1)(v) https://portal2.tracebacks.org/api/public/ 16 C.F.R. 2/22/2022 2/21/2022 7085942375 Amazon-AuthorizeOrder attachments/707409 310.4(b)(1)(v) https://portal2.traceba
+15412552023,+1 (541) 255-2023,Amazon-AuthorizeOrder,1,1,0,no,pdf:range-telecom.pdf,)(1)(v) https://portal2.tracebacks.org/api/public/ 16 C.F.R. 2/11/2022 2/8/2022 5412552023 Amazon-AuthorizeOrder attachments/683852 310.4(b)(1)(v) https://portal2.traceba
+14422100660,+1 (442) 210-0660,Hotel-ComplimentaryStay,1,1,0,no,pdf:range-telecom.pdf,(1)(v) https://portal2.tracebacks.org/api/public/ 16 C.F.R. 11/8/2021 11/4/2021 4422100660 Hotel-ComplimentaryStay attachments/552355 310.4(b)(1)(v) https://portal2.trace
+16628349161,+1 (662) 834-9161,SSA-P1-TexasFraud (GovtImpers),1,1,0,no,pdf:range-telecom.pdf,)(v) https://portal2.tracebacks.org/api/public/ 16 C.F.R. 10/29/2021 10/28/2021 6628349161 SSA-P1-TexasFraud (GovtImpers) attachments/543058 310.4(b)(1)(v) https://portal
+18322190186,+1 (832) 219-0186,Amazon-AuthorizeOrder,1,1,0,no,pdf:range-telecom.pdf,(1)(v) https://portal2.tracebacks.org/api/public/ 16 C.F.R. 10/8/2021 10/7/2021 8322190186 Amazon-AuthorizeOrder attachments/500505 310.4(b)(1)(v) https://portal2.traceba
+16612499613,+1 (661) 249-9613,Amazon-AuthorizeOrder,1,1,0,no,pdf:range-telecom.pdf,(1)(v) https://portal2.tracebacks.org/api/public/ 16 C.F.R. 10/1/2021 9/30/2021 6612499613 Amazon-AuthorizeOrder attachments/487131 310.4(b)(1)(v) https://portal2.traceba
+13522838791,+1 (352) 283-8791,Amazon-AuthorizeOrder,1,1,0,no,pdf:range-telecom.pdf,(1)(v) https://portal2.tracebacks.org/api/public/ 16 C.F.R. 10/1/2021 9/30/2021 3522838791 Amazon-AuthorizeOrder attachments/487132 310.4(b)(1)(v) https://portal2.traceba
+15409157123,+1 (540) 915-7123,Legal-Enforcement-Notice,1,1,0,no,pdf:range-telecom.pdf,(1)(v) https://portal2.tracebacks.org/api/public/ 16 C.F.R. 9/14/2021 9/13/2021 5409157123 Legal-Enforcement-Notice attachments/447364 310.4(b)(1)(v) https://portal2.trac
+14132629840,+1 (413) 262-9840,Legal-Enforcement-Notice,1,1,0,no,pdf:range-telecom.pdf,b)(1)(v) https://portal2.tracebacks.org/api/public/ 16 C.F.R. 9/7/2021 9/6/2021 4132629840 Legal-Enforcement-Notice attachments/431173 310.4(b)(1)(v) https://portal2.trac
+13026047019,+1 (302) 604-7019,CreditCard-RateReduction,1,1,0,no,pdf:range-telecom.pdf,)(1)(v) https://portal2.tracebacks.org/api/public/ 16 C.F.R. 9/7/2021 8/31/2021 3026047019 CreditCard-RateReduction attachments/431193 310.4(b)(1)(v) https://portal2.trac
+18436972865,+1 (843) 697-2865,CreditCard-RateReduction,1,1,0,no,pdf:range-telecom.pdf,)(1)(v) https://portal2.tracebacks.org/api/public/ 16 C.F.R. 9/7/2021 8/31/2021 8436972865 CreditCard-RateReduction attachments/431198 310.4(b)(1)(v) https://portal2.trac
+14193096528,+1 (419) 309-6528,CreditCard-RateReduction,1,1,0,no,pdf:range-telecom.pdf,)(1)(v) https://portal2.tracebacks.org/api/public/ 16 C.F.R. 9/7/2021 8/31/2021 4193096528 CreditCard-RateReduction attachments/431203 310.4(b)(1)(v) https://portal2.trac
+18045108799,+1 (804) 510-8799,CreditCard-RateReduction,1,1,0,no,pdf:range-telecom.pdf,)(1)(v) https://portal2.tracebacks.org/api/public/ 16 C.F.R. 9/7/2021 8/30/2021 8045108799 CreditCard-RateReduction attachments/431210 310.4(b)(1)(v) https://portal2.trac
+16317556000,+1 (631) 755-6000,Utility-30MinDisconnect,1,1,0,no,pdf:range-telecom.pdf,(1)(v) https://portal2.tracebacks.org/api/public/ 16 C.F.R. 8/31/2021 8/28/2021 6317556000 Utility-30MinDisconnect attachments/409294 310.4(b)(1)(v) https://portal2.trace
+16052014668,+1 (605) 201-4668,CreditCard-ZeroInterest,1,1,0,no,pdf:range-telecom.pdf,)(1)(v) https://portal2.tracebacks.org/api/public/ 16 C.F.R. 8/6/2021 7/30/2021 6052014668 CreditCard-ZeroInterest attachments/314194 310.4(b)(1)(v) https://portal2.trace
+13372013793,+1 (337) 201-3793,CreditCard-ZeroInterest,1,1,0,no,pdf:range-telecom.pdf,)(1)(v) https://portal2.tracebacks.org/api/public/ 16 C.F.R. 8/4/2021 7/29/2021 3372013793 CreditCard-ZeroInterest attachments/318824 310.4(b)(1)(v) https://portal2.trace
+14234522072,+1 (423) 452-2072,CreditCard-ZeroInterest,1,1,0,no,pdf:range-telecom.pdf,)(1)(v) https://portal2.tracebacks.org/api/public/ 16 C.F.R. 8/2/2021 7/30/2021 4234522072 CreditCard-ZeroInterest attachments/314197 310.4(b)(1)(v) https://portal2.trace
+18472012276,+1 (847) 201-2276,CreditCard-ZeroInterest,1,1,0,no,pdf:range-telecom.pdf,)(1)(v) https://portal2.tracebacks.org/api/public/ 16 C.F.R. 8/2/2021 7/30/2021 8472012276 CreditCard-ZeroInterest attachments/314200 310.4(b)(1)(v) https://portal2.trace
+12123831435,+1 (212) 383-1435,CreditCard-ZeroInterest,1,1,0,no,pdf:range-telecom.pdf,)(1)(v) https://portal2.tracebacks.org/api/public/ 16 C.F.R. 8/2/2021 7/30/2021 2123831435 CreditCard-ZeroInterest attachments/314205 310.4(b)(1)(v) https://portal2.trace
+14109373474,+1 (410) 937-3474,CreditCard-ZeroInterest,1,1,0,no,pdf:range-telecom.pdf,(1)(v) https://portal2.tracebacks.org/api/public/ 16 C.F.R. 7/29/2021 7/26/2021 4109373474 CreditCard-ZeroInterest attachments/303960 310.4(b)(1)(v) https://portal2.trace
+16614285474,+1 (661) 428-5474,CreditCard-ZeroInterest,1,1,0,no,pdf:range-telecom.pdf,(1)(v) https://portal2.tracebacks.org/api/public/ 16 C.F.R. 7/28/2021 7/27/2021 6614285474 CreditCard-ZeroInterest attachments/303957 310.4(b)(1)(v) https://portal2.trace
+17029945502,+1 (702) 994-5502,CreditCard-ZeroInterest,1,1,0,no,pdf:range-telecom.pdf,(1)(v) https://portal2.tracebacks.org/api/public/ 16 C.F.R. 7/28/2021 7/26/2021 7029945502 CreditCard-ZeroInterest attachments/303964 310.4(b)(1)(v) https://portal2.trace
+13147063808,+1 (314) 706-3808,CreditCard-ZeroInterest,1,1,0,no,pdf:range-telecom.pdf,(1)(v) https://portal2.tracebacks.org/api/public/ 16 C.F.R. 7/28/2021 7/27/2021 3147063808 CreditCard-ZeroInterest attachments/303967 310.4(b)(1)(v) https://portal2.trace
+15152077273,+1 (515) 207-7273,Debt Reduction Services,1,1,0,no,pdf:range-telecom.pdf,(1)(v) https://portal2.tracebacks.org/api/public/ 16 C.F.R. 4/19/2021 3/31/2021 5152077273 Debt Reduction Services attachments/101127 310.4(b)(1)(v) https://portal2.trace
+12408024923,+1 (240) 802-4923,Utility-Discount,1,1,0,no,pdf:range-telecom.pdf,(1)(v) https://portal2.tracebacks.org/api/public/ 16 C.F.R. 3/29/2021 3/27/2021 2408024923 Utility-Discount attachments/80122 310.4(b)(1)(v) https://portal2.tracebacks.or
+14192854394,+1 (419) 285-4394,Utility-Discount,1,1,0,no,pdf:range-telecom.pdf,(1)(v) https://portal2.tracebacks.org/api/public/ 16 C.F.R. 3/29/2021 3/27/2021 4192854394 Utility-Discount attachments/80128 310.4(b)(1)(v) https://portal2.tracebacks.or
+12159104483,+1 (215) 910-4483,Utility-Discount,1,1,0,no,pdf:range-telecom.pdf,(1)(v) https://portal2.tracebacks.org/api/public/ 16 C.F.R. 3/25/2021 3/23/2021 2159104483 Utility-Discount attachments/73738 310.4(b)(1)(v) https://portal2.tracebacks.or
+17736757831,+1 (773) 675-7831,Utility-Discount,1,1,0,no,pdf:range-telecom.pdf,(1)(v) https://portal2.tracebacks.org/api/public/ 16 C.F.R. 3/22/2021 3/20/2021 7736757831 Utility-Discount attachments/70577 310.4(b)(1)(v) https://portal2.tracebacks.or
+17732452718,+1 (773) 245-2718,Utility-Discount,1,1,0,no,pdf:range-telecom.pdf,(1)(v) https://portal2.tracebacks.org/api/public/ 16 C.F.R. 3/22/2021 3/20/2021 7732452718 Utility-Discount attachments/70579 310.4(b)(1)(v) https://portal2.tracebacks.or
+17192802087,+1 (719) 280-2087,SSA-CalltheSSA,1,1,0,no,pdf:range-telecom.pdf,(1)(v) https://portal2.tracebacks.org/api/public/ 16 C.F.R. 2/24/2021 2/23/2021 7192802087 SSA-CalltheSSA attachments/60681 310.4(b)(1)(v) https://portal2.tracebacks.org/
+17323793698,+1 (732) 379-3698,Discount-Avail50%,1,1,0,no,pdf:range-telecom.pdf,(1)(v) https://portal2.tracebacks.org/api/public/ 16 C.F.R. 2/11/2021 2/10/2021 7323793698 Discount-Avail50% attachments/55640 310.4(b)(1)(v) https://portal2.tracebacks.o
+18033189661,+1 (803) 318-9661,Discount-Avail50%,1,1,0,no,pdf:range-telecom.pdf,(1)(v) https://portal2.tracebacks.org/api/public/ 16 C.F.R. 2/11/2021 2/10/2021 8033189661 Discount-Avail50% attachments/55641 310.4(b)(1)(v) https://portal2.tracebacks.o
+17085074219,+1 (708) 507-4219,Discount-Avail50%,1,1,0,no,pdf:range-telecom.pdf,(1)(v) https://portal2.tracebacks.org/api/public/ 16 C.F.R. 2/11/2021 2/10/2021 7085074219 Discount-Avail50% attachments/55642 310.4(b)(1)(v) https://portal2.tracebacks.o
+17704328876,+1 (770) 432-8876,StudentLoan-FederalSuspension,1,1,0,no,pdf:range-telecom.pdf,b)(1)(v) https://portal2.tracebacks.org/api/public/ 16 C.F.R. 1/9/2021 1/6/2021 7704328876 StudentLoan-FederalSuspension attachments/27775 310.4(b)(1)(v) https://portal2.
+13184488390,+1 (318) 448-8390,StudentLoan-FederalSuspension,1,1,0,no,pdf:range-telecom.pdf,b)(1)(v) https://portal2.tracebacks.org/api/public/ 16 C.F.R. 1/8/2021 1/6/2021 3184488390 StudentLoan-FederalSuspension attachments/27755 310.4(b)(1)(v)
+19547321969,+1 (954) 732-1969,BrandImpers-Order,1,1,0,no,pdf:WL-PointofNoEntry-TelcoCeaseandDesistLetterFINAL-JMS.pdf,ion https://portal.tracebacks.org/api/public/atta 16 C.F.R. 10/6/2023 10/4/2023 19547321969 BrandImpers-Order chments/1385446 § 310.4(b)(1)(v) https://portal.tracebacks.or
+19206146770,+1 (920) 614-6770,Debt-Elimination-P1,1,1,0,no,pdf:WL-PointofNoEntry-TelcoCeaseandDesistLetterFINAL-JMS.pdf,(v) https://portal.tracebacks.org/api/public/atta 16 C.F.R. 6/15/2023 6/12/2023 19206146770 Debt-Elimination-P1 chments/1330536 § 310.4(b)(1)(v) https://portal.tracebacks.
+13462568550,+1 (346) 256-8550,Debt-Elimination-P1,1,1,0,no,pdf:WL-PointofNoEntry-TelcoCeaseandDesistLetterFINAL-JMS.pdf,)(v) https://portal.tracebacks.org/api/public/atta 16 C.F.R. 6/1/2023 5/31/2023 13462568550 Debt-Elimination-P1 chments/1326566 § 310.4(b)(1)(v) https://portal.tracebacks.
+15099753349,+1 (509) 975-3349,Amazon-AuthorizeOrder-P3,1,1,0,no,pdf:WL-PointofNoEntry-TelcoCeaseandDesistLetterFINAL-JMS.pdf,(v) https://portal.tracebacks.org/api/public/atta 16 C.F.R. 3/28/2023 3/24/2023 5099753349 Amazon-AuthorizeOrder-P3 chments/1263048 § 310.4(b)(1)(v) https://portal.traceb
+12293032330,+1 (229) 303-2330,CreditCard-DebtElimination,1,1,0,no,pdf:WL-PointofNoEntry-TelcoCeaseandDesistLetterFINAL-JMS.pdf,(v) https://portal.tracebacks.org/api/public/atta 16 C.F.R. 3/28/2023 3/24/2023 2293032330 CreditCard-DebtElimination chments/1263033 § 310.4(b)(1)(v) https://portal.trac
+12313853406,+1 (231) 385-3406,CreditCard-DebtElimination,1,1,0,no,pdf:WL-PointofNoEntry-TelcoCeaseandDesistLetterFINAL-JMS.pdf,(v) https://portal.tracebacks.org/api/public/atta 16 C.F.R. 2/14/2023 2/10/2023 2313853406 CreditCard-DebtElimination chments/1236940 § 310.4(b)(1)(v) https://portal.trac
+19362370726,+1 (936) 237-0726,Debt-Elimination,1,1,0,no,pdf:WL-PointofNoEntry-TelcoCeaseandDesistLetterFINAL-JMS.pdf,(v) https://portal.tracebacks.org/api/public/atta 16 C.F.R. 1/12/2023 1/10/2023 9362370726 Debt-Elimination chments/1204362 § 310.4(b)(1)(v) https://portal.tracebacks.org
+12108502730,+1 (210) 850-2730,Utility-30MinDisconnect,1,1,0,no,pdf:WL-PointofNoEntry-TelcoCeaseandDesistLetterFINAL-JMS.pdf,) https://portal.tracebacks.org/api/public/atta 16 C.F.R. 12/15/2022 12/13/2022 2108502730 Utility-30MinDisconnect chments/1175830 § 310.4(b)(1)(v) https://portal.traceba
+13155177692,+1 (315) 517-7692,StudentLoan-ProcessingCenter,1,1,0,no,pdf:WL-PointofNoEntry-TelcoCeaseandDesistLetterFINAL-JMS.pdf,) https://portal.tracebacks.org/api/public/atta 16 C.F.R. 11/16/2022 11/15/2022 3155177692 StudentLoan-ProcessingCenter chments/1134652 § 310.4(b)(1)(v) https://portal.tr
+18164509950,+1 (816) 450-9950,StudentLoan-ProcessingCenter,1,1,0,no,pdf:WL-PointofNoEntry-TelcoCeaseandDesistLetterFINAL-JMS.pdf,) https://portal.tracebacks.org/api/public/atta 16 C.F.R. 11/16/2022 11/15/2022 8164509950 StudentLoan-ProcessingCenter chments/1134649 § 310.4(b)(1)(v) https://portal.tr
+17255670052,+1 (725) 567-0052,StudentLoan-ProcessingCenter,1,1,0,no,pdf:WL-PointofNoEntry-TelcoCeaseandDesistLetterFINAL-JMS.pdf,) https://portal.tracebacks.org/api/public/atta 16 C.F.R. 11/16/2022 11/15/2022 7255670052 StudentLoan-ProcessingCenter chments/1134647 § 310.4(b)(1)(v) https://portal.tr
+17138326651,+1 (713) 832-6651,StudentLoan-ProcessingCenter,1,1,0,no,pdf:WL-PointofNoEntry-TelcoCeaseandDesistLetterFINAL-JMS.pdf,) https://portal.tracebacks.org/api/public/atta 16 C.F.R. 11/16/2022 11/15/2022 7138326651 StudentLoan-ProcessingCenter chments/1134643 § 310.4(b)(1)(v) https://portal.tr
+13613212934,+1 (361) 321-2934,StudentLoan-ProcessingCenter,1,1,0,no,pdf:WL-PointofNoEntry-TelcoCeaseandDesistLetterFINAL-JMS.pdf,) https://portal.tracebacks.org/api/public/atta 16 C.F.R. 11/16/2022 11/15/2022 3613212934 StudentLoan-ProcessingCenter chments/1134641 § 310.4(b)(1)(v) https://portal.tr
+14697263930,+1 (469) 726-3930,StudentLoan-ProcessingCenter,1,1,0,no,pdf:WL-PointofNoEntry-TelcoCeaseandDesistLetterFINAL-JMS.pdf,) https://portal.tracebacks.org/api/public/atta 16 C.F.R. 11/16/2022 11/16/2022 4697263930 StudentLoan-ProcessingCenter chments/1134639 § 310.4(b)(1)(v) https://portal.tr
+12056086875,+1 (205) 608-6875,StudentLoan-ProcessingCenter,1,1,0,no,pdf:WL-PointofNoEntry-TelcoCeaseandDesistLetterFINAL-JMS.pdf,) https://portal.tracebacks.org/api/public/atta 16 C.F.R. 11/16/2022 11/15/2022 2056086875 StudentLoan-ProcessingCenter chments/1134635 § 310.4(b)(1)(v) https://portal.tr
+16317015838,+1 (631) 701-5838,StudentLoan-ProcessingCenter,1,1,0,no,pdf:WL-PointofNoEntry-TelcoCeaseandDesistLetterFINAL-JMS.pdf,) https://portal.tracebacks.org/api/public/atta 16 C.F.R. 11/16/2022 11/15/2022 6317015838 StudentLoan-ProcessingCenter chments/1134633 § 310.4(b)(1)(v) https://portal.tr
+14809084233,+1 (480) 908-4233,StudentLoan-ProcessingCenter,1,1,0,no,pdf:WL-PointofNoEntry-TelcoCeaseandDesistLetterFINAL-JMS.pdf,) https://portal.tracebacks.org/api/public/atta 16 C.F.R. 11/16/2022 11/15/2022 4809084233 StudentLoan-ProcessingCenter chments/1134630 § 310.4(b)(1)(v) https://portal.tr
+18086465180,+1 (808) 646-5180,StudentLoan-ProcessingCenter,1,1,0,no,pdf:WL-PointofNoEntry-TelcoCeaseandDesistLetterFINAL-JMS.pdf,) https://portal.tracebacks.org/api/public/atta 16 C.F.R. 11/16/2022 11/15/2022 8086465180 StudentLoan-ProcessingCenter chments/1134626 § 310.4(b)(1)(v) https://portal.tr
+14133775175,+1 (413) 377-5175,StudentLoan-ProcessingCenter,1,1,0,no,pdf:WL-PointofNoEntry-TelcoCeaseandDesistLetterFINAL-JMS.pdf,) https://portal.tracebacks.org/api/public/atta 16 C.F.R. 11/16/2022 11/15/2022 4133775175 StudentLoan-ProcessingCenter chments/1134624 § 310.4(b)(1)(v) https://portal.tr
+16206307315,+1 (620) 630-7315,LegalDept-Action-P1,1,1,0,no,pdf:WL-PointofNoEntry-TelcoCeaseandDesistLetterFINAL-JMS.pdf,(v) https://portal.tracebacks.org/api/public/atta 16 C.F.R. 3/23/2022 3/21/2022 6206307315 LegalDept-Action-P1 chments/776712 § 310.4(b)(1)(v) https://portal.tracebacks.o
+17078020506,+1 (707) 802-0506,AutoWarranty-NationalDealerSvcs-P1,1,1,0,no,pdf:WL-PointofNoEntry-TelcoCeaseandDesistLetterFINAL-JMS.pdf,(v) https://portal.tracebacks.org/api/public/atta 16 C.F.R. 2/25/2022 2/23/2022 7078020506 AutoWarranty-NationalDealerSvcs-P1 chments/713550 § 310.4(b)(1)(v) https://port
+15028065757,+1 (502) 806-5757,CreditCard-DebtElimination,1,1,0,no,pdf:WL-PointofNoEntry-TelcoCeaseandDesistLetterFINAL-JMS.pdf,(v) https://portal.tracebacks.org/api/public/atta 16 C.F.R. 11/9/2021 11/4/2021 5028065757 CreditCard-DebtElimination chments/552425 § 310.4(b)(1)(v) https://portal.trace
+18175062754,+1 (817) 506-2754,AutoWarrantyExtend,1,1,0,no,pdf:WL-PointofNoEntry-TelcoCeaseandDesistLetterFINAL-JMS.pdf,(v) https://portal.tracebacks.org/api/public/atta 16 C.F.R. 11/8/2021 11/4/2021 8175062754 AutoWarrantyExtend chments/552282 § 310.4(b)(1)(v) https://portal.tracebacks.or
+15024808797,+1 (502) 480-8797,AutoWarranty-Extend2,1,1,0,no,pdf:WL-PointofNoEntry-TelcoCeaseandDesistLetterFINAL-JMS.pdf,) https://portal.tracebacks.org/api/public/atta 16 C.F.R. 10/22/2021 10/20/2021 5024808797 AutoWarranty-Extend2 chments/532475 § 310.4(b)(1)(v) https://portal.tracebacks.
+16203500559,+1 (620) 350-0559,CCIRR-VisaAlert,1,1,0,no,pdf:WL-PointofNoEntry-TelcoCeaseandDesistLetterFINAL-JMS.pdf,) https://portal.tracebacks.org/api/public/atta 16 C.F.R. 10/15/2021 10/14/2021 6203500559 CCIRR-VisaAlert chments/520141 § 310.4(b)(1)(v) https://portal.tracebacks.org/a
+17073812404,+1 (707) 381-2404,CCIRR-VisaAlert,1,1,0,no,pdf:WL-PointofNoEntry-TelcoCeaseandDesistLetterFINAL-JMS.pdf,(v) https://portal.tracebacks.org/api/public/atta 16 C.F.R. 9/24/2021 9/23/2021 7073812404 CCIRR-VisaAlert chments/471281 § 310.4(b)(1)(v) https://portal.tracebacks.org/a
+13604957077,+1 (360) 495-7077,CBP-GovtImpers,1,1,0,no,pdf:WL-PointofNoEntry-TelcoCeaseandDesistLetterFINAL-JMS.pdf,(v) https://portal.tracebacks.org/api/public/atta 16 C.F.R. 9/16/2021 9/15/2021 3604957077 CBP-GovtImpers chments/453402 § 310.4(b)(1)(v) 16 C.F.R. 9/7/2021 9/1/2021 3172
+13172334205,+1 (317) 233-4205,,1,1,0,no,pdf:WL-PointofNoEntry-TelcoCeaseandDesistLetterFINAL-JMS.pdf,7077 CBP-GovtImpers chments/453402 § 310.4(b)(1)(v) 16 C.F.R. 9/7/2021 9/1/2021 3172334205 SSA-P2-Arrest § 310.4(b)(1)(v) 16 C.F.R. 4/22/2021 4/19/2021 3862046641 AutoWar
+13862046641,+1 (386) 204-6641,,1,1,0,no,pdf:WL-PointofNoEntry-TelcoCeaseandDesistLetterFINAL-JMS.pdf,/1/2021 3172334205 SSA-P2-Arrest § 310.4(b)(1)(v) 16 C.F.R. 4/22/2021 4/19/2021 3862046641 AutoWarrantyExtend § 310.4(b)(1)(v) https://portal.tracebacks.org/api/public/at
+12812984824,+1 (281) 298-4824,SSA-Suspended,1,1,0,no,pdf:WL-PointofNoEntry-TelcoCeaseandDesistLetterFINAL-JMS.pdf,1)(v) https://portal.tracebacks.org/api/public/atta 16 C.F.R. 4/8/2021 4/7/2021 2812984824 SSA-Suspended chments/93967 § 310.4(b)(1)(v) https://portal.tracebacks.org/api/
+19853143945,+1 (985) 314-3945,tudentLoan-Forgiveness/Relief-Cente,1,1,0,no,pdf:WL-PointofNoEntry-TelcoCeaseandDesistLetterFINAL-JMS.pdf,1)(v) https://portal.tracebacks.org/api/public/atta 16 C.F.R. 4/8/2021 4/6/2021 9853143945 tudentLoan-Forgiveness/Relief-Cente chments/90417 § 310.4(b)(1)(v) https://port
+14087332204,+1 (408) 733-2204,SSA-Suspended,1,1,0,no,pdf:WL-PointofNoEntry-TelcoCeaseandDesistLetterFINAL-JMS.pdf,(v) https://portal.tracebacks.org/api/public/atta 16 C.F.R. 3/30/2021 3/24/2021 4087332204 SSA-Suspended chments/75919 § 310.4(b)(1)(v)
+14173812415,+1 (417) 381-2415,SSA-P1-TexasFraud (GovtImpers),1,1,0,no,pdf:WL-PointofNoEntry-TelecallCeaseandDesistLetterFINAL-JMS.pdf,) https://portal.tracebacks.org/api/public/atta 16 C.F.R. 10/29/2021 10/28/2021 4173812415 SSA-P1-TexasFraud (GovtImpers) chments/543063 § 310.4(b)(1)(v) https://portal.t
+16623968411,+1 (662) 396-8411,SSA-P1-TexasFraud (GovtImpers),1,1,0,no,pdf:WL-PointofNoEntry-TelecallCeaseandDesistLetterFINAL-JMS.pdf,) https://portal.tracebacks.org/api/public/atta 16 C.F.R. 10/29/2021 10/28/2021 6623968411 SSA-P1-TexasFraud (GovtImpers) chments/543057 § 310.4(b)(1)(v) https://portal.t
+18016515020,+1 (801) 651-5020,Legal-Enforcement-Notice,1,1,0,no,pdf:WL-PointofNoEntry-TelecallCeaseandDesistLetterFINAL-JMS.pdf,) https://portal.tracebacks.org/api/public/atta 16 C.F.R. 10/20/2021 10/19/2021 8016515020 Legal-Enforcement-Notice chments/527755 § 310.4(b)(1)(v) https://portal.traceba
+16015622489,+1 (601) 562-2489,Legal-Enforcement-Notice,1,1,0,no,pdf:WL-PointofNoEntry-TelecallCeaseandDesistLetterFINAL-JMS.pdf,) https://portal.tracebacks.org/api/public/atta 16 C.F.R. 10/20/2021 10/19/2021 6015622489 Legal-Enforcement-Notice chments/527748 § 310.4(b)(1)(v) https://portal.traceba
+12122053593,+1 (212) 205-3593,,1,1,0,no,pdf:WL-PointofNoEntry-TelecallCeaseandDesistLetterFINAL-JMS.pdf,00 CBP-GovtImpers chments/373798 § 310.4(b)(1)(v) 16 C.F.R. 8/13/2021 7/27/2021 2122053593 DHS-GovImpers-P2 § 310.4(b)(1)(v) https://portal.tracebacks.org/api/public/atta
+19378239920,+1 (937) 823-9920,Amazon-Acct On Hold,1,1,0,no,pdf:WL-PointofNoEntry-TelecallCeaseandDesistLetterFINAL-JMS.pdf,(v) https://portal.tracebacks.org/api/public/atta 16 C.F.R. 6/15/2021 6/10/2021 9378239920 Amazon-Acct On Hold chments/211222 § 310.4(b)(1)(v) https://portal.tracebacks.o
+19253217087,+1 (925) 321-7087,SSA-Suspended,1,1,0,no,pdf:WL-PointofNoEntry-TelecallCeaseandDesistLetterFINAL-JMS.pdf,1)(v) https://portal.tracebacks.org/api/public/atta 16 C.F.R. 6/9/2021 6/4/2021 9253217087 SSA-Suspended chments/183316 § 310.4(b)(1)(v) https://portal.tracebacks.org/api
+15868505084,+1 (586) 850-5084,SSA-Suspended,1,1,0,no,pdf:WL-PointofNoEntry-TelecallCeaseandDesistLetterFINAL-JMS.pdf,(v) https://portal.tracebacks.org/api/public/atta 16 C.F.R. 5/24/2021 4/23/2021 5868505084 SSA-Suspended chments/111631 § 310.4(b)(1)(v) https://portal.tracebacks.org/api
+14432695764,+1 (443) 269-5764,SSA-Suspended,1,1,0,no,pdf:WL-PointofNoEntry-TelecallCeaseandDesistLetterFINAL-JMS.pdf,)(v) https://portal.tracebacks.org/api/public/atta 16 C.F.R. 4/27/2021 4/2/2021 4432695764 SSA-Suspended chments/88360 § 310.4(b)(1)(v) https://portal.tracebacks.org/api/
+13473225270,+1 (347) 322-5270,Apple-iCloud-AccountBreached,1,1,0,no,pdf:WL-PointofNoEntry-TelecallCeaseandDesistLetterFINAL-JMS.pdf,(v) https://portal.tracebacks.org/api/public/atta 16 C.F.R. 3/19/2021 3/18/2021 3473225270 Apple-iCloud-AccountBreached chments/69471 § 310.4(b)(1)(v) https://portal.trac
+19725221780,+1 (972) 522-1780,Apple-iCloud-AccountBreached,1,1,0,no,pdf:WL-PointofNoEntry-TelecallCeaseandDesistLetterFINAL-JMS.pdf,1)(v) https://portal.tracebacks.org/api/public/atta 16 C.F.R. 3/2/2021 3/1/2021 9725221780 Apple-iCloud-AccountBreached chments/62996 § 310.4(b)(1)(v) https://portal.trac
+19172077636,+1 (917) 207-7636,SSA-CalltheSSA,1,1,0,no,pdf:WL-PointofNoEntry-TelecallCeaseandDesistLetterFINAL-JMS.pdf,(v) https://portal.tracebacks.org/api/public/atta 16 C.F.R. 2/11/2021 2/10/2021 9172077636 SSA-CalltheSSA chments/55580 § 310.4(b)(1)(v) https://portal.tracebacks.org/api
+18442641142,+1 (844) 264-1142,,1,0,1,no,transcript:audio-wav-16khz/1208904_normalized.wav,"s qualified for 50% off. In order to avail the discount, kindly call us back at 844-264-1142 from 8 a.m. to 5 p.m. Pacific Standard Time. Thank you, and have a great day."
+18447080761,+1 (844) 708-0761,,1,0,1,no,transcript:audio-wav-16khz/1187854_normalized.wav,"s qualified for 50% off. In order to avail the discount, kindly call us back at 844-708-0761 from 8 a.m. to 5 p.m. Pacific Standard Time. Thank you, and have a great day."
+18442352910,+1 (844) 235-2910,,1,0,1,no,transcript:audio-wav-16khz/961432_normalized.wav,"s qualified for 50% off. In order to avail the discount, kindly call us back at 844-235-2910 from 8 a.m. to 5 p.m. Pacific Standard Time. Thank you and have a great day."
+18552954219,+1 (855) 295-4219,,1,0,1,no,transcript:audio-wav-16khz/368913_normalized.wav,ry limited time to enroll into the program. So give me a call back. My phone is 855-295-4219. I would call soon so you don't miss the cutoff. Talk to you soon.
+14133057511,+1 (413) 305-7511,,1,0,1,no,transcript:audio-wav-16khz/447432_normalized.wav,"iest possible on our number before we begin with the legal proceedings that is, 413-305-7511. Thank you."
+18336895446,+1 (833) 689-5446,,1,0,1,no,transcript:audio-wav-16khz/1208916_normalized.wav,"s qualified for 50% off. In order to avail the discount, kindly call us back at 833-689-5446 from 8 a.m. to 5 p.m. Pacific Standard Time. Thank you, and have a great day."
+18773211310,+1 (877) 321-1310,,1,0,1,no,transcript:audio-wav-16khz/872738_normalized.wav,"s qualified for 50% off. In order to avail the discount, kindly call us back at 877-321-1310 from 8am to 5pm Pacific Standard Time. Thank you, and have a great day!"
+18332650393,+1 (833) 265-0393,,1,0,1,no,transcript:audio-wav-16khz/872739_normalized.wav,"s qualified for 50% off. In order to avail the discount, kindly call us back at 833-265-0393 from 8am to 5pm Pacific Standard Time. Thank you and have a great day. Thank yo"
+13322233573,+1 (332) 223-3573,,1,0,1,no,transcript:audio-wav-16khz/447428_normalized.wav,liest possible on our number before we begin with the legal proceedings that is 332-223-3573. Thank you.
+18445702132,+1 (844) 570-2132,,1,0,1,no,transcript:audio-wav-16khz/841754_normalized.wav,"s qualified for 50% off. In order to avail the discount, kindly call us back at 844-570-2132 from 8 a.m. till 9 p.m. Pacific Standard Time. Thank you and have a great day!"
+18332224207,+1 (833) 222-4207,,1,0,1,no,transcript:audio-wav-16khz/961450_normalized.wav,"s qualified for 50% off. In order to avail the discount, kindly call us back at 833-222-4207 from 8 a.m. to 5 p.m. Pacific Standard Time. Thank you and have a great day."
+13176313613,+1 (317) 631-3613,,1,0,1,no,transcript:audio-wav-16khz/537337_normalized.wav,liest possible on our number before we begin with the legal proceeding. That is 317-631-3613. Thank you.
+18889596527,+1 (888) 959-6527,,1,0,1,no,transcript:audio-wav-16khz/841758_normalized.wav,"s qualified for 50% off. In order to avail the discount, kindly call us back at 888-959-6527 from 8 a.m. till 9 p.m. Pacific Standard Time. Thank you and have a great day!"
+18554594275,+1 (855) 459-4275,,1,0,1,no,transcript:audio-wav-16khz/841764_normalized.wav,"s qualified for 50% off. In order to avail the discount, kindly call us back at 855-459-4275 from 9 a.m. to 2 p.m. Pacific Standard Time. Thank you and have a great day."
+18883760048,+1 (888) 376-0048,,1,0,1,no,transcript:audio-wav-16khz/1208917_normalized.wav,"s qualified for 50% off. In order to avail the discount, kindly call us back at 888-376-0048 from 8 a.m. to 5 p.m. Pacific Standard Time. Thank you, and have a great day."
+18442049279,+1 (844) 204-9279,,1,0,1,no,transcript:audio-wav-16khz/57751_normalized.wav,"this message again, or if you wish to contact us later, please call us back on 8442049279. Thank you."
+18003508220,+1 (800) 350-8220,,1,0,1,no,transcript:audio-wav-16khz/1132273_normalized.wav,"Hey, it's Elizabeth with Student Advisor. My number is 800-350-8220. I'm just giving you a call in regards to your school loans. I do have you pre-"
+19517294257,+1 (951) 729-4257,,1,0,1,no,transcript:audio-wav-16khz/1132273_normalized.wav,"m you soon, and have a great day. To opt out or decline assistance, please call 951-729-4257."
+18447000691,+1 (844) 700-0691,,1,0,1,no,transcript:audio-wav-16khz/915213_normalized.wav,"s qualified for 50% off. In order to avail the discount, kindly call us back at 844-700-0691 from 8am to 5pm Pacific Standard Time. Thank you and have a great day."
+19302901397,+1 (930) 290-1397,,1,0,1,no,transcript:audio-wav-16khz/29350_normalized.wav,"ith the earliest possible number for legal proceedings, that is 5302901697, IEP 9302901397. Thank you."
+12162633413,+1 (216) 263-3413,,31,31,0,yes,pdf:pointofnoentry-acrobatceasedesistletter.pdf,"ny inquiries regarding this letter to Mr. de Banate by email or by telephone at 216.263.3413. Sincerely, ___________________ Jon Miller Steiger Director Enclosures: Attachm"
+12162633455,+1 (216) 263-3455,,17,17,0,yes,pdf:pointofnoentry-acrobatceasedesistletter.pdf,"11 Superior Avenue, Suite 200 Jon Miller Steiger Cleveland, Ohio 44114 Director (216) 263-3455 November 27, 2023 CEASE AND DESIST DEMAND VIA EMAIL TO: dflanagan@nrai.com Acro"
+12162633419,+1 (216) 263-3419,,10,10,0,yes,pdf:pointofnoentry-businesstelecomceasedesistletterfinaljms.pdf,"ter to Mr. de Banate and Mr. Capece by email or by telephone at 216.263.3413 or 216.263.3419. Sincerely, JONATHA Digitally signed by JONATHAN STEIGER N STEIGER Date: 2023.0"
